fileName,開催日,会議名,役職,氏名(正規化),議員ID
R050227B04,令和 5年 2月27日,令和 5年議会運営委員会（ 2月27日）,委員長,迫川高行,M009
R050227B04,令和 5年 2月27日,令和 5年議会運営委員会（ 2月27日）,委員,川端宏明,M006
R050227B04,令和 5年 2月27日,令和 5年議会運営委員会（ 2月27日）,副委員長,島津明香,M011
R050227B04,令和 5年 2月27日,令和 5年議会運営委員会（ 2月27日）,委員,大西由紀,M005
R050227B04,令和 5年 2月27日,令和 5年議会運営委員会（ 2月27日）,委員,山田光昭,M018
R050227B04,令和 5年 2月27日,令和 5年議会運営委員会（ 2月27日）,委員,北野誠一郎,M007
R050227B04,令和 5年 2月27日,令和 5年議会運営委員会（ 2月27日）,委員,石崎徹,M001
R050227B04,令和 5年 2月27日,令和 5年議会運営委員会（ 2月27日）,議長,今竹大祐,M003
R050227B04,令和 5年 2月27日,令和 5年議会運営委員会（ 2月27日）,副議長,鷹尾治久,M013
R050228B01,令和 5年 2月28日,令和 5年総務常任委員会（ 2月28日）,委員長,島津明香,M011
R050228B01,令和 5年 2月28日,令和 5年総務常任委員会（ 2月28日）,委員,川端宏明,M006
R050228B01,令和 5年 2月28日,令和 5年総務常任委員会（ 2月28日）,副委員長,山田光昭,M018
R050228B01,令和 5年 2月28日,令和 5年総務常任委員会（ 2月28日）,委員,迫川高行,M009
R050228B01,令和 5年 2月28日,令和 5年総務常任委員会（ 2月28日）,委員,鷹尾治久,M013
R050228B01,令和 5年 2月28日,令和 5年総務常任委員会（ 2月28日）,委員,横田英樹,M019
R050228B02,令和 5年 2月28日,令和 5年文教厚生常任委員会（ 2月28日）,委員長,石崎徹,M001
R050228B02,令和 5年 2月28日,令和 5年文教厚生常任委員会（ 2月28日）,委員,春増勝利,M014
R050228B02,令和 5年 2月28日,令和 5年文教厚生常任委員会（ 2月28日）,副委員長,岩見明,M004
R050228B02,令和 5年 2月28日,令和 5年文教厚生常任委員会（ 2月28日）,委員,大西由紀,M005
R050228B02,令和 5年 2月28日,令和 5年文教厚生常任委員会（ 2月28日）,委員,今竹大祐,M003
R050228B03,令和 5年 2月28日,令和 5年建設環境経済常任委員会（ 2月28日）,委員長,森秀樹,M017
R050228B03,令和 5年 2月28日,令和 5年建設環境経済常任委員会（ 2月28日）,委員,松野優也,M016
R050228B03,令和 5年 2月28日,令和 5年建設環境経済常任委員会（ 2月28日）,副委員長,芝本鎮彰,M010
R050228B03,令和 5年 2月28日,令和 5年建設環境経済常任委員会（ 2月28日）,委員,藤森誠,M015
R050228B03,令和 5年 2月28日,令和 5年建設環境経済常任委員会（ 2月28日）,委員,入江啓太,M002
R050228B03,令和 5年 2月28日,令和 5年建設環境経済常任委員会（ 2月28日）,委員,北野誠一郎,M007
R050228B03,令和 5年 2月28日,令和 5年建設環境経済常任委員会（ 2月28日）,委員,坂本まり,M008
R050301B01,令和 5年 3月 1日,令和 5年総務常任委員会（ 3月 1日）,委員長,島津明香,M011
R050301B01,令和 5年 3月 1日,令和 5年総務常任委員会（ 3月 1日）,委員,川端宏明,M006
R050301B01,令和 5年 3月 1日,令和 5年総務常任委員会（ 3月 1日）,副委員長,山田光昭,M018
R050301B01,令和 5年 3月 1日,令和 5年総務常任委員会（ 3月 1日）,委員,迫川高行,M009
R050301B01,令和 5年 3月 1日,令和 5年総務常任委員会（ 3月 1日）,委員,鷹尾治久,M013
R050301B01,令和 5年 3月 1日,令和 5年総務常任委員会（ 3月 1日）,委員,横田英樹,M019
R050301B04,令和 5年 3月 1日,令和 5年議会運営委員会（ 3月 1日）,委員長,迫川高行,M009
R050301B04,令和 5年 3月 1日,令和 5年議会運営委員会（ 3月 1日）,委員,川端宏明,M006
R050301B04,令和 5年 3月 1日,令和 5年議会運営委員会（ 3月 1日）,副委員長,島津明香,M011
R050301B04,令和 5年 3月 1日,令和 5年議会運営委員会（ 3月 1日）,委員,大西由紀,M005
R050301B04,令和 5年 3月 1日,令和 5年議会運営委員会（ 3月 1日）,委員,山田光昭,M018
R050301B04,令和 5年 3月 1日,令和 5年議会運営委員会（ 3月 1日）,委員,北野誠一郎,M007
R050301B04,令和 5年 3月 1日,令和 5年議会運営委員会（ 3月 1日）,委員,石崎徹,M001
R050301B04,令和 5年 3月 1日,令和 5年議会運営委員会（ 3月 1日）,議長,今竹大祐,M003
R050301B04,令和 5年 3月 1日,令和 5年議会運営委員会（ 3月 1日）,副議長,鷹尾治久,M013
R050301B06,令和 5年 3月 1日,令和 5年高砂市民病院経営改善対策特別委員会（ 3月 1日）,委員長,鈴木利信,M012
R050301B06,令和 5年 3月 1日,令和 5年高砂市民病院経営改善対策特別委員会（ 3月 1日）,委員,芝本鎮彰,M010
R050301B06,令和 5年 3月 1日,令和 5年高砂市民病院経営改善対策特別委員会（ 3月 1日）,副委員長,岩見明,M004
R050301B06,令和 5年 3月 1日,令和 5年高砂市民病院経営改善対策特別委員会（ 3月 1日）,委員,森秀樹,M017
R050301B06,令和 5年 3月 1日,令和 5年高砂市民病院経営改善対策特別委員会（ 3月 1日）,委員,坂本まり,M008
R050301B06,令和 5年 3月 1日,令和 5年高砂市民病院経営改善対策特別委員会（ 3月 1日）,委員,大西由紀,M005
R050301B06,令和 5年 3月 1日,令和 5年高砂市民病院経営改善対策特別委員会（ 3月 1日）,委員,松野優也,M016
R050310B04,令和 5年 3月10日,令和 5年議会運営委員会（ 3月10日）,委員長,迫川高行,M009
R050310B04,令和 5年 3月10日,令和 5年議会運営委員会（ 3月10日）,委員,川端宏明,M006
R050310B04,令和 5年 3月10日,令和 5年議会運営委員会（ 3月10日）,副委員長,島津明香,M011
R050310B04,令和 5年 3月10日,令和 5年議会運営委員会（ 3月10日）,委員,大西由紀,M005
R050310B04,令和 5年 3月10日,令和 5年議会運営委員会（ 3月10日）,委員,山田光昭,M018
R050310B04,令和 5年 3月10日,令和 5年議会運営委員会（ 3月10日）,委員,北野誠一郎,M007
R050310B04,令和 5年 3月10日,令和 5年議会運営委員会（ 3月10日）,委員,石崎徹,M001
R050310B04,令和 5年 3月10日,令和 5年議会運営委員会（ 3月10日）,議長,今竹大祐,M003
R050310B04,令和 5年 3月10日,令和 5年議会運営委員会（ 3月10日）,副議長,鷹尾治久,M013
R050314B04,令和 5年 3月14日,令和 5年議会運営委員会（ 3月14日）,委員長,迫川高行,M009
R050314B04,令和 5年 3月14日,令和 5年議会運営委員会（ 3月14日）,委員,川端宏明,M006
R050314B04,令和 5年 3月14日,令和 5年議会運営委員会（ 3月14日）,副委員長,島津明香,M011
R050314B04,令和 5年 3月14日,令和 5年議会運営委員会（ 3月14日）,委員,大西由紀,M005
R050314B04,令和 5年 3月14日,令和 5年議会運営委員会（ 3月14日）,委員,山田光昭,M018
R050314B04,令和 5年 3月14日,令和 5年議会運営委員会（ 3月14日）,委員,北野誠一郎,M007
R050314B04,令和 5年 3月14日,令和 5年議会運営委員会（ 3月14日）,委員,石崎徹,M001
R050314B04,令和 5年 3月14日,令和 5年議会運営委員会（ 3月14日）,議長,今竹大祐,M003
R050314B04,令和 5年 3月14日,令和 5年議会運営委員会（ 3月14日）,副議長,鷹尾治久,M013
R050317B01,令和 5年 3月17日,令和 5年総務常任委員会（ 3月17日）,委員長,島津明香,M011
R050317B01,令和 5年 3月17日,令和 5年総務常任委員会（ 3月17日）,委員,川端宏明,M006
R050317B01,令和 5年 3月17日,令和 5年総務常任委員会（ 3月17日）,副委員長,山田光昭,M018
R050317B01,令和 5年 3月17日,令和 5年総務常任委員会（ 3月17日）,委員,迫川高行,M009
R050317B01,令和 5年 3月17日,令和 5年総務常任委員会（ 3月17日）,委員,鷹尾治久,M013
R050317B01,令和 5年 3月17日,令和 5年総務常任委員会（ 3月17日）,委員,横田英樹,M019
R050317B02,令和 5年 3月17日,令和 5年文教厚生常任委員会（ 3月17日）,委員長,石崎徹,M001
R050317B02,令和 5年 3月17日,令和 5年文教厚生常任委員会（ 3月17日）,委員,春増勝利,M014
R050317B02,令和 5年 3月17日,令和 5年文教厚生常任委員会（ 3月17日）,副委員長,岩見明,M004
R050317B02,令和 5年 3月17日,令和 5年文教厚生常任委員会（ 3月17日）,委員,大西由紀,M005
R050317B02,令和 5年 3月17日,令和 5年文教厚生常任委員会（ 3月17日）,委員,今竹大祐,M003
R050317B02,令和 5年 3月17日,令和 5年文教厚生常任委員会（ 3月17日）,委員,鈴木利信,M012
R050317B03,令和 5年 3月17日,令和 5年建設環境経済常任委員会（ 3月17日）,委員長,森秀樹,M017
R050317B03,令和 5年 3月17日,令和 5年建設環境経済常任委員会（ 3月17日）,委員,松野優也,M016
R050317B03,令和 5年 3月17日,令和 5年建設環境経済常任委員会（ 3月17日）,副委員長,芝本鎮彰,M010
R050317B03,令和 5年 3月17日,令和 5年建設環境経済常任委員会（ 3月17日）,委員,藤森誠,M015
R050317B03,令和 5年 3月17日,令和 5年建設環境経済常任委員会（ 3月17日）,委員,入江啓太,M002
R050317B03,令和 5年 3月17日,令和 5年建設環境経済常任委員会（ 3月17日）,委員,北野誠一郎,M007
R050317B03,令和 5年 3月17日,令和 5年建設環境経済常任委員会（ 3月17日）,委員,坂本まり,M008
R050317B06,令和 5年 3月17日,令和 5年高砂市民病院経営改善対策特別委員会（ 3月17日）,委員長,鈴木利信,M012
R050317B06,令和 5年 3月17日,令和 5年高砂市民病院経営改善対策特別委員会（ 3月17日）,委員,芝本鎮彰,M010
R050317B06,令和 5年 3月17日,令和 5年高砂市民病院経営改善対策特別委員会（ 3月17日）,副委員長,岩見明,M004
R050317B06,令和 5年 3月17日,令和 5年高砂市民病院経営改善対策特別委員会（ 3月17日）,委員,森秀樹,M017
R050317B06,令和 5年 3月17日,令和 5年高砂市民病院経営改善対策特別委員会（ 3月17日）,委員,坂本まり,M008
R050317B06,令和 5年 3月17日,令和 5年高砂市民病院経営改善対策特別委員会（ 3月17日）,委員,大西由紀,M005
R050317B06,令和 5年 3月17日,令和 5年高砂市民病院経営改善対策特別委員会（ 3月17日）,委員,松野優也,M016
R050320B01,令和 5年 3月20日,令和 5年総務常任委員会（ 3月20日）,委員長,島津明香,M011
R050320B01,令和 5年 3月20日,令和 5年総務常任委員会（ 3月20日）,委員,川端宏明,M006
R050320B01,令和 5年 3月20日,令和 5年総務常任委員会（ 3月20日）,副委員長,山田光昭,M018
R050320B01,令和 5年 3月20日,令和 5年総務常任委員会（ 3月20日）,委員,迫川高行,M009
R050320B01,令和 5年 3月20日,令和 5年総務常任委員会（ 3月20日）,委員,鷹尾治久,M013
R050320B01,令和 5年 3月20日,令和 5年総務常任委員会（ 3月20日）,委員,横田英樹,M019
R050320B02,令和 5年 3月20日,令和 5年文教厚生常任委員会（ 3月20日）,委員長,石崎徹,M001
R050320B02,令和 5年 3月20日,令和 5年文教厚生常任委員会（ 3月20日）,委員,春増勝利,M014
R050320B02,令和 5年 3月20日,令和 5年文教厚生常任委員会（ 3月20日）,副委員長,岩見明,M004
R050320B02,令和 5年 3月20日,令和 5年文教厚生常任委員会（ 3月20日）,委員,大西由紀,M005
R050320B02,令和 5年 3月20日,令和 5年文教厚生常任委員会（ 3月20日）,委員,今竹大祐,M003
R050320B02,令和 5年 3月20日,令和 5年文教厚生常任委員会（ 3月20日）,委員,鈴木利信,M012
R050320B03,令和 5年 3月20日,令和 5年建設環境経済常任委員会（ 3月20日）,委員長,森秀樹,M017
R050320B03,令和 5年 3月20日,令和 5年建設環境経済常任委員会（ 3月20日）,委員,松野優也,M016
R050320B03,令和 5年 3月20日,令和 5年建設環境経済常任委員会（ 3月20日）,副委員長,芝本鎮彰,M010
R050320B03,令和 5年 3月20日,令和 5年建設環境経済常任委員会（ 3月20日）,委員,藤森誠,M015
R050320B03,令和 5年 3月20日,令和 5年建設環境経済常任委員会（ 3月20日）,委員,入江啓太,M002
R050320B03,令和 5年 3月20日,令和 5年建設環境経済常任委員会（ 3月20日）,委員,北野誠一郎,M007
R050320B03,令和 5年 3月20日,令和 5年建設環境経済常任委員会（ 3月20日）,委員,坂本まり,M008
R050322B01,令和 5年 3月22日,令和 5年総務常任委員会（ 3月22日）,委員長,島津明香,M011
R050322B01,令和 5年 3月22日,令和 5年総務常任委員会（ 3月22日）,委員,川端宏明,M006
R050322B01,令和 5年 3月22日,令和 5年総務常任委員会（ 3月22日）,副委員長,山田光昭,M018
R050322B01,令和 5年 3月22日,令和 5年総務常任委員会（ 3月22日）,委員,迫川高行,M009
R050322B01,令和 5年 3月22日,令和 5年総務常任委員会（ 3月22日）,委員,鷹尾治久,M013
R050322B01,令和 5年 3月22日,令和 5年総務常任委員会（ 3月22日）,委員,横田英樹,M019
R050322B02,令和 5年 3月22日,令和 5年文教厚生常任委員会（ 3月22日）,委員長,石崎徹,M001
R050322B02,令和 5年 3月22日,令和 5年文教厚生常任委員会（ 3月22日）,委員,春増勝利,M014
R050322B02,令和 5年 3月22日,令和 5年文教厚生常任委員会（ 3月22日）,副委員長,岩見明,M004
R050322B02,令和 5年 3月22日,令和 5年文教厚生常任委員会（ 3月22日）,委員,大西由紀,M005
R050322B02,令和 5年 3月22日,令和 5年文教厚生常任委員会（ 3月22日）,委員,今竹大祐,M003
R050322B02,令和 5年 3月22日,令和 5年文教厚生常任委員会（ 3月22日）,委員,鈴木利信,M012
R050322B03,令和 5年 3月22日,令和 5年建設環境経済常任委員会（ 3月22日）,委員長,森秀樹,M017
R050322B03,令和 5年 3月22日,令和 5年建設環境経済常任委員会（ 3月22日）,委員,松野優也,M016
R050322B03,令和 5年 3月22日,令和 5年建設環境経済常任委員会（ 3月22日）,副委員長,芝本鎮彰,M010
R050322B03,令和 5年 3月22日,令和 5年建設環境経済常任委員会（ 3月22日）,委員,藤森誠,M015
R050322B03,令和 5年 3月22日,令和 5年建設環境経済常任委員会（ 3月22日）,委員,入江啓太,M002
R050322B03,令和 5年 3月22日,令和 5年建設環境経済常任委員会（ 3月22日）,委員,北野誠一郎,M007
R050322B03,令和 5年 3月22日,令和 5年建設環境経済常任委員会（ 3月22日）,委員,坂本まり,M008
R050323B01,令和 5年 3月23日,令和 5年総務常任委員会（ 3月23日）,委員長,島津明香,M011
R050323B01,令和 5年 3月23日,令和 5年総務常任委員会（ 3月23日）,委員,川端宏明,M006
R050323B01,令和 5年 3月23日,令和 5年総務常任委員会（ 3月23日）,副委員長,山田光昭,M018
R050323B01,令和 5年 3月23日,令和 5年総務常任委員会（ 3月23日）,委員,迫川高行,M009
R050323B01,令和 5年 3月23日,令和 5年総務常任委員会（ 3月23日）,委員,鷹尾治久,M013
R050323B01,令和 5年 3月23日,令和 5年総務常任委員会（ 3月23日）,委員,横田英樹,M019
R050323B02,令和 5年 3月23日,令和 5年文教厚生常任委員会（ 3月23日）,委員長,石崎徹,M001
R050323B02,令和 5年 3月23日,令和 5年文教厚生常任委員会（ 3月23日）,委員,春増勝利,M014
R050323B02,令和 5年 3月23日,令和 5年文教厚生常任委員会（ 3月23日）,副委員長,岩見明,M004
R050323B02,令和 5年 3月23日,令和 5年文教厚生常任委員会（ 3月23日）,委員,大西由紀,M005
R050323B02,令和 5年 3月23日,令和 5年文教厚生常任委員会（ 3月23日）,委員,今竹大祐,M003
R050323B02,令和 5年 3月23日,令和 5年文教厚生常任委員会（ 3月23日）,委員,鈴木利信,M012
R050323B03,令和 5年 3月23日,令和 5年建設環境経済常任委員会（ 3月23日）,委員長,森秀樹,M017
R050323B03,令和 5年 3月23日,令和 5年建設環境経済常任委員会（ 3月23日）,委員,松野優也,M016
R050323B03,令和 5年 3月23日,令和 5年建設環境経済常任委員会（ 3月23日）,副委員長,芝本鎮彰,M010
R050323B03,令和 5年 3月23日,令和 5年建設環境経済常任委員会（ 3月23日）,委員,藤森誠,M015
R050323B03,令和 5年 3月23日,令和 5年建設環境経済常任委員会（ 3月23日）,委員,入江啓太,M002
R050323B03,令和 5年 3月23日,令和 5年建設環境経済常任委員会（ 3月23日）,委員,北野誠一郎,M007
R050323B03,令和 5年 3月23日,令和 5年建設環境経済常任委員会（ 3月23日）,委員,坂本まり,M008
R050324B01,令和 5年 3月24日,令和 5年総務常任委員会（ 3月24日）,委員長,島津明香,M011
R050324B01,令和 5年 3月24日,令和 5年総務常任委員会（ 3月24日）,委員,川端宏明,M006
R050324B01,令和 5年 3月24日,令和 5年総務常任委員会（ 3月24日）,副委員長,山田光昭,M018
R050324B01,令和 5年 3月24日,令和 5年総務常任委員会（ 3月24日）,委員,迫川高行,M009
R050324B01,令和 5年 3月24日,令和 5年総務常任委員会（ 3月24日）,委員,鷹尾治久,M013
R050324B01,令和 5年 3月24日,令和 5年総務常任委員会（ 3月24日）,委員,横田英樹,M019
R050324B04,令和 5年 3月24日,令和 5年議会運営委員会（ 3月24日）,委員長,迫川高行,M009
R050324B04,令和 5年 3月24日,令和 5年議会運営委員会（ 3月24日）,委員,川端宏明,M006
R050324B04,令和 5年 3月24日,令和 5年議会運営委員会（ 3月24日）,副委員長,島津明香,M011
R050324B04,令和 5年 3月24日,令和 5年議会運営委員会（ 3月24日）,委員,大西由紀,M005
R050324B04,令和 5年 3月24日,令和 5年議会運営委員会（ 3月24日）,委員,山田光昭,M018
R050324B04,令和 5年 3月24日,令和 5年議会運営委員会（ 3月24日）,委員,北野誠一郎,M007
R050324B04,令和 5年 3月24日,令和 5年議会運営委員会（ 3月24日）,委員,石崎徹,M001
R050324B04,令和 5年 3月24日,令和 5年議会運営委員会（ 3月24日）,議長,今竹大祐,M003
R050324B04,令和 5年 3月24日,令和 5年議会運営委員会（ 3月24日）,副議長,鷹尾治久,M013
R050327B04,令和 5年 3月27日,令和 5年議会運営委員会（ 3月27日）,委員長,迫川高行,M009
R050327B04,令和 5年 3月27日,令和 5年議会運営委員会（ 3月27日）,委員,川端宏明,M006
R050327B04,令和 5年 3月27日,令和 5年議会運営委員会（ 3月27日）,副委員長,島津明香,M011
R050327B04,令和 5年 3月27日,令和 5年議会運営委員会（ 3月27日）,委員,大西由紀,M005
R050327B04,令和 5年 3月27日,令和 5年議会運営委員会（ 3月27日）,委員,山田光昭,M018
R050327B04,令和 5年 3月27日,令和 5年議会運営委員会（ 3月27日）,委員,北野誠一郎,M007
R050327B04,令和 5年 3月27日,令和 5年議会運営委員会（ 3月27日）,委員,石崎徹,M001
R050327B04,令和 5年 3月27日,令和 5年議会運営委員会（ 3月27日）,議長,今竹大祐,M003
R050327B04,令和 5年 3月27日,令和 5年議会運営委員会（ 3月27日）,副議長,鷹尾治久,M013
R050412B04,令和 5年 4月12日,令和 5年議会運営委員会（ 4月12日）,委員長,迫川高行,M009
R050412B04,令和 5年 4月12日,令和 5年議会運営委員会（ 4月12日）,委員,川端宏明,M006
R050412B04,令和 5年 4月12日,令和 5年議会運営委員会（ 4月12日）,副委員長,島津明香,M011
R050412B04,令和 5年 4月12日,令和 5年議会運営委員会（ 4月12日）,委員,大西由紀,M005
R050412B04,令和 5年 4月12日,令和 5年議会運営委員会（ 4月12日）,委員,山田光昭,M018
R050412B04,令和 5年 4月12日,令和 5年議会運営委員会（ 4月12日）,委員,北野誠一郎,M007
R050412B04,令和 5年 4月12日,令和 5年議会運営委員会（ 4月12日）,委員,石崎徹,M001
R050412B04,令和 5年 4月12日,令和 5年議会運営委員会（ 4月12日）,議長,今竹大祐,M003
R050412B04,令和 5年 4月12日,令和 5年議会運営委員会（ 4月12日）,副議長,鷹尾治久,M013
R050425B03,令和 5年 4月25日,令和 5年建設環境経済常任委員会（ 4月25日）,委員長,森秀樹,M017
R050425B03,令和 5年 4月25日,令和 5年建設環境経済常任委員会（ 4月25日）,委員,松野優也,M016
R050425B03,令和 5年 4月25日,令和 5年建設環境経済常任委員会（ 4月25日）,副委員長,芝本鎮彰,M010
R050425B03,令和 5年 4月25日,令和 5年建設環境経済常任委員会（ 4月25日）,委員,藤森誠,M015
R050425B03,令和 5年 4月25日,令和 5年建設環境経済常任委員会（ 4月25日）,委員,入江啓太,M002
R050425B03,令和 5年 4月25日,令和 5年建設環境経済常任委員会（ 4月25日）,委員,北野誠一郎,M007
R050425B03,令和 5年 4月25日,令和 5年建設環境経済常任委員会（ 4月25日）,委員,坂本まり,M008
R050426B06,令和 5年 4月26日,令和 5年高砂市民病院経営改善対策特別委員会（ 4月26日）,委員長,鈴木利信,M012
R050426B06,令和 5年 4月26日,令和 5年高砂市民病院経営改善対策特別委員会（ 4月26日）,委員,芝本鎮彰,M010
R050426B06,令和 5年 4月26日,令和 5年高砂市民病院経営改善対策特別委員会（ 4月26日）,副委員長,岩見明,M004
R050426B06,令和 5年 4月26日,令和 5年高砂市民病院経営改善対策特別委員会（ 4月26日）,委員,森秀樹,M017
R050426B06,令和 5年 4月26日,令和 5年高砂市民病院経営改善対策特別委員会（ 4月26日）,委員,坂本まり,M008
R050426B06,令和 5年 4月26日,令和 5年高砂市民病院経営改善対策特別委員会（ 4月26日）,委員,大西由紀,M005
R050426B06,令和 5年 4月26日,令和 5年高砂市民病院経営改善対策特別委員会（ 4月26日）,委員,松野優也,M016
R050427B01,令和 5年 4月27日,令和 5年総務常任委員会（ 4月27日）,委員長,島津明香,M011
R050427B01,令和 5年 4月27日,令和 5年総務常任委員会（ 4月27日）,委員,川端宏明,M006
R050427B01,令和 5年 4月27日,令和 5年総務常任委員会（ 4月27日）,副委員長,山田光昭,M018
R050427B01,令和 5年 4月27日,令和 5年総務常任委員会（ 4月27日）,委員,迫川高行,M009
R050427B01,令和 5年 4月27日,令和 5年総務常任委員会（ 4月27日）,委員,鷹尾治久,M013
R050427B01,令和 5年 4月27日,令和 5年総務常任委員会（ 4月27日）,委員,横田英樹,M019
R050427B02,令和 5年 4月27日,令和 5年文教厚生常任委員会（ 4月27日）,委員長,石崎徹,M001
R050427B02,令和 5年 4月27日,令和 5年文教厚生常任委員会（ 4月27日）,委員,春増勝利,M014
R050427B02,令和 5年 4月27日,令和 5年文教厚生常任委員会（ 4月27日）,副委員長,岩見明,M004
R050427B02,令和 5年 4月27日,令和 5年文教厚生常任委員会（ 4月27日）,委員,大西由紀,M005
R050427B02,令和 5年 4月27日,令和 5年文教厚生常任委員会（ 4月27日）,委員,今竹大祐,M003
R050427B02,令和 5年 4月27日,令和 5年文教厚生常任委員会（ 4月27日）,委員,鈴木利信,M012
R050516B03,令和 5年 5月16日,令和 5年建設環境経済常任委員会（ 5月16日）,委員長,森秀樹,M017
R050516B03,令和 5年 5月16日,令和 5年建設環境経済常任委員会（ 5月16日）,委員,松野優也,M016
R050516B03,令和 5年 5月16日,令和 5年建設環境経済常任委員会（ 5月16日）,副委員長,芝本鎮彰,M010
R050516B03,令和 5年 5月16日,令和 5年建設環境経済常任委員会（ 5月16日）,委員,藤森誠,M015
R050516B03,令和 5年 5月16日,令和 5年建設環境経済常任委員会（ 5月16日）,委員,入江啓太,M002
R050516B03,令和 5年 5月16日,令和 5年建設環境経済常任委員会（ 5月16日）,委員,北野誠一郎,M007
R050516B03,令和 5年 5月16日,令和 5年建設環境経済常任委員会（ 5月16日）,委員,坂本まり,M008
R050516B04,令和 5年 5月16日,令和 5年議会運営委員会（ 5月16日）,委員長,迫川高行,M009
R050516B04,令和 5年 5月16日,令和 5年議会運営委員会（ 5月16日）,委員,川端宏明,M006
R050516B04,令和 5年 5月16日,令和 5年議会運営委員会（ 5月16日）,副委員長,島津明香,M011
R050516B04,令和 5年 5月16日,令和 5年議会運営委員会（ 5月16日）,委員,大西由紀,M005
R050516B04,令和 5年 5月16日,令和 5年議会運営委員会（ 5月16日）,委員,山田光昭,M018
R050516B04,令和 5年 5月16日,令和 5年議会運営委員会（ 5月16日）,委員,北野誠一郎,M007
R050516B04,令和 5年 5月16日,令和 5年議会運営委員会（ 5月16日）,委員,石崎徹,M001
R050516B04,令和 5年 5月16日,令和 5年議会運営委員会（ 5月16日）,議長,今竹大祐,M003
R050516B04,令和 5年 5月16日,令和 5年議会運営委員会（ 5月16日）,副議長,鷹尾治久,M013
R050519B01,令和 5年 5月19日,令和 5年総務常任委員会（ 5月19日）,委員長,島津明香,M011
R050519B01,令和 5年 5月19日,令和 5年総務常任委員会（ 5月19日）,委員,川端宏明,M006
R050519B01,令和 5年 5月19日,令和 5年総務常任委員会（ 5月19日）,副委員長,山田光昭,M018
R050519B01,令和 5年 5月19日,令和 5年総務常任委員会（ 5月19日）,委員,迫川高行,M009
R050519B01,令和 5年 5月19日,令和 5年総務常任委員会（ 5月19日）,委員,鷹尾治久,M013
R050519B01,令和 5年 5月19日,令和 5年総務常任委員会（ 5月19日）,委員,横田英樹,M019
R050522B01,令和 5年 5月22日,令和 5年総務常任委員会（ 5月22日）,委員長,島津明香,M011
R050522B01,令和 5年 5月22日,令和 5年総務常任委員会（ 5月22日）,委員,川端宏明,M006
R050522B01,令和 5年 5月22日,令和 5年総務常任委員会（ 5月22日）,副委員長,山田光昭,M018
R050522B01,令和 5年 5月22日,令和 5年総務常任委員会（ 5月22日）,委員,迫川高行,M009
R050522B01,令和 5年 5月22日,令和 5年総務常任委員会（ 5月22日）,委員,鷹尾治久,M013
R050522B01,令和 5年 5月22日,令和 5年総務常任委員会（ 5月22日）,委員,横田英樹,M019
R050522B02,令和 5年 5月22日,令和 5年文教厚生常任委員会（ 5月22日）,委員長,石崎徹,M001
R050522B02,令和 5年 5月22日,令和 5年文教厚生常任委員会（ 5月22日）,委員,春増勝利,M014
R050522B02,令和 5年 5月22日,令和 5年文教厚生常任委員会（ 5月22日）,副委員長,岩見明,M004
R050522B02,令和 5年 5月22日,令和 5年文教厚生常任委員会（ 5月22日）,委員,大西由紀,M005
R050522B02,令和 5年 5月22日,令和 5年文教厚生常任委員会（ 5月22日）,委員,今竹大祐,M003
R050522B02,令和 5年 5月22日,令和 5年文教厚生常任委員会（ 5月22日）,委員,鈴木利信,M012
R050522B03,令和 5年 5月22日,令和 5年建設環境経済常任委員会（ 5月22日）,委員長,森秀樹,M017
R050522B03,令和 5年 5月22日,令和 5年建設環境経済常任委員会（ 5月22日）,委員,松野優也,M016
R050522B03,令和 5年 5月22日,令和 5年建設環境経済常任委員会（ 5月22日）,副委員長,芝本鎮彰,M010
R050522B03,令和 5年 5月22日,令和 5年建設環境経済常任委員会（ 5月22日）,委員,藤森誠,M015
R050522B03,令和 5年 5月22日,令和 5年建設環境経済常任委員会（ 5月22日）,委員,入江啓太,M002
R050522B03,令和 5年 5月22日,令和 5年建設環境経済常任委員会（ 5月22日）,委員,北野誠一郎,M007
R050522B03,令和 5年 5月22日,令和 5年建設環境経済常任委員会（ 5月22日）,委員,坂本まり,M008
R050522B04,令和 5年 5月22日,令和 5年議会運営委員会（ 5月22日）,委員長,迫川高行,M009
R050522B04,令和 5年 5月22日,令和 5年議会運営委員会（ 5月22日）,委員,川端宏明,M006
R050522B04,令和 5年 5月22日,令和 5年議会運営委員会（ 5月22日）,副委員長,島津明香,M011
R050522B04,令和 5年 5月22日,令和 5年議会運営委員会（ 5月22日）,委員,大西由紀,M005
R050522B04,令和 5年 5月22日,令和 5年議会運営委員会（ 5月22日）,委員,山田光昭,M018
R050522B04,令和 5年 5月22日,令和 5年議会運営委員会（ 5月22日）,委員,北野誠一郎,M007
R050522B04,令和 5年 5月22日,令和 5年議会運営委員会（ 5月22日）,委員,石崎徹,M001
R050522B04,令和 5年 5月22日,令和 5年議会運営委員会（ 5月22日）,議長,今竹大祐,M003
R050522B04,令和 5年 5月22日,令和 5年議会運営委員会（ 5月22日）,副議長,鷹尾治久,M013
R050523B06,令和 5年 5月23日,令和 5年高砂市民病院経営改善対策特別委員会（ 5月23日）,委員長,鈴木利信,M012
R050523B06,令和 5年 5月23日,令和 5年高砂市民病院経営改善対策特別委員会（ 5月23日）,委員,芝本鎮彰,M010
R050523B06,令和 5年 5月23日,令和 5年高砂市民病院経営改善対策特別委員会（ 5月23日）,副委員長,岩見明,M004
R050523B06,令和 5年 5月23日,令和 5年高砂市民病院経営改善対策特別委員会（ 5月23日）,委員,森秀樹,M017
R050523B06,令和 5年 5月23日,令和 5年高砂市民病院経営改善対策特別委員会（ 5月23日）,委員,坂本まり,M008
R050523B06,令和 5年 5月23日,令和 5年高砂市民病院経営改善対策特別委員会（ 5月23日）,委員,大西由紀,M005
R050523B06,令和 5年 5月23日,令和 5年高砂市民病院経営改善対策特別委員会（ 5月23日）,委員,松野優也,M016
R050530B03,令和 5年 5月30日,令和 5年建設環境経済常任委員会（ 5月30日）,委員長,森秀樹,M017
R050530B03,令和 5年 5月30日,令和 5年建設環境経済常任委員会（ 5月30日）,委員,松野優也,M016
R050530B03,令和 5年 5月30日,令和 5年建設環境経済常任委員会（ 5月30日）,副委員長,芝本鎮彰,M010
R050530B03,令和 5年 5月30日,令和 5年建設環境経済常任委員会（ 5月30日）,委員,藤森誠,M015
R050530B03,令和 5年 5月30日,令和 5年建設環境経済常任委員会（ 5月30日）,委員,入江啓太,M002
R050530B03,令和 5年 5月30日,令和 5年建設環境経済常任委員会（ 5月30日）,委員,北野誠一郎,M007
R050530B03,令和 5年 5月30日,令和 5年建設環境経済常任委員会（ 5月30日）,委員,坂本まり,M008
R050531B02,令和 5年 5月31日,令和 5年文教厚生常任委員会（ 5月31日）,委員長,石崎徹,M001
R050531B02,令和 5年 5月31日,令和 5年文教厚生常任委員会（ 5月31日）,委員,春増勝利,M014
R050531B02,令和 5年 5月31日,令和 5年文教厚生常任委員会（ 5月31日）,副委員長,岩見明,M004
R050531B02,令和 5年 5月31日,令和 5年文教厚生常任委員会（ 5月31日）,委員,大西由紀,M005
R050531B02,令和 5年 5月31日,令和 5年文教厚生常任委員会（ 5月31日）,委員,今竹大祐,M003
R050601B04,令和 5年 6月 1日,令和 5年議会運営委員会（ 6月 1日）,委員長,迫川高行,M009
R050601B04,令和 5年 6月 1日,令和 5年議会運営委員会（ 6月 1日）,委員,川端宏明,M006
R050601B04,令和 5年 6月 1日,令和 5年議会運営委員会（ 6月 1日）,副委員長,島津明香,M011
R050601B04,令和 5年 6月 1日,令和 5年議会運営委員会（ 6月 1日）,委員,横田英樹,M019
R050601B04,令和 5年 6月 1日,令和 5年議会運営委員会（ 6月 1日）,委員,山田光昭,M018
R050601B04,令和 5年 6月 1日,令和 5年議会運営委員会（ 6月 1日）,委員,北野誠一郎,M007
R050601B04,令和 5年 6月 1日,令和 5年議会運営委員会（ 6月 1日）,委員,石崎徹,M001
R050601B04,令和 5年 6月 1日,令和 5年議会運営委員会（ 6月 1日）,議長,今竹大祐,M003
R050601B04,令和 5年 6月 1日,令和 5年議会運営委員会（ 6月 1日）,副議長,鷹尾治久,M013
R050613B04,令和 5年 6月13日,令和 5年議会運営委員会（ 6月13日）,委員長,迫川高行,M009
R050613B04,令和 5年 6月13日,令和 5年議会運営委員会（ 6月13日）,委員,川端宏明,M006
R050613B04,令和 5年 6月13日,令和 5年議会運営委員会（ 6月13日）,副委員長,島津明香,M011
R050613B04,令和 5年 6月13日,令和 5年議会運営委員会（ 6月13日）,委員,大西由紀,M005
R050613B04,令和 5年 6月13日,令和 5年議会運営委員会（ 6月13日）,委員,山田光昭,M018
R050613B04,令和 5年 6月13日,令和 5年議会運営委員会（ 6月13日）,委員,北野誠一郎,M007
R050613B04,令和 5年 6月13日,令和 5年議会運営委員会（ 6月13日）,委員,石崎徹,M001
R050613B04,令和 5年 6月13日,令和 5年議会運営委員会（ 6月13日）,議長,今竹大祐,M003
R050613B04,令和 5年 6月13日,令和 5年議会運営委員会（ 6月13日）,副議長,鷹尾治久,M013
R050619B04,令和 5年 6月19日,令和 5年議会運営委員会（ 6月19日）,委員長,迫川高行,M009
R050619B04,令和 5年 6月19日,令和 5年議会運営委員会（ 6月19日）,委員,川端宏明,M006
R050619B04,令和 5年 6月19日,令和 5年議会運営委員会（ 6月19日）,副委員長,島津明香,M011
R050619B04,令和 5年 6月19日,令和 5年議会運営委員会（ 6月19日）,委員,大西由紀,M005
R050619B04,令和 5年 6月19日,令和 5年議会運営委員会（ 6月19日）,委員,山田光昭,M018
R050619B04,令和 5年 6月19日,令和 5年議会運営委員会（ 6月19日）,委員,北野誠一郎,M007
R050619B04,令和 5年 6月19日,令和 5年議会運営委員会（ 6月19日）,委員,石崎徹,M001
R050619B04,令和 5年 6月19日,令和 5年議会運営委員会（ 6月19日）,議長,今竹大祐,M003
R050619B04,令和 5年 6月19日,令和 5年議会運営委員会（ 6月19日）,副議長,鷹尾治久,M013
R050621B04,令和 5年 6月21日,令和 5年議会運営委員会（ 6月21日）,委員長,迫川高行,M009
R050621B04,令和 5年 6月21日,令和 5年議会運営委員会（ 6月21日）,委員,川端宏明,M006
R050621B04,令和 5年 6月21日,令和 5年議会運営委員会（ 6月21日）,副委員長,島津明香,M011
R050621B04,令和 5年 6月21日,令和 5年議会運営委員会（ 6月21日）,委員,大西由紀,M005
R050621B04,令和 5年 6月21日,令和 5年議会運営委員会（ 6月21日）,委員,山田光昭,M018
R050621B04,令和 5年 6月21日,令和 5年議会運営委員会（ 6月21日）,委員,北野誠一郎,M007
R050621B04,令和 5年 6月21日,令和 5年議会運営委員会（ 6月21日）,委員,石崎徹,M001
R050621B04,令和 5年 6月21日,令和 5年議会運営委員会（ 6月21日）,議長,今竹大祐,M003
R050621B04,令和 5年 6月21日,令和 5年議会運営委員会（ 6月21日）,副議長,鷹尾治久,M013
R050627B01,令和 5年 6月27日,令和 5年総務常任委員会（ 6月27日）,委員長,島津明香,M011
R050627B01,令和 5年 6月27日,令和 5年総務常任委員会（ 6月27日）,委員,川端宏明,M006
R050627B01,令和 5年 6月27日,令和 5年総務常任委員会（ 6月27日）,副委員長,山田光昭,M018
R050627B01,令和 5年 6月27日,令和 5年総務常任委員会（ 6月27日）,委員,迫川高行,M009
R050627B01,令和 5年 6月27日,令和 5年総務常任委員会（ 6月27日）,委員,鷹尾治久,M013
R050627B01,令和 5年 6月27日,令和 5年総務常任委員会（ 6月27日）,委員,横田英樹,M019
R050627B02,令和 5年 6月27日,令和 5年文教厚生常任委員会（ 6月27日）,委員長,石崎徹,M001
R050627B02,令和 5年 6月27日,令和 5年文教厚生常任委員会（ 6月27日）,委員,春増勝利,M014
R050627B02,令和 5年 6月27日,令和 5年文教厚生常任委員会（ 6月27日）,副委員長,岩見明,M004
R050627B02,令和 5年 6月27日,令和 5年文教厚生常任委員会（ 6月27日）,委員,大西由紀,M005
R050627B02,令和 5年 6月27日,令和 5年文教厚生常任委員会（ 6月27日）,委員,今竹大祐,M003
R050627B02,令和 5年 6月27日,令和 5年文教厚生常任委員会（ 6月27日）,委員,鈴木利信,M012
R050627B03,令和 5年 6月27日,令和 5年建設環境経済常任委員会（ 6月27日）,委員長,森秀樹,M017
R050627B03,令和 5年 6月27日,令和 5年建設環境経済常任委員会（ 6月27日）,委員,松野優也,M016
R050627B03,令和 5年 6月27日,令和 5年建設環境経済常任委員会（ 6月27日）,副委員長,芝本鎮彰,M010
R050627B03,令和 5年 6月27日,令和 5年建設環境経済常任委員会（ 6月27日）,委員,藤森誠,M015
R050627B03,令和 5年 6月27日,令和 5年建設環境経済常任委員会（ 6月27日）,委員,入江啓太,M002
R050627B03,令和 5年 6月27日,令和 5年建設環境経済常任委員会（ 6月27日）,委員,北野誠一郎,M007
R050627B03,令和 5年 6月27日,令和 5年建設環境経済常任委員会（ 6月27日）,委員,坂本まり,M008
R050627B06,令和 5年 6月27日,令和 5年高砂市民病院経営改善対策特別委員会（ 6月27日）,委員長,鈴木利信,M012
R050627B06,令和 5年 6月27日,令和 5年高砂市民病院経営改善対策特別委員会（ 6月27日）,委員,芝本鎮彰,M010
R050627B06,令和 5年 6月27日,令和 5年高砂市民病院経営改善対策特別委員会（ 6月27日）,副委員長,岩見明,M004
R050627B06,令和 5年 6月27日,令和 5年高砂市民病院経営改善対策特別委員会（ 6月27日）,委員,森秀樹,M017
R050627B06,令和 5年 6月27日,令和 5年高砂市民病院経営改善対策特別委員会（ 6月27日）,委員,坂本まり,M008
R050627B06,令和 5年 6月27日,令和 5年高砂市民病院経営改善対策特別委員会（ 6月27日）,委員,大西由紀,M005
R050627B06,令和 5年 6月27日,令和 5年高砂市民病院経営改善対策特別委員会（ 6月27日）,委員,松野優也,M016
R050628B01,令和 5年 6月28日,令和 5年総務常任委員会（ 6月28日）,委員長,島津明香,M011
R050628B01,令和 5年 6月28日,令和 5年総務常任委員会（ 6月28日）,委員,川端宏明,M006
R050628B01,令和 5年 6月28日,令和 5年総務常任委員会（ 6月28日）,副委員長,山田光昭,M018
R050628B01,令和 5年 6月28日,令和 5年総務常任委員会（ 6月28日）,委員,迫川高行,M009
R050628B01,令和 5年 6月28日,令和 5年総務常任委員会（ 6月28日）,委員,鷹尾治久,M013
R050628B01,令和 5年 6月28日,令和 5年総務常任委員会（ 6月28日）,委員,横田英樹,M019
R050628B02,令和 5年 6月28日,令和 5年文教厚生常任委員会（ 6月28日）,委員長,石崎徹,M001
R050628B02,令和 5年 6月28日,令和 5年文教厚生常任委員会（ 6月28日）,委員,春増勝利,M014
R050628B02,令和 5年 6月28日,令和 5年文教厚生常任委員会（ 6月28日）,副委員長,岩見明,M004
R050628B02,令和 5年 6月28日,令和 5年文教厚生常任委員会（ 6月28日）,委員,大西由紀,M005
R050628B02,令和 5年 6月28日,令和 5年文教厚生常任委員会（ 6月28日）,委員,今竹大祐,M003
R050628B02,令和 5年 6月28日,令和 5年文教厚生常任委員会（ 6月28日）,委員,鈴木利信,M012
R050628B03,令和 5年 6月28日,令和 5年建設環境経済常任委員会（ 6月28日）,委員長,森秀樹,M017
R050628B03,令和 5年 6月28日,令和 5年建設環境経済常任委員会（ 6月28日）,委員,松野優也,M016
R050628B03,令和 5年 6月28日,令和 5年建設環境経済常任委員会（ 6月28日）,副委員長,芝本鎮彰,M010
R050628B03,令和 5年 6月28日,令和 5年建設環境経済常任委員会（ 6月28日）,委員,藤森誠,M015
R050628B03,令和 5年 6月28日,令和 5年建設環境経済常任委員会（ 6月28日）,委員,入江啓太,M002
R050628B03,令和 5年 6月28日,令和 5年建設環境経済常任委員会（ 6月28日）,委員,北野誠一郎,M007
R050628B03,令和 5年 6月28日,令和 5年建設環境経済常任委員会（ 6月28日）,委員,坂本まり,M008
R050630B04,令和 5年 6月30日,令和 5年議会運営委員会（ 6月30日）,委員長,迫川高行,M009
R050630B04,令和 5年 6月30日,令和 5年議会運営委員会（ 6月30日）,委員,川端宏明,M006
R050630B04,令和 5年 6月30日,令和 5年議会運営委員会（ 6月30日）,副委員長,島津明香,M011
R050630B04,令和 5年 6月30日,令和 5年議会運営委員会（ 6月30日）,委員,大西由紀,M005
R050630B04,令和 5年 6月30日,令和 5年議会運営委員会（ 6月30日）,委員,山田光昭,M018
R050630B04,令和 5年 6月30日,令和 5年議会運営委員会（ 6月30日）,委員,北野誠一郎,M007
R050630B04,令和 5年 6月30日,令和 5年議会運営委員会（ 6月30日）,委員,石崎徹,M001
R050630B04,令和 5年 6月30日,令和 5年議会運営委員会（ 6月30日）,議長,今竹大祐,M003
R050630B04,令和 5年 6月30日,令和 5年議会運営委員会（ 6月30日）,副議長,鷹尾治久,M013
R050718B04,令和 5年 7月18日,令和 5年議会運営委員会（ 7月18日）,委員長,迫川高行,M009
R050718B04,令和 5年 7月18日,令和 5年議会運営委員会（ 7月18日）,委員,川端宏明,M006
R050718B04,令和 5年 7月18日,令和 5年議会運営委員会（ 7月18日）,副委員長,島津明香,M011
R050718B04,令和 5年 7月18日,令和 5年議会運営委員会（ 7月18日）,委員,大西由紀,M005
R050718B04,令和 5年 7月18日,令和 5年議会運営委員会（ 7月18日）,委員,山田光昭,M018
R050718B04,令和 5年 7月18日,令和 5年議会運営委員会（ 7月18日）,委員,北野誠一郎,M007
R050718B04,令和 5年 7月18日,令和 5年議会運営委員会（ 7月18日）,委員,石崎徹,M001
R050718B04,令和 5年 7月18日,令和 5年議会運営委員会（ 7月18日）,議長,今竹大祐,M003
R050718B04,令和 5年 7月18日,令和 5年議会運営委員会（ 7月18日）,副議長,鷹尾治久,M013
R050718B06,令和 5年 7月18日,令和 5年高砂市民病院経営改善対策特別委員会（ 7月18日）,委員長,鈴木利信,M012
R050718B06,令和 5年 7月18日,令和 5年高砂市民病院経営改善対策特別委員会（ 7月18日）,委員,芝本鎮彰,M010
R050718B06,令和 5年 7月18日,令和 5年高砂市民病院経営改善対策特別委員会（ 7月18日）,副委員長,岩見明,M004
R050718B06,令和 5年 7月18日,令和 5年高砂市民病院経営改善対策特別委員会（ 7月18日）,委員,森秀樹,M017
R050718B06,令和 5年 7月18日,令和 5年高砂市民病院経営改善対策特別委員会（ 7月18日）,委員,坂本まり,M008
R050718B06,令和 5年 7月18日,令和 5年高砂市民病院経営改善対策特別委員会（ 7月18日）,委員,大西由紀,M005
R050718B06,令和 5年 7月18日,令和 5年高砂市民病院経営改善対策特別委員会（ 7月18日）,委員,松野優也,M016
R050731B01,令和 5年 7月31日,令和 5年総務常任委員会（ 7月31日）,委員長,島津明香,M011
R050731B01,令和 5年 7月31日,令和 5年総務常任委員会（ 7月31日）,委員,川端宏明,M006
R050731B01,令和 5年 7月31日,令和 5年総務常任委員会（ 7月31日）,副委員長,山田光昭,M018
R050731B01,令和 5年 7月31日,令和 5年総務常任委員会（ 7月31日）,委員,迫川高行,M009
R050731B01,令和 5年 7月31日,令和 5年総務常任委員会（ 7月31日）,委員,鷹尾治久,M013
R050731B01,令和 5年 7月31日,令和 5年総務常任委員会（ 7月31日）,委員,横田英樹,M019
R050731B02,令和 5年 7月31日,令和 5年文教厚生常任委員会（ 7月31日）,委員長,石崎徹,M001
R050731B02,令和 5年 7月31日,令和 5年文教厚生常任委員会（ 7月31日）,委員,春増勝利,M014
R050731B02,令和 5年 7月31日,令和 5年文教厚生常任委員会（ 7月31日）,副委員長,岩見明,M004
R050731B02,令和 5年 7月31日,令和 5年文教厚生常任委員会（ 7月31日）,委員,大西由紀,M005
R050731B02,令和 5年 7月31日,令和 5年文教厚生常任委員会（ 7月31日）,委員,今竹大祐,M003
R050731B02,令和 5年 7月31日,令和 5年文教厚生常任委員会（ 7月31日）,委員,鈴木利信,M012
R050731B03,令和 5年 7月31日,令和 5年建設環境経済常任委員会（ 7月31日）,委員長,森秀樹,M017
R050731B03,令和 5年 7月31日,令和 5年建設環境経済常任委員会（ 7月31日）,委員,松野優也,M016
R050731B03,令和 5年 7月31日,令和 5年建設環境経済常任委員会（ 7月31日）,副委員長,芝本鎮彰,M010
R050731B03,令和 5年 7月31日,令和 5年建設環境経済常任委員会（ 7月31日）,委員,藤森誠,M015
R050731B03,令和 5年 7月31日,令和 5年建設環境経済常任委員会（ 7月31日）,委員,入江啓太,M002
R050731B03,令和 5年 7月31日,令和 5年建設環境経済常任委員会（ 7月31日）,委員,北野誠一郎,M007
R050731B03,令和 5年 7月31日,令和 5年建設環境経済常任委員会（ 7月31日）,委員,坂本まり,M008
R050809B06,令和 5年 8月 9日,令和 5年高砂市民病院経営改善対策特別委員会（ 8月 9日）,委員長,鈴木利信,M012
R050809B06,令和 5年 8月 9日,令和 5年高砂市民病院経営改善対策特別委員会（ 8月 9日）,委員,芝本鎮彰,M010
R050809B06,令和 5年 8月 9日,令和 5年高砂市民病院経営改善対策特別委員会（ 8月 9日）,副委員長,岩見明,M004
R050809B06,令和 5年 8月 9日,令和 5年高砂市民病院経営改善対策特別委員会（ 8月 9日）,委員,森秀樹,M017
R050809B06,令和 5年 8月 9日,令和 5年高砂市民病院経営改善対策特別委員会（ 8月 9日）,委員,坂本まり,M008
R050809B06,令和 5年 8月 9日,令和 5年高砂市民病院経営改善対策特別委員会（ 8月 9日）,委員,大西由紀,M005
R050809B06,令和 5年 8月 9日,令和 5年高砂市民病院経営改善対策特別委員会（ 8月 9日）,委員,松野優也,M016
R050809B06,令和 5年 8月 9日,令和 5年高砂市民病院経営改善対策特別委員会（ 8月 9日）,議長,今竹大祐,M003
R050818B04,令和 5年 8月18日,令和 5年議会運営委員会（ 8月18日）,委員長,迫川高行,M009
R050818B04,令和 5年 8月18日,令和 5年議会運営委員会（ 8月18日）,委員,川端宏明,M006
R050818B04,令和 5年 8月18日,令和 5年議会運営委員会（ 8月18日）,副委員長,島津明香,M011
R050818B04,令和 5年 8月18日,令和 5年議会運営委員会（ 8月18日）,委員,大西由紀,M005
R050818B04,令和 5年 8月18日,令和 5年議会運営委員会（ 8月18日）,委員,山田光昭,M018
R050818B04,令和 5年 8月18日,令和 5年議会運営委員会（ 8月18日）,委員,北野誠一郎,M007
R050818B04,令和 5年 8月18日,令和 5年議会運営委員会（ 8月18日）,委員,石崎徹,M001
R050818B04,令和 5年 8月18日,令和 5年議会運営委員会（ 8月18日）,議長,今竹大祐,M003
R050818B04,令和 5年 8月18日,令和 5年議会運営委員会（ 8月18日）,副議長,鷹尾治久,M013
R050821B03,令和 5年 8月21日,令和 5年建設環境経済常任委員会（ 8月21日）,委員長,森秀樹,M017
R050821B03,令和 5年 8月21日,令和 5年建設環境経済常任委員会（ 8月21日）,委員,松野優也,M016
R050821B03,令和 5年 8月21日,令和 5年建設環境経済常任委員会（ 8月21日）,副委員長,芝本鎮彰,M010
R050821B03,令和 5年 8月21日,令和 5年建設環境経済常任委員会（ 8月21日）,委員,藤森誠,M015
R050821B03,令和 5年 8月21日,令和 5年建設環境経済常任委員会（ 8月21日）,委員,入江啓太,M002
R050821B03,令和 5年 8月21日,令和 5年建設環境経済常任委員会（ 8月21日）,委員,北野誠一郎,M007
R050821B03,令和 5年 8月21日,令和 5年建設環境経済常任委員会（ 8月21日）,委員,坂本まり,M008
R050823B06,令和 5年 8月23日,令和 5年高砂市民病院経営改善対策特別委員会（ 8月23日）,委員長,鈴木利信,M012
R050823B06,令和 5年 8月23日,令和 5年高砂市民病院経営改善対策特別委員会（ 8月23日）,委員,芝本鎮彰,M010
R050823B06,令和 5年 8月23日,令和 5年高砂市民病院経営改善対策特別委員会（ 8月23日）,副委員長,岩見明,M004
R050823B06,令和 5年 8月23日,令和 5年高砂市民病院経営改善対策特別委員会（ 8月23日）,委員,森秀樹,M017
R050823B06,令和 5年 8月23日,令和 5年高砂市民病院経営改善対策特別委員会（ 8月23日）,委員,坂本まり,M008
R050823B06,令和 5年 8月23日,令和 5年高砂市民病院経営改善対策特別委員会（ 8月23日）,委員,大西由紀,M005
R050823B06,令和 5年 8月23日,令和 5年高砂市民病院経営改善対策特別委員会（ 8月23日）,委員,松野優也,M016
R050828B01,令和 5年 8月28日,令和 5年総務常任委員会（ 8月28日）,委員長,島津明香,M011
R050828B01,令和 5年 8月28日,令和 5年総務常任委員会（ 8月28日）,委員,川端宏明,M006
R050828B01,令和 5年 8月28日,令和 5年総務常任委員会（ 8月28日）,副委員長,山田光昭,M018
R050828B01,令和 5年 8月28日,令和 5年総務常任委員会（ 8月28日）,委員,迫川高行,M009
R050828B01,令和 5年 8月28日,令和 5年総務常任委員会（ 8月28日）,委員,鷹尾治久,M013
R050828B01,令和 5年 8月28日,令和 5年総務常任委員会（ 8月28日）,委員,横田英樹,M019
R050828B02,令和 5年 8月28日,令和 5年文教厚生常任委員会（ 8月28日）,委員長,石崎徹,M001
R050828B02,令和 5年 8月28日,令和 5年文教厚生常任委員会（ 8月28日）,委員,春増勝利,M014
R050828B02,令和 5年 8月28日,令和 5年文教厚生常任委員会（ 8月28日）,副委員長,岩見明,M004
R050828B02,令和 5年 8月28日,令和 5年文教厚生常任委員会（ 8月28日）,委員,大西由紀,M005
R050828B02,令和 5年 8月28日,令和 5年文教厚生常任委員会（ 8月28日）,委員,今竹大祐,M003
R050828B02,令和 5年 8月28日,令和 5年文教厚生常任委員会（ 8月28日）,委員,鈴木利信,M012
R050905B04,令和 5年 9月 5日,令和 5年議会運営委員会（ 9月 5日）,委員長,迫川高行,M009
R050905B04,令和 5年 9月 5日,令和 5年議会運営委員会（ 9月 5日）,委員,川端宏明,M006
R050905B04,令和 5年 9月 5日,令和 5年議会運営委員会（ 9月 5日）,副委員長,島津明香,M011
R050905B04,令和 5年 9月 5日,令和 5年議会運営委員会（ 9月 5日）,委員,大西由紀,M005
R050905B04,令和 5年 9月 5日,令和 5年議会運営委員会（ 9月 5日）,委員,山田光昭,M018
R050905B04,令和 5年 9月 5日,令和 5年議会運営委員会（ 9月 5日）,委員,北野誠一郎,M007
R050905B04,令和 5年 9月 5日,令和 5年議会運営委員会（ 9月 5日）,委員,石崎徹,M001
R050905B04,令和 5年 9月 5日,令和 5年議会運営委員会（ 9月 5日）,議長,今竹大祐,M003
R050905B04,令和 5年 9月 5日,令和 5年議会運営委員会（ 9月 5日）,副議長,鷹尾治久,M013
R050905B06,令和 5年 9月 5日,令和 5年高砂市民病院経営改善対策特別委員会（ 9月 5日）,委員長,鈴木利信,M012
R050905B06,令和 5年 9月 5日,令和 5年高砂市民病院経営改善対策特別委員会（ 9月 5日）,委員,芝本鎮彰,M010
R050905B06,令和 5年 9月 5日,令和 5年高砂市民病院経営改善対策特別委員会（ 9月 5日）,副委員長,岩見明,M004
R050905B06,令和 5年 9月 5日,令和 5年高砂市民病院経営改善対策特別委員会（ 9月 5日）,委員,森秀樹,M017
R050905B06,令和 5年 9月 5日,令和 5年高砂市民病院経営改善対策特別委員会（ 9月 5日）,委員,坂本まり,M008
R050905B06,令和 5年 9月 5日,令和 5年高砂市民病院経営改善対策特別委員会（ 9月 5日）,委員,大西由紀,M005
R050905B06,令和 5年 9月 5日,令和 5年高砂市民病院経営改善対策特別委員会（ 9月 5日）,委員,松野優也,M016
R050905B06,令和 5年 9月 5日,令和 5年高砂市民病院経営改善対策特別委員会（ 9月 5日）,議長,今竹大祐,M003
R050913B01,令和 5年 9月13日,令和 5年総務常任委員会（ 9月13日）,委員長,岩見明,M004
R050913B01,令和 5年 9月13日,令和 5年総務常任委員会（ 9月13日）,委員,横田英樹,M019
R050913B01,令和 5年 9月13日,令和 5年総務常任委員会（ 9月13日）,副委員長,入江啓太,M002
R050913B01,令和 5年 9月13日,令和 5年総務常任委員会（ 9月13日）,委員,迫川高行,M009
R050913B01,令和 5年 9月13日,令和 5年総務常任委員会（ 9月13日）,委員,松野優也,M016
R050913B01,令和 5年 9月13日,令和 5年総務常任委員会（ 9月13日）,委員,石崎徹,M001
R050913B02,令和 5年 9月13日,令和 5年文教厚生常任委員会（ 9月13日）,委員長,山田光昭,M018
R050913B02,令和 5年 9月13日,令和 5年文教厚生常任委員会（ 9月13日）,委員,島津明香,M011
R050913B02,令和 5年 9月13日,令和 5年文教厚生常任委員会（ 9月13日）,副委員長,春増勝利,M014
R050913B02,令和 5年 9月13日,令和 5年文教厚生常任委員会（ 9月13日）,委員,鷹尾治久,M013
R050913B02,令和 5年 9月13日,令和 5年文教厚生常任委員会（ 9月13日）,委員,大西由紀,M005
R050913B02,令和 5年 9月13日,令和 5年文教厚生常任委員会（ 9月13日）,委員,藤森誠,M015
R050913B02,令和 5年 9月13日,令和 5年文教厚生常任委員会（ 9月13日）,委員,北野誠一郎,M007
R050913B03,令和 5年 9月13日,令和 5年建設環境経済常任委員会（ 9月13日）,委員長,芝本鎮彰,M010
R050913B03,令和 5年 9月13日,令和 5年建設環境経済常任委員会（ 9月13日）,委員,川端宏明,M006
R050913B03,令和 5年 9月13日,令和 5年建設環境経済常任委員会（ 9月13日）,副委員長,坂本まり,M008
R050913B03,令和 5年 9月13日,令和 5年建設環境経済常任委員会（ 9月13日）,委員,今竹大祐,M003
R050913B03,令和 5年 9月13日,令和 5年建設環境経済常任委員会（ 9月13日）,委員,鈴木利信,M012
R050913B03,令和 5年 9月13日,令和 5年建設環境経済常任委員会（ 9月13日）,委員,森秀樹,M017
R050913B04,令和 5年 9月13日,令和 5年議会運営委員会（ 9月13日）,委員長,迫川高行,M009
R050913B04,令和 5年 9月13日,令和 5年議会運営委員会（ 9月13日）,委員,川端宏明,M006
R050913B04,令和 5年 9月13日,令和 5年議会運営委員会（ 9月13日）,副委員長,島津明香,M011
R050913B04,令和 5年 9月13日,令和 5年議会運営委員会（ 9月13日）,委員,大西由紀,M005
R050913B04,令和 5年 9月13日,令和 5年議会運営委員会（ 9月13日）,委員,山田光昭,M018
R050913B04,令和 5年 9月13日,令和 5年議会運営委員会（ 9月13日）,委員,北野誠一郎,M007
R050913B04,令和 5年 9月13日,令和 5年議会運営委員会（ 9月13日）,委員,石崎徹,M001
R050913B04,令和 5年 9月13日,令和 5年議会運営委員会（ 9月13日）,議長,今竹大祐,M003
R050913B04,令和 5年 9月13日,令和 5年議会運営委員会（ 9月13日）,副議長,鷹尾治久,M013
R050913B06,令和 5年 9月13日,令和 5年高砂市民病院経営改善対策特別委員会（ 9月13日）,委員長,鈴木利信,M012
R050913B06,令和 5年 9月13日,令和 5年高砂市民病院経営改善対策特別委員会（ 9月13日）,委員,大西由紀,M005
R050913B06,令和 5年 9月13日,令和 5年高砂市民病院経営改善対策特別委員会（ 9月13日）,副委員長,岩見明,M004
R050913B06,令和 5年 9月13日,令和 5年高砂市民病院経営改善対策特別委員会（ 9月13日）,委員,春増勝利,M014
R050913B06,令和 5年 9月13日,令和 5年高砂市民病院経営改善対策特別委員会（ 9月13日）,委員,松野優也,M016
R050913B06,令和 5年 9月13日,令和 5年高砂市民病院経営改善対策特別委員会（ 9月13日）,委員,芝本鎮彰,M010
R050913B06,令和 5年 9月13日,令和 5年高砂市民病院経営改善対策特別委員会（ 9月13日）,委員,坂本まり,M008
R050914B02,令和 5年 9月14日,令和 5年文教厚生常任委員会（ 9月14日）,委員長,山田光昭,M018
R050914B02,令和 5年 9月14日,令和 5年文教厚生常任委員会（ 9月14日）,委員,島津明香,M011
R050914B02,令和 5年 9月14日,令和 5年文教厚生常任委員会（ 9月14日）,副委員長,春増勝利,M014
R050914B02,令和 5年 9月14日,令和 5年文教厚生常任委員会（ 9月14日）,委員,鷹尾治久,M013
R050914B02,令和 5年 9月14日,令和 5年文教厚生常任委員会（ 9月14日）,委員,大西由紀,M005
R050914B02,令和 5年 9月14日,令和 5年文教厚生常任委員会（ 9月14日）,委員,藤森誠,M015
R050914B02,令和 5年 9月14日,令和 5年文教厚生常任委員会（ 9月14日）,委員,北野誠一郎,M007
R050914B04,令和 5年 9月14日,令和 5年議会運営委員会（ 9月14日）,委員長,森秀樹,M017
R050914B04,令和 5年 9月14日,令和 5年議会運営委員会（ 9月14日）,委員,北野誠一郎,M007
R050914B04,令和 5年 9月14日,令和 5年議会運営委員会（ 9月14日）,副委員長,川端宏明,M006
R050914B04,令和 5年 9月14日,令和 5年議会運営委員会（ 9月14日）,委員,今竹大祐,M003
R050914B04,令和 5年 9月14日,令和 5年議会運営委員会（ 9月14日）,委員,山田光昭,M018
R050914B04,令和 5年 9月14日,令和 5年議会運営委員会（ 9月14日）,委員,鷹尾治久,M013
R050914B04,令和 5年 9月14日,令和 5年議会運営委員会（ 9月14日）,委員,横田英樹,M019
R050914B04,令和 5年 9月14日,令和 5年議会運営委員会（ 9月14日）,議長,藤森誠,M015
R050914B04,令和 5年 9月14日,令和 5年議会運営委員会（ 9月14日）,副議長,石崎徹,M001
R050915B04,令和 5年 9月15日,令和 5年議会運営委員会（ 9月15日）,委員長,森秀樹,M017
R050915B04,令和 5年 9月15日,令和 5年議会運営委員会（ 9月15日）,委員,北野誠一郎,M007
R050915B04,令和 5年 9月15日,令和 5年議会運営委員会（ 9月15日）,副委員長,川端宏明,M006
R050915B04,令和 5年 9月15日,令和 5年議会運営委員会（ 9月15日）,委員,今竹大祐,M003
R050915B04,令和 5年 9月15日,令和 5年議会運営委員会（ 9月15日）,委員,山田光昭,M018
R050915B04,令和 5年 9月15日,令和 5年議会運営委員会（ 9月15日）,委員,鷹尾治久,M013
R050915B04,令和 5年 9月15日,令和 5年議会運営委員会（ 9月15日）,委員,横田英樹,M019
R050915B04,令和 5年 9月15日,令和 5年議会運営委員会（ 9月15日）,議長,藤森誠,M015
R050915B04,令和 5年 9月15日,令和 5年議会運営委員会（ 9月15日）,副議長,石崎徹,M001
R050922B01,令和 5年 9月22日,令和 5年総務常任委員会（ 9月22日）,委員長,岩見明,M004
R050922B01,令和 5年 9月22日,令和 5年総務常任委員会（ 9月22日）,委員,横田英樹,M019
R050922B01,令和 5年 9月22日,令和 5年総務常任委員会（ 9月22日）,副委員長,入江啓太,M002
R050922B01,令和 5年 9月22日,令和 5年総務常任委員会（ 9月22日）,委員,迫川高行,M009
R050922B01,令和 5年 9月22日,令和 5年総務常任委員会（ 9月22日）,委員,松野優也,M016
R050922B01,令和 5年 9月22日,令和 5年総務常任委員会（ 9月22日）,委員,石崎徹,M001
R050922B02,令和 5年 9月22日,令和 5年文教厚生常任委員会（ 9月22日）,委員長,山田光昭,M018
R050922B02,令和 5年 9月22日,令和 5年文教厚生常任委員会（ 9月22日）,副委員長,春増勝利,M014
R050922B02,令和 5年 9月22日,令和 5年文教厚生常任委員会（ 9月22日）,委員,島津明香,M011
R050922B02,令和 5年 9月22日,令和 5年文教厚生常任委員会（ 9月22日）,委員,大西由紀,M005
R050922B02,令和 5年 9月22日,令和 5年文教厚生常任委員会（ 9月22日）,委員,鷹尾治久,M013
R050922B02,令和 5年 9月22日,令和 5年文教厚生常任委員会（ 9月22日）,委員,北野誠一郎,M007
R050922B02,令和 5年 9月22日,令和 5年文教厚生常任委員会（ 9月22日）,委員,藤森誠,M015
R050922B03,令和 5年 9月22日,令和 5年建設環境経済常任委員会（ 9月22日）,委員長,芝本鎮彰,M010
R050922B03,令和 5年 9月22日,令和 5年建設環境経済常任委員会（ 9月22日）,委員,川端宏明,M006
R050922B03,令和 5年 9月22日,令和 5年建設環境経済常任委員会（ 9月22日）,副委員長,坂本まり,M008
R050922B03,令和 5年 9月22日,令和 5年建設環境経済常任委員会（ 9月22日）,委員,今竹大祐,M003
R050922B03,令和 5年 9月22日,令和 5年建設環境経済常任委員会（ 9月22日）,委員,鈴木利信,M012
R050922B03,令和 5年 9月22日,令和 5年建設環境経済常任委員会（ 9月22日）,委員,森秀樹,M017
R050922B06,令和 5年 9月22日,令和 5年高砂市民病院経営改善対策特別委員会（ 9月22日）,委員長,鈴木利信,M012
R050922B06,令和 5年 9月22日,令和 5年高砂市民病院経営改善対策特別委員会（ 9月22日）,委員,大西由紀,M005
R050922B06,令和 5年 9月22日,令和 5年高砂市民病院経営改善対策特別委員会（ 9月22日）,副委員長,岩見明,M004
R050922B06,令和 5年 9月22日,令和 5年高砂市民病院経営改善対策特別委員会（ 9月22日）,委員,春増勝利,M014
R050922B06,令和 5年 9月22日,令和 5年高砂市民病院経営改善対策特別委員会（ 9月22日）,委員,松野優也,M016
R050922B06,令和 5年 9月22日,令和 5年高砂市民病院経営改善対策特別委員会（ 9月22日）,委員,芝本鎮彰,M010
R050922B06,令和 5年 9月22日,令和 5年高砂市民病院経営改善対策特別委員会（ 9月22日）,委員,坂本まり,M008
R050922B06,令和 5年 9月22日,令和 5年高砂市民病院経営改善対策特別委員会（ 9月22日）,議長,藤森誠,M015
R050925B01,令和 5年 9月25日,令和 5年総務常任委員会（ 9月25日）,委員長,岩見明,M004
R050925B01,令和 5年 9月25日,令和 5年総務常任委員会（ 9月25日）,委員,横田英樹,M019
R050925B01,令和 5年 9月25日,令和 5年総務常任委員会（ 9月25日）,副委員長,入江啓太,M002
R050925B01,令和 5年 9月25日,令和 5年総務常任委員会（ 9月25日）,委員,迫川高行,M009
R050925B01,令和 5年 9月25日,令和 5年総務常任委員会（ 9月25日）,委員,松野優也,M016
R050925B01,令和 5年 9月25日,令和 5年総務常任委員会（ 9月25日）,委員,石崎徹,M001
R050925B02,令和 5年 9月25日,令和 5年文教厚生常任委員会（ 9月25日）,委員長,山田光昭,M018
R050925B02,令和 5年 9月25日,令和 5年文教厚生常任委員会（ 9月25日）,委員,島津明香,M011
R050925B02,令和 5年 9月25日,令和 5年文教厚生常任委員会（ 9月25日）,副委員長,春増勝利,M014
R050925B02,令和 5年 9月25日,令和 5年文教厚生常任委員会（ 9月25日）,委員,鷹尾治久,M013
R050925B02,令和 5年 9月25日,令和 5年文教厚生常任委員会（ 9月25日）,委員,大西由紀,M005
R050925B02,令和 5年 9月25日,令和 5年文教厚生常任委員会（ 9月25日）,委員,藤森誠,M015
R050925B02,令和 5年 9月25日,令和 5年文教厚生常任委員会（ 9月25日）,委員,北野誠一郎,M007
R050925B03,令和 5年 9月25日,令和 5年建設環境経済常任委員会（ 9月25日）,委員長,芝本鎮彰,M010
R050925B03,令和 5年 9月25日,令和 5年建設環境経済常任委員会（ 9月25日）,委員,川端宏明,M006
R050925B03,令和 5年 9月25日,令和 5年建設環境経済常任委員会（ 9月25日）,副委員長,坂本まり,M008
R050925B03,令和 5年 9月25日,令和 5年建設環境経済常任委員会（ 9月25日）,委員,今竹大祐,M003
R050925B03,令和 5年 9月25日,令和 5年建設環境経済常任委員会（ 9月25日）,委員,鈴木利信,M012
R050925B03,令和 5年 9月25日,令和 5年建設環境経済常任委員会（ 9月25日）,委員,森秀樹,M017
R050925B04,令和 5年 9月25日,令和 5年議会運営委員会（ 9月25日）,委員長,森秀樹,M017
R050925B04,令和 5年 9月25日,令和 5年議会運営委員会（ 9月25日）,委員,北野誠一郎,M007
R050925B04,令和 5年 9月25日,令和 5年議会運営委員会（ 9月25日）,副委員長,川端宏明,M006
R050925B04,令和 5年 9月25日,令和 5年議会運営委員会（ 9月25日）,委員,今竹大祐,M003
R050925B04,令和 5年 9月25日,令和 5年議会運営委員会（ 9月25日）,委員,山田光昭,M018
R050925B04,令和 5年 9月25日,令和 5年議会運営委員会（ 9月25日）,委員,鷹尾治久,M013
R050925B04,令和 5年 9月25日,令和 5年議会運営委員会（ 9月25日）,委員,横田英樹,M019
R050925B04,令和 5年 9月25日,令和 5年議会運営委員会（ 9月25日）,議長,藤森誠,M015
R050925B04,令和 5年 9月25日,令和 5年議会運営委員会（ 9月25日）,副議長,石崎徹,M001
R050926B02,令和 5年 9月26日,令和 5年文教厚生常任委員会（ 9月26日）,委員長,山田光昭,M018
R050926B02,令和 5年 9月26日,令和 5年文教厚生常任委員会（ 9月26日）,委員,島津明香,M011
R050926B02,令和 5年 9月26日,令和 5年文教厚生常任委員会（ 9月26日）,副委員長,春増勝利,M014
R050926B02,令和 5年 9月26日,令和 5年文教厚生常任委員会（ 9月26日）,委員,鷹尾治久,M013
R050926B02,令和 5年 9月26日,令和 5年文教厚生常任委員会（ 9月26日）,委員,大西由紀,M005
R050926B02,令和 5年 9月26日,令和 5年文教厚生常任委員会（ 9月26日）,委員,藤森誠,M015
R050926B02,令和 5年 9月26日,令和 5年文教厚生常任委員会（ 9月26日）,委員,北野誠一郎,M007
R050927B01,令和 5年 9月27日,令和 5年総務常任委員会（ 9月27日）,委員長,岩見明,M004
R050927B01,令和 5年 9月27日,令和 5年総務常任委員会（ 9月27日）,委員,横田英樹,M019
R050927B01,令和 5年 9月27日,令和 5年総務常任委員会（ 9月27日）,副委員長,入江啓太,M002
R050927B01,令和 5年 9月27日,令和 5年総務常任委員会（ 9月27日）,委員,迫川高行,M009
R050927B01,令和 5年 9月27日,令和 5年総務常任委員会（ 9月27日）,委員,松野優也,M016
R050927B01,令和 5年 9月27日,令和 5年総務常任委員会（ 9月27日）,委員,石崎徹,M001
R050927B04,令和 5年 9月27日,令和 5年議会運営委員会（ 9月27日）,委員長,森秀樹,M017
R050927B04,令和 5年 9月27日,令和 5年議会運営委員会（ 9月27日）,委員,北野誠一郎,M007
R050927B04,令和 5年 9月27日,令和 5年議会運営委員会（ 9月27日）,副委員長,川端宏明,M006
R050927B04,令和 5年 9月27日,令和 5年議会運営委員会（ 9月27日）,委員,今竹大祐,M003
R050927B04,令和 5年 9月27日,令和 5年議会運営委員会（ 9月27日）,委員,山田光昭,M018
R050927B04,令和 5年 9月27日,令和 5年議会運営委員会（ 9月27日）,委員,鷹尾治久,M013
R050927B04,令和 5年 9月27日,令和 5年議会運営委員会（ 9月27日）,委員,横田英樹,M019
R050927B04,令和 5年 9月27日,令和 5年議会運営委員会（ 9月27日）,議長,藤森誠,M015
R050927B04,令和 5年 9月27日,令和 5年議会運営委員会（ 9月27日）,副議長,石崎徹,M001
R050927B05,令和 5年 9月27日,令和 5年決算特別委員会（ 9月27日）,委員長,坂本まり,M008
R050927B05,令和 5年 9月27日,令和 5年決算特別委員会（ 9月27日）,委員,大西由紀,M005
R050927B05,令和 5年 9月27日,令和 5年決算特別委員会（ 9月27日）,副委員長,迫川高行,M009
R050927B05,令和 5年 9月27日,令和 5年決算特別委員会（ 9月27日）,委員,石崎徹,M001
R050927B05,令和 5年 9月27日,令和 5年決算特別委員会（ 9月27日）,委員,入江啓太,M002
R051006B05,令和 5年10月 6日,令和 5年決算特別委員会（10月 6日）,委員長,坂本まり,M008
R051006B05,令和 5年10月 6日,令和 5年決算特別委員会（10月 6日）,委員,鈴木利信,M012
R051006B05,令和 5年10月 6日,令和 5年決算特別委員会（10月 6日）,副委員長,迫川高行,M009
R051006B05,令和 5年10月 6日,令和 5年決算特別委員会（10月 6日）,委員,大西由紀,M005
R051006B05,令和 5年10月 6日,令和 5年決算特別委員会（10月 6日）,委員,入江啓太,M002
R051006B05,令和 5年10月 6日,令和 5年決算特別委員会（10月 6日）,委員,石崎徹,M001
R051019B05,令和 5年10月19日,令和 5年決算特別委員会（10月19日）,委員長,坂本まり,M008
R051019B05,令和 5年10月19日,令和 5年決算特別委員会（10月19日）,委員,鈴木利信,M012
R051019B05,令和 5年10月19日,令和 5年決算特別委員会（10月19日）,副委員長,迫川高行,M009
R051019B05,令和 5年10月19日,令和 5年決算特別委員会（10月19日）,委員,大西由紀,M005
R051019B05,令和 5年10月19日,令和 5年決算特別委員会（10月19日）,委員,入江啓太,M002
R051019B05,令和 5年10月19日,令和 5年決算特別委員会（10月19日）,委員,石崎徹,M001
R051019B05,令和 5年10月19日,令和 5年決算特別委員会（10月19日）,議長,藤森誠,M015
R051023B06,令和 5年10月23日,令和 5年高砂市民病院経営改善対策特別委員会（10月23日）,委員長,鈴木利信,M012
R051023B06,令和 5年10月23日,令和 5年高砂市民病院経営改善対策特別委員会（10月23日）,委員,大西由紀,M005
R051023B06,令和 5年10月23日,令和 5年高砂市民病院経営改善対策特別委員会（10月23日）,副委員長,岩見明,M004
R051023B06,令和 5年10月23日,令和 5年高砂市民病院経営改善対策特別委員会（10月23日）,委員,春増勝利,M014
R051023B06,令和 5年10月23日,令和 5年高砂市民病院経営改善対策特別委員会（10月23日）,委員,松野優也,M016
R051023B06,令和 5年10月23日,令和 5年高砂市民病院経営改善対策特別委員会（10月23日）,委員,芝本鎮彰,M010
R051023B06,令和 5年10月23日,令和 5年高砂市民病院経営改善対策特別委員会（10月23日）,委員,坂本まり,M008
R051030B01,令和 5年10月30日,令和 5年総務常任委員会（10月30日）,委員長,岩見明,M004
R051030B01,令和 5年10月30日,令和 5年総務常任委員会（10月30日）,委員,横田英樹,M019
R051030B01,令和 5年10月30日,令和 5年総務常任委員会（10月30日）,副委員長,入江啓太,M002
R051030B01,令和 5年10月30日,令和 5年総務常任委員会（10月30日）,委員,迫川高行,M009
R051030B01,令和 5年10月30日,令和 5年総務常任委員会（10月30日）,委員,松野優也,M016
R051030B01,令和 5年10月30日,令和 5年総務常任委員会（10月30日）,委員,石崎徹,M001
R051030B02,令和 5年10月30日,令和 5年文教厚生常任委員会（10月30日）,委員長,山田光昭,M018
R051030B02,令和 5年10月30日,令和 5年文教厚生常任委員会（10月30日）,委員,北野誠一郎,M007
R051030B02,令和 5年10月30日,令和 5年文教厚生常任委員会（10月30日）,副委員長,春増勝利,M014
R051030B02,令和 5年10月30日,令和 5年文教厚生常任委員会（10月30日）,委員,鷹尾治久,M013
R051030B02,令和 5年10月30日,令和 5年文教厚生常任委員会（10月30日）,委員,大西由紀,M005
R051030B02,令和 5年10月30日,令和 5年文教厚生常任委員会（10月30日）,委員,藤森誠,M015
R051030B03,令和 5年10月30日,令和 5年建設環境経済常任委員会（10月30日）,委員長,芝本鎮彰,M010
R051030B03,令和 5年10月30日,令和 5年建設環境経済常任委員会（10月30日）,委員,川端宏明,M006
R051030B03,令和 5年10月30日,令和 5年建設環境経済常任委員会（10月30日）,副委員長,坂本まり,M008
R051030B03,令和 5年10月30日,令和 5年建設環境経済常任委員会（10月30日）,委員,今竹大祐,M003
R051030B03,令和 5年10月30日,令和 5年建設環境経済常任委員会（10月30日）,委員,鈴木利信,M012
R051030B03,令和 5年10月30日,令和 5年建設環境経済常任委員会（10月30日）,委員,森秀樹,M017
R051031B05,令和 5年10月31日,令和 5年決算特別委員会（10月31日）,委員長,坂本まり,M008
R051031B05,令和 5年10月31日,令和 5年決算特別委員会（10月31日）,委員,鈴木利信,M012
R051031B05,令和 5年10月31日,令和 5年決算特別委員会（10月31日）,副委員長,迫川高行,M009
R051031B05,令和 5年10月31日,令和 5年決算特別委員会（10月31日）,委員,大西由紀,M005
R051031B05,令和 5年10月31日,令和 5年決算特別委員会（10月31日）,委員,入江啓太,M002
R051031B05,令和 5年10月31日,令和 5年決算特別委員会（10月31日）,委員,石崎徹,M001
R051101B05,令和 5年11月 1日,令和 5年決算特別委員会（11月 1日）,委員長,坂本まり,M008
R051101B05,令和 5年11月 1日,令和 5年決算特別委員会（11月 1日）,委員,鈴木利信,M012
R051101B05,令和 5年11月 1日,令和 5年決算特別委員会（11月 1日）,副委員長,迫川高行,M009
R051101B05,令和 5年11月 1日,令和 5年決算特別委員会（11月 1日）,委員,大西由紀,M005
R051101B05,令和 5年11月 1日,令和 5年決算特別委員会（11月 1日）,委員,入江啓太,M002
R051101B05,令和 5年11月 1日,令和 5年決算特別委員会（11月 1日）,委員,石崎徹,M001
R051106B05,令和 5年11月 6日,令和 5年決算特別委員会（11月 6日）,委員長,坂本まり,M008
R051106B05,令和 5年11月 6日,令和 5年決算特別委員会（11月 6日）,委員,鈴木利信,M012
R051106B05,令和 5年11月 6日,令和 5年決算特別委員会（11月 6日）,副委員長,迫川高行,M009
R051106B05,令和 5年11月 6日,令和 5年決算特別委員会（11月 6日）,委員,大西由紀,M005
R051106B05,令和 5年11月 6日,令和 5年決算特別委員会（11月 6日）,委員,入江啓太,M002
R051106B05,令和 5年11月 6日,令和 5年決算特別委員会（11月 6日）,委員,石崎徹,M001
R051107B05,令和 5年11月 7日,令和 5年決算特別委員会（11月 7日）,委員長,坂本まり,M008
R051107B05,令和 5年11月 7日,令和 5年決算特別委員会（11月 7日）,委員,鈴木利信,M012
R051107B05,令和 5年11月 7日,令和 5年決算特別委員会（11月 7日）,副委員長,迫川高行,M009
R051107B05,令和 5年11月 7日,令和 5年決算特別委員会（11月 7日）,委員,大西由紀,M005
R051107B05,令和 5年11月 7日,令和 5年決算特別委員会（11月 7日）,委員,入江啓太,M002
R051107B05,令和 5年11月 7日,令和 5年決算特別委員会（11月 7日）,委員,石崎徹,M001
R051110B05,令和 5年11月10日,令和 5年決算特別委員会（11月10日）,委員長,坂本まり,M008
R051110B05,令和 5年11月10日,令和 5年決算特別委員会（11月10日）,委員,鈴木利信,M012
R051110B05,令和 5年11月10日,令和 5年決算特別委員会（11月10日）,副委員長,迫川高行,M009
R051110B05,令和 5年11月10日,令和 5年決算特別委員会（11月10日）,委員,大西由紀,M005
R051110B05,令和 5年11月10日,令和 5年決算特別委員会（11月10日）,委員,入江啓太,M002
R051110B05,令和 5年11月10日,令和 5年決算特別委員会（11月10日）,委員,石崎徹,M001
R051113B04,令和 5年11月13日,令和 5年議会運営委員会（11月13日）,委員長,森秀樹,M017
R051113B04,令和 5年11月13日,令和 5年議会運営委員会（11月13日）,委員,北野誠一郎,M007
R051113B04,令和 5年11月13日,令和 5年議会運営委員会（11月13日）,副委員長,川端宏明,M006
R051113B04,令和 5年11月13日,令和 5年議会運営委員会（11月13日）,委員,今竹大祐,M003
R051113B04,令和 5年11月13日,令和 5年議会運営委員会（11月13日）,委員,山田光昭,M018
R051113B04,令和 5年11月13日,令和 5年議会運営委員会（11月13日）,委員,鷹尾治久,M013
R051113B04,令和 5年11月13日,令和 5年議会運営委員会（11月13日）,委員,横田英樹,M019
R051113B04,令和 5年11月13日,令和 5年議会運営委員会（11月13日）,議長,藤森誠,M015
R051113B04,令和 5年11月13日,令和 5年議会運営委員会（11月13日）,副議長,石崎徹,M001
R051116B05,令和 5年11月16日,令和 5年決算特別委員会（11月16日）,委員長,坂本まり,M008
R051116B05,令和 5年11月16日,令和 5年決算特別委員会（11月16日）,委員,鈴木利信,M012
R051116B05,令和 5年11月16日,令和 5年決算特別委員会（11月16日）,副委員長,迫川高行,M009
R051116B05,令和 5年11月16日,令和 5年決算特別委員会（11月16日）,委員,大西由紀,M005
R051116B05,令和 5年11月16日,令和 5年決算特別委員会（11月16日）,委員,入江啓太,M002
R051116B05,令和 5年11月16日,令和 5年決算特別委員会（11月16日）,委員,石崎徹,M001
R051117B05,令和 5年11月17日,令和 5年決算特別委員会（11月17日）,委員長,坂本まり,M008
R051117B05,令和 5年11月17日,令和 5年決算特別委員会（11月17日）,委員,鈴木利信,M012
R051117B05,令和 5年11月17日,令和 5年決算特別委員会（11月17日）,副委員長,迫川高行,M009
R051117B05,令和 5年11月17日,令和 5年決算特別委員会（11月17日）,委員,大西由紀,M005
R051117B05,令和 5年11月17日,令和 5年決算特別委員会（11月17日）,委員,入江啓太,M002
R051117B05,令和 5年11月17日,令和 5年決算特別委員会（11月17日）,委員,石崎徹,M001
R051120B03,令和 5年11月20日,令和 5年建設環境経済常任委員会（11月20日）,委員長,芝本鎮彰,M010
R051120B03,令和 5年11月20日,令和 5年建設環境経済常任委員会（11月20日）,委員,川端宏明,M006
R051120B03,令和 5年11月20日,令和 5年建設環境経済常任委員会（11月20日）,副委員長,坂本まり,M008
R051120B03,令和 5年11月20日,令和 5年建設環境経済常任委員会（11月20日）,委員,今竹大祐,M003
R051120B03,令和 5年11月20日,令和 5年建設環境経済常任委員会（11月20日）,委員,鈴木利信,M012
R051120B03,令和 5年11月20日,令和 5年建設環境経済常任委員会（11月20日）,委員,森秀樹,M017
R051121B01,令和 5年11月21日,令和 5年総務常任委員会（11月21日）,委員長,岩見明,M004
R051121B01,令和 5年11月21日,令和 5年総務常任委員会（11月21日）,委員,横田英樹,M019
R051121B01,令和 5年11月21日,令和 5年総務常任委員会（11月21日）,副委員長,入江啓太,M002
R051121B01,令和 5年11月21日,令和 5年総務常任委員会（11月21日）,委員,迫川高行,M009
R051121B01,令和 5年11月21日,令和 5年総務常任委員会（11月21日）,委員,松野優也,M016
R051121B01,令和 5年11月21日,令和 5年総務常任委員会（11月21日）,委員,石崎徹,M001
R051121B02,令和 5年11月21日,令和 5年文教厚生常任委員会（11月21日）,委員長,山田光昭,M018
R051121B02,令和 5年11月21日,令和 5年文教厚生常任委員会（11月21日）,委員,北野誠一郎,M007
R051121B02,令和 5年11月21日,令和 5年文教厚生常任委員会（11月21日）,副委員長,春増勝利,M014
R051121B02,令和 5年11月21日,令和 5年文教厚生常任委員会（11月21日）,委員,鷹尾治久,M013
R051121B02,令和 5年11月21日,令和 5年文教厚生常任委員会（11月21日）,委員,大西由紀,M005
R051121B02,令和 5年11月21日,令和 5年文教厚生常任委員会（11月21日）,委員,藤森誠,M015
R051122B06,令和 5年11月22日,令和 5年高砂市民病院経営改善対策特別委員会（11月22日）,委員長,鈴木利信,M012
R051122B06,令和 5年11月22日,令和 5年高砂市民病院経営改善対策特別委員会（11月22日）,委員,大西由紀,M005
R051122B06,令和 5年11月22日,令和 5年高砂市民病院経営改善対策特別委員会（11月22日）,副委員長,岩見明,M004
R051122B06,令和 5年11月22日,令和 5年高砂市民病院経営改善対策特別委員会（11月22日）,委員,春増勝利,M014
R051122B06,令和 5年11月22日,令和 5年高砂市民病院経営改善対策特別委員会（11月22日）,委員,松野優也,M016
R051122B06,令和 5年11月22日,令和 5年高砂市民病院経営改善対策特別委員会（11月22日）,委員,芝本鎮彰,M010
R051122B06,令和 5年11月22日,令和 5年高砂市民病院経営改善対策特別委員会（11月22日）,委員,坂本まり,M008
R051124B05,令和 5年11月24日,令和 5年決算特別委員会（11月24日）,委員長,坂本まり,M008
R051124B05,令和 5年11月24日,令和 5年決算特別委員会（11月24日）,委員,鈴木利信,M012
R051124B05,令和 5年11月24日,令和 5年決算特別委員会（11月24日）,副委員長,迫川高行,M009
R051124B05,令和 5年11月24日,令和 5年決算特別委員会（11月24日）,委員,大西由紀,M005
R051124B05,令和 5年11月24日,令和 5年決算特別委員会（11月24日）,委員,入江啓太,M002
R051124B05,令和 5年11月24日,令和 5年決算特別委員会（11月24日）,委員,石崎徹,M001
R051124B05,令和 5年11月24日,令和 5年決算特別委員会（11月24日）,議長,藤森誠,M015
R051127B05,令和 5年11月27日,令和 5年決算特別委員会（11月27日）,委員長,坂本まり,M008
R051127B05,令和 5年11月27日,令和 5年決算特別委員会（11月27日）,委員,鈴木利信,M012
R051127B05,令和 5年11月27日,令和 5年決算特別委員会（11月27日）,副委員長,迫川高行,M009
R051127B05,令和 5年11月27日,令和 5年決算特別委員会（11月27日）,委員,大西由紀,M005
R051127B05,令和 5年11月27日,令和 5年決算特別委員会（11月27日）,委員,入江啓太,M002
R051127B05,令和 5年11月27日,令和 5年決算特別委員会（11月27日）,委員,石崎徹,M001
R051128B04,令和 5年11月28日,令和 5年議会運営委員会（11月28日）,委員長,森秀樹,M017
R051128B04,令和 5年11月28日,令和 5年議会運営委員会（11月28日）,委員,北野誠一郎,M007
R051128B04,令和 5年11月28日,令和 5年議会運営委員会（11月28日）,副委員長,川端宏明,M006
R051128B04,令和 5年11月28日,令和 5年議会運営委員会（11月28日）,委員,今竹大祐,M003
R051128B04,令和 5年11月28日,令和 5年議会運営委員会（11月28日）,委員,山田光昭,M018
R051128B04,令和 5年11月28日,令和 5年議会運営委員会（11月28日）,委員,鷹尾治久,M013
R051128B04,令和 5年11月28日,令和 5年議会運営委員会（11月28日）,委員,横田英樹,M019
R051128B04,令和 5年11月28日,令和 5年議会運営委員会（11月28日）,議長,藤森誠,M015
R051128B04,令和 5年11月28日,令和 5年議会運営委員会（11月28日）,副議長,石崎徹,M001
R051205B04,令和 5年12月 5日,令和 5年議会運営委員会（12月 5日）,委員長,森秀樹,M017
R051205B04,令和 5年12月 5日,令和 5年議会運営委員会（12月 5日）,委員,北野誠一郎,M007
R051205B04,令和 5年12月 5日,令和 5年議会運営委員会（12月 5日）,副委員長,川端宏明,M006
R051205B04,令和 5年12月 5日,令和 5年議会運営委員会（12月 5日）,委員,今竹大祐,M003
R051205B04,令和 5年12月 5日,令和 5年議会運営委員会（12月 5日）,委員,山田光昭,M018
R051205B04,令和 5年12月 5日,令和 5年議会運営委員会（12月 5日）,委員,鷹尾治久,M013
R051205B04,令和 5年12月 5日,令和 5年議会運営委員会（12月 5日）,委員,横田英樹,M019
R051205B04,令和 5年12月 5日,令和 5年議会運営委員会（12月 5日）,議長,藤森誠,M015
R051205B04,令和 5年12月 5日,令和 5年議会運営委員会（12月 5日）,副議長,石崎徹,M001
R051208B04,令和 5年12月 8日,令和 5年議会運営委員会（12月 8日）,委員長,森秀樹,M017
R051208B04,令和 5年12月 8日,令和 5年議会運営委員会（12月 8日）,委員,北野誠一郎,M007
R051208B04,令和 5年12月 8日,令和 5年議会運営委員会（12月 8日）,副委員長,川端宏明,M006
R051208B04,令和 5年12月 8日,令和 5年議会運営委員会（12月 8日）,委員,今竹大祐,M003
R051208B04,令和 5年12月 8日,令和 5年議会運営委員会（12月 8日）,委員,山田光昭,M018
R051208B04,令和 5年12月 8日,令和 5年議会運営委員会（12月 8日）,委員,鷹尾治久,M013
R051208B04,令和 5年12月 8日,令和 5年議会運営委員会（12月 8日）,委員,横田英樹,M019
R051208B04,令和 5年12月 8日,令和 5年議会運営委員会（12月 8日）,議長,藤森誠,M015
R051208B04,令和 5年12月 8日,令和 5年議会運営委員会（12月 8日）,副議長,石崎徹,M001
R051212B02,令和 5年12月12日,令和 5年文教厚生常任委員会（12月12日）,委員長,山田光昭,M018
R051212B02,令和 5年12月12日,令和 5年文教厚生常任委員会（12月12日）,委員,島津明香,M011
R051212B02,令和 5年12月12日,令和 5年文教厚生常任委員会（12月12日）,副委員長,春増勝利,M014
R051212B02,令和 5年12月12日,令和 5年文教厚生常任委員会（12月12日）,委員,鷹尾治久,M013
R051212B02,令和 5年12月12日,令和 5年文教厚生常任委員会（12月12日）,委員,大西由紀,M005
R051212B02,令和 5年12月12日,令和 5年文教厚生常任委員会（12月12日）,委員,藤森誠,M015
R051212B02,令和 5年12月12日,令和 5年文教厚生常任委員会（12月12日）,委員,北野誠一郎,M007
R051212B03,令和 5年12月12日,令和 5年建設環境経済常任委員会（12月12日）,委員長,芝本鎮彰,M010
R051212B03,令和 5年12月12日,令和 5年建設環境経済常任委員会（12月12日）,委員,川端宏明,M006
R051212B03,令和 5年12月12日,令和 5年建設環境経済常任委員会（12月12日）,副委員長,坂本まり,M008
R051212B03,令和 5年12月12日,令和 5年建設環境経済常任委員会（12月12日）,委員,今竹大祐,M003
R051212B03,令和 5年12月12日,令和 5年建設環境経済常任委員会（12月12日）,委員,鈴木利信,M012
R051212B03,令和 5年12月12日,令和 5年建設環境経済常任委員会（12月12日）,委員,森秀樹,M017
R051212B04,令和 5年12月12日,令和 5年議会運営委員会（12月12日）,委員長,森秀樹,M017
R051212B04,令和 5年12月12日,令和 5年議会運営委員会（12月12日）,委員,北野誠一郎,M007
R051212B04,令和 5年12月12日,令和 5年議会運営委員会（12月12日）,副委員長,川端宏明,M006
R051212B04,令和 5年12月12日,令和 5年議会運営委員会（12月12日）,委員,今竹大祐,M003
R051212B04,令和 5年12月12日,令和 5年議会運営委員会（12月12日）,委員,山田光昭,M018
R051212B04,令和 5年12月12日,令和 5年議会運営委員会（12月12日）,委員,鷹尾治久,M013
R051212B04,令和 5年12月12日,令和 5年議会運営委員会（12月12日）,委員,横田英樹,M019
R051212B04,令和 5年12月12日,令和 5年議会運営委員会（12月12日）,議長,藤森誠,M015
R051212B04,令和 5年12月12日,令和 5年議会運営委員会（12月12日）,副議長,石崎徹,M001
R051213B01,令和 5年12月13日,令和 5年総務常任委員会（12月13日）,委員長,岩見明,M004
R051213B01,令和 5年12月13日,令和 5年総務常任委員会（12月13日）,委員,横田英樹,M019
R051213B01,令和 5年12月13日,令和 5年総務常任委員会（12月13日）,副委員長,入江啓太,M002
R051213B01,令和 5年12月13日,令和 5年総務常任委員会（12月13日）,委員,迫川高行,M009
R051213B01,令和 5年12月13日,令和 5年総務常任委員会（12月13日）,委員,松野優也,M016
R051213B01,令和 5年12月13日,令和 5年総務常任委員会（12月13日）,委員,石崎徹,M001
R051213B02,令和 5年12月13日,令和 5年文教厚生常任委員会（12月13日）,委員長,山田光昭,M018
R051213B02,令和 5年12月13日,令和 5年文教厚生常任委員会（12月13日）,委員,島津明香,M011
R051213B02,令和 5年12月13日,令和 5年文教厚生常任委員会（12月13日）,副委員長,春増勝利,M014
R051213B02,令和 5年12月13日,令和 5年文教厚生常任委員会（12月13日）,委員,鷹尾治久,M013
R051213B02,令和 5年12月13日,令和 5年文教厚生常任委員会（12月13日）,委員,大西由紀,M005
R051213B02,令和 5年12月13日,令和 5年文教厚生常任委員会（12月13日）,委員,藤森誠,M015
R051213B02,令和 5年12月13日,令和 5年文教厚生常任委員会（12月13日）,委員,北野誠一郎,M007
R051213B03,令和 5年12月13日,令和 5年建設環境経済常任委員会（12月13日）,委員長,芝本鎮彰,M010
R051213B03,令和 5年12月13日,令和 5年建設環境経済常任委員会（12月13日）,委員,川端宏明,M006
R051213B03,令和 5年12月13日,令和 5年建設環境経済常任委員会（12月13日）,副委員長,坂本まり,M008
R051213B03,令和 5年12月13日,令和 5年建設環境経済常任委員会（12月13日）,委員,今竹大祐,M003
R051213B03,令和 5年12月13日,令和 5年建設環境経済常任委員会（12月13日）,委員,鈴木利信,M012
R051213B03,令和 5年12月13日,令和 5年建設環境経済常任委員会（12月13日）,委員,森秀樹,M017
R051213B06,令和 5年12月13日,令和 5年高砂市民病院経営改善対策特別委員会（12月13日）,委員長,鈴木利信,M012
R051213B06,令和 5年12月13日,令和 5年高砂市民病院経営改善対策特別委員会（12月13日）,委員,大西由紀,M005
R051213B06,令和 5年12月13日,令和 5年高砂市民病院経営改善対策特別委員会（12月13日）,副委員長,岩見明,M004
R051213B06,令和 5年12月13日,令和 5年高砂市民病院経営改善対策特別委員会（12月13日）,委員,春増勝利,M014
R051213B06,令和 5年12月13日,令和 5年高砂市民病院経営改善対策特別委員会（12月13日）,委員,松野優也,M016
R051213B06,令和 5年12月13日,令和 5年高砂市民病院経営改善対策特別委員会（12月13日）,委員,芝本鎮彰,M010
R051213B06,令和 5年12月13日,令和 5年高砂市民病院経営改善対策特別委員会（12月13日）,委員,坂本まり,M008
R051214B01,令和 5年12月14日,令和 5年総務常任委員会（12月14日）,委員長,岩見明,M004
R051214B01,令和 5年12月14日,令和 5年総務常任委員会（12月14日）,委員,横田英樹,M019
R051214B01,令和 5年12月14日,令和 5年総務常任委員会（12月14日）,副委員長,入江啓太,M002
R051214B01,令和 5年12月14日,令和 5年総務常任委員会（12月14日）,委員,迫川高行,M009
R051214B01,令和 5年12月14日,令和 5年総務常任委員会（12月14日）,委員,松野優也,M016
R051214B01,令和 5年12月14日,令和 5年総務常任委員会（12月14日）,委員,石崎徹,M001
R051214B02,令和 5年12月14日,令和 5年文教厚生常任委員会（12月14日）,委員長,山田光昭,M018
R051214B02,令和 5年12月14日,令和 5年文教厚生常任委員会（12月14日）,委員,島津明香,M011
R051214B02,令和 5年12月14日,令和 5年文教厚生常任委員会（12月14日）,副委員長,春増勝利,M014
R051214B02,令和 5年12月14日,令和 5年文教厚生常任委員会（12月14日）,委員,鷹尾治久,M013
R051214B02,令和 5年12月14日,令和 5年文教厚生常任委員会（12月14日）,委員,大西由紀,M005
R051214B02,令和 5年12月14日,令和 5年文教厚生常任委員会（12月14日）,委員,藤森誠,M015
R051214B02,令和 5年12月14日,令和 5年文教厚生常任委員会（12月14日）,委員,北野誠一郎,M007
R051214B03,令和 5年12月14日,令和 5年建設環境経済常任委員会（12月14日）,委員長,芝本鎮彰,M010
R051214B03,令和 5年12月14日,令和 5年建設環境経済常任委員会（12月14日）,委員,川端宏明,M006
R051214B03,令和 5年12月14日,令和 5年建設環境経済常任委員会（12月14日）,副委員長,坂本まり,M008
R051214B03,令和 5年12月14日,令和 5年建設環境経済常任委員会（12月14日）,委員,今竹大祐,M003
R051214B03,令和 5年12月14日,令和 5年建設環境経済常任委員会（12月14日）,委員,鈴木利信,M012
R051214B03,令和 5年12月14日,令和 5年建設環境経済常任委員会（12月14日）,委員,森秀樹,M017
R051214B03,令和 5年12月14日,令和 5年建設環境経済常任委員会（12月14日）,議長,藤森誠,M015
R051215B02,令和 5年12月15日,令和 5年文教厚生常任委員会（12月15日）,委員長,山田光昭,M018
R051215B02,令和 5年12月15日,令和 5年文教厚生常任委員会（12月15日）,委員,島津明香,M011
R051215B02,令和 5年12月15日,令和 5年文教厚生常任委員会（12月15日）,副委員長,春増勝利,M014
R051215B02,令和 5年12月15日,令和 5年文教厚生常任委員会（12月15日）,委員,鷹尾治久,M013
R051215B02,令和 5年12月15日,令和 5年文教厚生常任委員会（12月15日）,委員,大西由紀,M005
R051215B02,令和 5年12月15日,令和 5年文教厚生常任委員会（12月15日）,委員,藤森誠,M015
R051215B02,令和 5年12月15日,令和 5年文教厚生常任委員会（12月15日）,委員,北野誠一郎,M007
R051215B03,令和 5年12月15日,令和 5年建設環境経済常任委員会（12月15日）,委員長,芝本鎮彰,M010
R051215B03,令和 5年12月15日,令和 5年建設環境経済常任委員会（12月15日）,委員,川端宏明,M006
R051215B03,令和 5年12月15日,令和 5年建設環境経済常任委員会（12月15日）,副委員長,坂本まり,M008
R051215B03,令和 5年12月15日,令和 5年建設環境経済常任委員会（12月15日）,委員,今竹大祐,M003
R051215B03,令和 5年12月15日,令和 5年建設環境経済常任委員会（12月15日）,委員,鈴木利信,M012
R051215B03,令和 5年12月15日,令和 5年建設環境経済常任委員会（12月15日）,委員,森秀樹,M017
R051218B01,令和 5年12月18日,令和 5年総務常任委員会（12月18日）,委員長,岩見明,M004
R051218B01,令和 5年12月18日,令和 5年総務常任委員会（12月18日）,委員,迫川高行,M009
R051218B01,令和 5年12月18日,令和 5年総務常任委員会（12月18日）,委員,松野優也,M016
R051218B01,令和 5年12月18日,令和 5年総務常任委員会（12月18日）,委員,石崎徹,M001
R051218B01,令和 5年12月18日,令和 5年総務常任委員会（12月18日）,委員,横田英樹,M019
R051218B04,令和 5年12月18日,令和 5年議会運営委員会（12月18日）,委員長,森秀樹,M017
R051218B04,令和 5年12月18日,令和 5年議会運営委員会（12月18日）,委員,北野誠一郎,M007
R051218B04,令和 5年12月18日,令和 5年議会運営委員会（12月18日）,副委員長,川端宏明,M006
R051218B04,令和 5年12月18日,令和 5年議会運営委員会（12月18日）,委員,今竹大祐,M003
R051218B04,令和 5年12月18日,令和 5年議会運営委員会（12月18日）,委員,山田光昭,M018
R051218B04,令和 5年12月18日,令和 5年議会運営委員会（12月18日）,委員,鷹尾治久,M013
R051218B04,令和 5年12月18日,令和 5年議会運営委員会（12月18日）,委員,横田英樹,M019
R051218B04,令和 5年12月18日,令和 5年議会運営委員会（12月18日）,議長,藤森誠,M015
R051218B04,令和 5年12月18日,令和 5年議会運営委員会（12月18日）,副議長,石崎徹,M001
R051219B01,令和 5年12月19日,令和 5年総務常任委員会（12月19日）,委員長,岩見明,M004
R051219B01,令和 5年12月19日,令和 5年総務常任委員会（12月19日）,委員,横田英樹,M019
R051219B01,令和 5年12月19日,令和 5年総務常任委員会（12月19日）,副委員長,入江啓太,M002
R051219B01,令和 5年12月19日,令和 5年総務常任委員会（12月19日）,委員,迫川高行,M009
R051219B01,令和 5年12月19日,令和 5年総務常任委員会（12月19日）,委員,松野優也,M016
R051219B01,令和 5年12月19日,令和 5年総務常任委員会（12月19日）,委員,石崎徹,M001
R051219B02,令和 5年12月19日,令和 5年文教厚生常任委員会（12月19日）,委員長,山田光昭,M018
R051219B02,令和 5年12月19日,令和 5年文教厚生常任委員会（12月19日）,委員,島津明香,M011
R051219B02,令和 5年12月19日,令和 5年文教厚生常任委員会（12月19日）,副委員長,春増勝利,M014
R051219B02,令和 5年12月19日,令和 5年文教厚生常任委員会（12月19日）,委員,鷹尾治久,M013
R051219B02,令和 5年12月19日,令和 5年文教厚生常任委員会（12月19日）,委員,大西由紀,M005
R051219B02,令和 5年12月19日,令和 5年文教厚生常任委員会（12月19日）,委員,藤森誠,M015
R051219B02,令和 5年12月19日,令和 5年文教厚生常任委員会（12月19日）,委員,北野誠一郎,M007
R051219B03,令和 5年12月19日,令和 5年建設環境経済常任委員会（12月19日）,委員長,芝本鎮彰,M010
R051219B03,令和 5年12月19日,令和 5年建設環境経済常任委員会（12月19日）,委員,川端宏明,M006
R051219B03,令和 5年12月19日,令和 5年建設環境経済常任委員会（12月19日）,副委員長,坂本まり,M008
R051219B03,令和 5年12月19日,令和 5年建設環境経済常任委員会（12月19日）,委員,今竹大祐,M003
R051219B03,令和 5年12月19日,令和 5年建設環境経済常任委員会（12月19日）,委員,鈴木利信,M012
R051219B03,令和 5年12月19日,令和 5年建設環境経済常任委員会（12月19日）,委員,森秀樹,M017
R060111B02,令和 6年 1月11日,令和 6年文教厚生常任委員会（ 1月11日）,委員長,山田光昭,M018
R060111B02,令和 6年 1月11日,令和 6年文教厚生常任委員会（ 1月11日）,委員,島津明香,M011
R060111B02,令和 6年 1月11日,令和 6年文教厚生常任委員会（ 1月11日）,副委員長,春増勝利,M014
R060111B02,令和 6年 1月11日,令和 6年文教厚生常任委員会（ 1月11日）,委員,鷹尾治久,M013
R060111B02,令和 6年 1月11日,令和 6年文教厚生常任委員会（ 1月11日）,委員,大西由紀,M005
R060111B02,令和 6年 1月11日,令和 6年文教厚生常任委員会（ 1月11日）,委員,藤森誠,M015
R060111B02,令和 6年 1月11日,令和 6年文教厚生常任委員会（ 1月11日）,委員,北野誠一郎,M007
R060117B06,令和 6年 1月17日,令和 6年高砂市民病院経営改善対策特別委員会（ 1月17日）,委員長,鈴木利信,M012
R060117B06,令和 6年 1月17日,令和 6年高砂市民病院経営改善対策特別委員会（ 1月17日）,委員,大西由紀,M005
R060117B06,令和 6年 1月17日,令和 6年高砂市民病院経営改善対策特別委員会（ 1月17日）,副委員長,岩見明,M004
R060117B06,令和 6年 1月17日,令和 6年高砂市民病院経営改善対策特別委員会（ 1月17日）,委員,春増勝利,M014
R060117B06,令和 6年 1月17日,令和 6年高砂市民病院経営改善対策特別委員会（ 1月17日）,委員,松野優也,M016
R060117B06,令和 6年 1月17日,令和 6年高砂市民病院経営改善対策特別委員会（ 1月17日）,委員,芝本鎮彰,M010
R060117B06,令和 6年 1月17日,令和 6年高砂市民病院経営改善対策特別委員会（ 1月17日）,委員,坂本まり,M008
R060118B04,令和 6年 1月18日,令和 6年議会運営委員会（ 1月18日）,委員長,森秀樹,M017
R060118B04,令和 6年 1月18日,令和 6年議会運営委員会（ 1月18日）,委員,北野誠一郎,M007
R060118B04,令和 6年 1月18日,令和 6年議会運営委員会（ 1月18日）,副委員長,川端宏明,M006
R060118B04,令和 6年 1月18日,令和 6年議会運営委員会（ 1月18日）,委員,今竹大祐,M003
R060118B04,令和 6年 1月18日,令和 6年議会運営委員会（ 1月18日）,委員,山田光昭,M018
R060118B04,令和 6年 1月18日,令和 6年議会運営委員会（ 1月18日）,委員,鷹尾治久,M013
R060118B04,令和 6年 1月18日,令和 6年議会運営委員会（ 1月18日）,委員,横田英樹,M019
R060118B04,令和 6年 1月18日,令和 6年議会運営委員会（ 1月18日）,議長,藤森誠,M015
R060118B04,令和 6年 1月18日,令和 6年議会運営委員会（ 1月18日）,副議長,石崎徹,M001
R060122B03,令和 6年 1月22日,令和 6年建設環境経済常任委員会（ 1月22日）,委員長,芝本鎮彰,M010
R060122B03,令和 6年 1月22日,令和 6年建設環境経済常任委員会（ 1月22日）,委員,川端宏明,M006
R060122B03,令和 6年 1月22日,令和 6年建設環境経済常任委員会（ 1月22日）,副委員長,坂本まり,M008
R060122B03,令和 6年 1月22日,令和 6年建設環境経済常任委員会（ 1月22日）,委員,今竹大祐,M003
R060122B03,令和 6年 1月22日,令和 6年建設環境経済常任委員会（ 1月22日）,委員,鈴木利信,M012
R060122B03,令和 6年 1月22日,令和 6年建設環境経済常任委員会（ 1月22日）,委員,森秀樹,M017
R060126B01,令和 6年 1月26日,令和 6年総務常任委員会（ 1月26日）,委員長,岩見明,M004
R060126B01,令和 6年 1月26日,令和 6年総務常任委員会（ 1月26日）,委員,横田英樹,M019
R060126B01,令和 6年 1月26日,令和 6年総務常任委員会（ 1月26日）,副委員長,入江啓太,M002
R060126B01,令和 6年 1月26日,令和 6年総務常任委員会（ 1月26日）,委員,迫川高行,M009
R060126B01,令和 6年 1月26日,令和 6年総務常任委員会（ 1月26日）,委員,松野優也,M016
R060126B01,令和 6年 1月26日,令和 6年総務常任委員会（ 1月26日）,委員,石崎徹,M001
R060126B02,令和 6年 1月26日,令和 6年文教厚生常任委員会（ 1月26日）,委員長,山田光昭,M018
R060126B02,令和 6年 1月26日,令和 6年文教厚生常任委員会（ 1月26日）,委員,島津明香,M011
R060126B02,令和 6年 1月26日,令和 6年文教厚生常任委員会（ 1月26日）,副委員長,春増勝利,M014
R060126B02,令和 6年 1月26日,令和 6年文教厚生常任委員会（ 1月26日）,委員,鷹尾治久,M013
R060126B02,令和 6年 1月26日,令和 6年文教厚生常任委員会（ 1月26日）,委員,大西由紀,M005
R060126B02,令和 6年 1月26日,令和 6年文教厚生常任委員会（ 1月26日）,委員,藤森誠,M015
R060126B02,令和 6年 1月26日,令和 6年文教厚生常任委員会（ 1月26日）,委員,北野誠一郎,M007
R060129B04,令和 6年 1月29日,令和 6年議会運営委員会（ 1月29日）,委員長,森秀樹,M017
R060129B04,令和 6年 1月29日,令和 6年議会運営委員会（ 1月29日）,委員,北野誠一郎,M007
R060129B04,令和 6年 1月29日,令和 6年議会運営委員会（ 1月29日）,副委員長,川端宏明,M006
R060129B04,令和 6年 1月29日,令和 6年議会運営委員会（ 1月29日）,委員,今竹大祐,M003
R060129B04,令和 6年 1月29日,令和 6年議会運営委員会（ 1月29日）,委員,山田光昭,M018
R060129B04,令和 6年 1月29日,令和 6年議会運営委員会（ 1月29日）,委員,鷹尾治久,M013
R060129B04,令和 6年 1月29日,令和 6年議会運営委員会（ 1月29日）,委員,横田英樹,M019
R060129B04,令和 6年 1月29日,令和 6年議会運営委員会（ 1月29日）,議長,藤森誠,M015
R060129B04,令和 6年 1月29日,令和 6年議会運営委員会（ 1月29日）,副議長,石崎徹,M001
R060205B01,令和 6年 2月 5日,令和 6年総務常任委員会（ 2月 5日）,委員長,岩見明,M004
R060205B01,令和 6年 2月 5日,令和 6年総務常任委員会（ 2月 5日）,委員,横田英樹,M019
R060205B01,令和 6年 2月 5日,令和 6年総務常任委員会（ 2月 5日）,副委員長,入江啓太,M002
R060205B01,令和 6年 2月 5日,令和 6年総務常任委員会（ 2月 5日）,委員,迫川高行,M009
R060205B01,令和 6年 2月 5日,令和 6年総務常任委員会（ 2月 5日）,委員,松野優也,M016
R060205B01,令和 6年 2月 5日,令和 6年総務常任委員会（ 2月 5日）,委員,石崎徹,M001
R060205B02,令和 6年 2月 5日,令和 6年文教厚生常任委員会（ 2月 5日）,委員長,山田光昭,M018
R060205B02,令和 6年 2月 5日,令和 6年文教厚生常任委員会（ 2月 5日）,委員,島津明香,M011
R060205B02,令和 6年 2月 5日,令和 6年文教厚生常任委員会（ 2月 5日）,副委員長,春増勝利,M014
R060205B02,令和 6年 2月 5日,令和 6年文教厚生常任委員会（ 2月 5日）,委員,鷹尾治久,M013
R060205B02,令和 6年 2月 5日,令和 6年文教厚生常任委員会（ 2月 5日）,委員,大西由紀,M005
R060205B02,令和 6年 2月 5日,令和 6年文教厚生常任委員会（ 2月 5日）,委員,藤森誠,M015
R060205B02,令和 6年 2月 5日,令和 6年文教厚生常任委員会（ 2月 5日）,委員,北野誠一郎,M007
R060205B04,令和 6年 2月 5日,令和 6年議会運営委員会（ 2月 5日）,委員長,森秀樹,M017
R060205B04,令和 6年 2月 5日,令和 6年議会運営委員会（ 2月 5日）,委員,北野誠一郎,M007
R060205B04,令和 6年 2月 5日,令和 6年議会運営委員会（ 2月 5日）,副委員長,川端宏明,M006
R060205B04,令和 6年 2月 5日,令和 6年議会運営委員会（ 2月 5日）,委員,今竹大祐,M003
R060205B04,令和 6年 2月 5日,令和 6年議会運営委員会（ 2月 5日）,委員,山田光昭,M018
R060205B04,令和 6年 2月 5日,令和 6年議会運営委員会（ 2月 5日）,委員,鷹尾治久,M013
R060205B04,令和 6年 2月 5日,令和 6年議会運営委員会（ 2月 5日）,委員,横田英樹,M019
R060205B04,令和 6年 2月 5日,令和 6年議会運営委員会（ 2月 5日）,議長,藤森誠,M015
R060205B04,令和 6年 2月 5日,令和 6年議会運営委員会（ 2月 5日）,副議長,石崎徹,M001
R060215B06,令和 6年 2月15日,令和 6年高砂市民病院経営改善対策特別委員会（ 2月15日）,副委員長,岩見明,M004
R060215B06,令和 6年 2月15日,令和 6年高砂市民病院経営改善対策特別委員会（ 2月15日）,委員,大西由紀,M005
R060215B06,令和 6年 2月15日,令和 6年高砂市民病院経営改善対策特別委員会（ 2月15日）,委員,松野優也,M016
R060215B06,令和 6年 2月15日,令和 6年高砂市民病院経営改善対策特別委員会（ 2月15日）,委員,春増勝利,M014
R060215B06,令和 6年 2月15日,令和 6年高砂市民病院経営改善対策特別委員会（ 2月15日）,委員,坂本まり,M008
R060215B06,令和 6年 2月15日,令和 6年高砂市民病院経営改善対策特別委員会（ 2月15日）,委員,芝本鎮彰,M010
R060216B04,令和 6年 2月16日,令和 6年議会運営委員会（ 2月16日）,委員長,森秀樹,M017
R060216B04,令和 6年 2月16日,令和 6年議会運営委員会（ 2月16日）,委員,北野誠一郎,M007
R060216B04,令和 6年 2月16日,令和 6年議会運営委員会（ 2月16日）,副委員長,川端宏明,M006
R060216B04,令和 6年 2月16日,令和 6年議会運営委員会（ 2月16日）,委員,今竹大祐,M003
R060216B04,令和 6年 2月16日,令和 6年議会運営委員会（ 2月16日）,委員,山田光昭,M018
R060216B04,令和 6年 2月16日,令和 6年議会運営委員会（ 2月16日）,委員,鷹尾治久,M013
R060216B04,令和 6年 2月16日,令和 6年議会運営委員会（ 2月16日）,委員,横田英樹,M019
R060216B04,令和 6年 2月16日,令和 6年議会運営委員会（ 2月16日）,議長,藤森誠,M015
R060216B04,令和 6年 2月16日,令和 6年議会運営委員会（ 2月16日）,副議長,石崎徹,M001
R060226B02,令和 6年 2月26日,令和 6年文教厚生常任委員会（ 2月26日）,委員長,山田光昭,M018
R060226B02,令和 6年 2月26日,令和 6年文教厚生常任委員会（ 2月26日）,委員,島津明香,M011
R060226B02,令和 6年 2月26日,令和 6年文教厚生常任委員会（ 2月26日）,副委員長,春増勝利,M014
R060226B02,令和 6年 2月26日,令和 6年文教厚生常任委員会（ 2月26日）,委員,鷹尾治久,M013
R060226B02,令和 6年 2月26日,令和 6年文教厚生常任委員会（ 2月26日）,委員,大西由紀,M005
R060226B02,令和 6年 2月26日,令和 6年文教厚生常任委員会（ 2月26日）,委員,藤森誠,M015
R060226B02,令和 6年 2月26日,令和 6年文教厚生常任委員会（ 2月26日）,委員,北野誠一郎,M007
R060227B04,令和 6年 2月27日,令和 6年議会運営委員会（ 2月27日）,委員長,森秀樹,M017
R060227B04,令和 6年 2月27日,令和 6年議会運営委員会（ 2月27日）,委員,北野誠一郎,M007
R060227B04,令和 6年 2月27日,令和 6年議会運営委員会（ 2月27日）,副委員長,川端宏明,M006
R060227B04,令和 6年 2月27日,令和 6年議会運営委員会（ 2月27日）,委員,今竹大祐,M003
R060227B04,令和 6年 2月27日,令和 6年議会運営委員会（ 2月27日）,委員,山田光昭,M018
R060227B04,令和 6年 2月27日,令和 6年議会運営委員会（ 2月27日）,委員,鷹尾治久,M013
R060227B04,令和 6年 2月27日,令和 6年議会運営委員会（ 2月27日）,委員,横田英樹,M019
R060227B04,令和 6年 2月27日,令和 6年議会運営委員会（ 2月27日）,議長,藤森誠,M015
R060227B04,令和 6年 2月27日,令和 6年議会運営委員会（ 2月27日）,副議長,石崎徹,M001
R060229B01,令和 6年 2月29日,令和 6年総務常任委員会（ 2月29日）,委員長,岩見明,M004
R060229B01,令和 6年 2月29日,令和 6年総務常任委員会（ 2月29日）,委員,横田英樹,M019
R060229B01,令和 6年 2月29日,令和 6年総務常任委員会（ 2月29日）,副委員長,入江啓太,M002
R060229B01,令和 6年 2月29日,令和 6年総務常任委員会（ 2月29日）,委員,迫川高行,M009
R060229B01,令和 6年 2月29日,令和 6年総務常任委員会（ 2月29日）,委員,松野優也,M016
R060229B01,令和 6年 2月29日,令和 6年総務常任委員会（ 2月29日）,委員,石崎徹,M001
R060229B02,令和 6年 2月29日,令和 6年文教厚生常任委員会（ 2月29日）,委員長,山田光昭,M018
R060229B02,令和 6年 2月29日,令和 6年文教厚生常任委員会（ 2月29日）,委員,島津明香,M011
R060229B02,令和 6年 2月29日,令和 6年文教厚生常任委員会（ 2月29日）,副委員長,春増勝利,M014
R060229B02,令和 6年 2月29日,令和 6年文教厚生常任委員会（ 2月29日）,委員,鷹尾治久,M013
R060229B02,令和 6年 2月29日,令和 6年文教厚生常任委員会（ 2月29日）,委員,大西由紀,M005
R060229B02,令和 6年 2月29日,令和 6年文教厚生常任委員会（ 2月29日）,委員,藤森誠,M015
R060229B02,令和 6年 2月29日,令和 6年文教厚生常任委員会（ 2月29日）,委員,北野誠一郎,M007
R060229B03,令和 6年 2月29日,令和 6年建設環境経済常任委員会（ 2月29日）,委員長,芝本鎮彰,M010
R060229B03,令和 6年 2月29日,令和 6年建設環境経済常任委員会（ 2月29日）,委員,川端宏明,M006
R060229B03,令和 6年 2月29日,令和 6年建設環境経済常任委員会（ 2月29日）,副委員長,坂本まり,M008
R060229B03,令和 6年 2月29日,令和 6年建設環境経済常任委員会（ 2月29日）,委員,今竹大祐,M003
R060229B03,令和 6年 2月29日,令和 6年建設環境経済常任委員会（ 2月29日）,委員,鈴木利信,M012
R060229B03,令和 6年 2月29日,令和 6年建設環境経済常任委員会（ 2月29日）,委員,森秀樹,M017
R060301B01,令和 6年 3月 1日,令和 6年総務常任委員会（ 3月 1日）,委員長,岩見明,M004
R060301B01,令和 6年 3月 1日,令和 6年総務常任委員会（ 3月 1日）,委員,横田英樹,M019
R060301B01,令和 6年 3月 1日,令和 6年総務常任委員会（ 3月 1日）,副委員長,入江啓太,M002
R060301B01,令和 6年 3月 1日,令和 6年総務常任委員会（ 3月 1日）,委員,迫川高行,M009
R060301B01,令和 6年 3月 1日,令和 6年総務常任委員会（ 3月 1日）,委員,松野優也,M016
R060301B01,令和 6年 3月 1日,令和 6年総務常任委員会（ 3月 1日）,委員,石崎徹,M001
R060301B04,令和 6年 3月 1日,令和 6年議会運営委員会（ 3月 1日）,委員長,森秀樹,M017
R060301B04,令和 6年 3月 1日,令和 6年議会運営委員会（ 3月 1日）,委員,北野誠一郎,M007
R060301B04,令和 6年 3月 1日,令和 6年議会運営委員会（ 3月 1日）,副委員長,川端宏明,M006
R060301B04,令和 6年 3月 1日,令和 6年議会運営委員会（ 3月 1日）,委員,今竹大祐,M003
R060301B04,令和 6年 3月 1日,令和 6年議会運営委員会（ 3月 1日）,委員,山田光昭,M018
R060301B04,令和 6年 3月 1日,令和 6年議会運営委員会（ 3月 1日）,委員,鷹尾治久,M013
R060301B04,令和 6年 3月 1日,令和 6年議会運営委員会（ 3月 1日）,委員,横田英樹,M019
R060301B04,令和 6年 3月 1日,令和 6年議会運営委員会（ 3月 1日）,議長,藤森誠,M015
R060301B04,令和 6年 3月 1日,令和 6年議会運営委員会（ 3月 1日）,副議長,石崎徹,M001
R060305B04,令和 6年 3月 5日,令和 6年議会運営委員会（ 3月 5日）,委員長,森秀樹,M017
R060305B04,令和 6年 3月 5日,令和 6年議会運営委員会（ 3月 5日）,委員,北野誠一郎,M007
R060305B04,令和 6年 3月 5日,令和 6年議会運営委員会（ 3月 5日）,副委員長,川端宏明,M006
R060305B04,令和 6年 3月 5日,令和 6年議会運営委員会（ 3月 5日）,委員,今竹大祐,M003
R060305B04,令和 6年 3月 5日,令和 6年議会運営委員会（ 3月 5日）,委員,山田光昭,M018
R060305B04,令和 6年 3月 5日,令和 6年議会運営委員会（ 3月 5日）,委員,鷹尾治久,M013
R060305B04,令和 6年 3月 5日,令和 6年議会運営委員会（ 3月 5日）,委員,横田英樹,M019
R060305B04,令和 6年 3月 5日,令和 6年議会運営委員会（ 3月 5日）,議長,藤森誠,M015
R060305B04,令和 6年 3月 5日,令和 6年議会運営委員会（ 3月 5日）,副議長,石崎徹,M001
R060306B04,令和 6年 3月 6日,令和 6年議会運営委員会（ 3月 6日）,委員長,森秀樹,M017
R060306B04,令和 6年 3月 6日,令和 6年議会運営委員会（ 3月 6日）,委員,北野誠一郎,M007
R060306B04,令和 6年 3月 6日,令和 6年議会運営委員会（ 3月 6日）,副委員長,川端宏明,M006
R060306B04,令和 6年 3月 6日,令和 6年議会運営委員会（ 3月 6日）,委員,今竹大祐,M003
R060306B04,令和 6年 3月 6日,令和 6年議会運営委員会（ 3月 6日）,委員,山田光昭,M018
R060306B04,令和 6年 3月 6日,令和 6年議会運営委員会（ 3月 6日）,委員,鷹尾治久,M013
R060306B04,令和 6年 3月 6日,令和 6年議会運営委員会（ 3月 6日）,委員,横田英樹,M019
R060306B04,令和 6年 3月 6日,令和 6年議会運営委員会（ 3月 6日）,議長,藤森誠,M015
R060306B04,令和 6年 3月 6日,令和 6年議会運営委員会（ 3月 6日）,副議長,石崎徹,M001
R060308B01,令和 6年 3月 8日,令和 6年総務常任委員会（ 3月 8日）,委員長,岩見明,M004
R060308B01,令和 6年 3月 8日,令和 6年総務常任委員会（ 3月 8日）,委員,横田英樹,M019
R060308B01,令和 6年 3月 8日,令和 6年総務常任委員会（ 3月 8日）,副委員長,入江啓太,M002
R060308B01,令和 6年 3月 8日,令和 6年総務常任委員会（ 3月 8日）,委員,迫川高行,M009
R060308B01,令和 6年 3月 8日,令和 6年総務常任委員会（ 3月 8日）,委員,松野優也,M016
R060308B01,令和 6年 3月 8日,令和 6年総務常任委員会（ 3月 8日）,委員,石崎徹,M001
R060308B02,令和 6年 3月 8日,令和 6年文教厚生常任委員会（ 3月 8日）,委員長,山田光昭,M018
R060308B02,令和 6年 3月 8日,令和 6年文教厚生常任委員会（ 3月 8日）,委員,島津明香,M011
R060308B02,令和 6年 3月 8日,令和 6年文教厚生常任委員会（ 3月 8日）,副委員長,春増勝利,M014
R060308B02,令和 6年 3月 8日,令和 6年文教厚生常任委員会（ 3月 8日）,委員,鷹尾治久,M013
R060308B02,令和 6年 3月 8日,令和 6年文教厚生常任委員会（ 3月 8日）,委員,大西由紀,M005
R060308B02,令和 6年 3月 8日,令和 6年文教厚生常任委員会（ 3月 8日）,委員,藤森誠,M015
R060308B02,令和 6年 3月 8日,令和 6年文教厚生常任委員会（ 3月 8日）,委員,北野誠一郎,M007
R060308B03,令和 6年 3月 8日,令和 6年建設環境経済常任委員会（ 3月 8日）,委員長,芝本鎮彰,M010
R060308B03,令和 6年 3月 8日,令和 6年建設環境経済常任委員会（ 3月 8日）,委員,川端宏明,M006
R060308B03,令和 6年 3月 8日,令和 6年建設環境経済常任委員会（ 3月 8日）,副委員長,坂本まり,M008
R060308B03,令和 6年 3月 8日,令和 6年建設環境経済常任委員会（ 3月 8日）,委員,今竹大祐,M003
R060308B03,令和 6年 3月 8日,令和 6年建設環境経済常任委員会（ 3月 8日）,委員,鈴木利信,M012
R060308B03,令和 6年 3月 8日,令和 6年建設環境経済常任委員会（ 3月 8日）,委員,森秀樹,M017
R060311B01,令和 6年 3月11日,令和 6年総務常任委員会（ 3月11日）,委員長,岩見明,M004
R060311B01,令和 6年 3月11日,令和 6年総務常任委員会（ 3月11日）,委員,横田英樹,M019
R060311B01,令和 6年 3月11日,令和 6年総務常任委員会（ 3月11日）,副委員長,入江啓太,M002
R060311B01,令和 6年 3月11日,令和 6年総務常任委員会（ 3月11日）,委員,迫川高行,M009
R060311B01,令和 6年 3月11日,令和 6年総務常任委員会（ 3月11日）,委員,松野優也,M016
R060311B01,令和 6年 3月11日,令和 6年総務常任委員会（ 3月11日）,委員,石崎徹,M001
R060311B02,令和 6年 3月11日,令和 6年文教厚生常任委員会（ 3月11日）,委員長,山田光昭,M018
R060311B02,令和 6年 3月11日,令和 6年文教厚生常任委員会（ 3月11日）,委員,島津明香,M011
R060311B02,令和 6年 3月11日,令和 6年文教厚生常任委員会（ 3月11日）,副委員長,春増勝利,M014
R060311B02,令和 6年 3月11日,令和 6年文教厚生常任委員会（ 3月11日）,委員,鷹尾治久,M013
R060311B02,令和 6年 3月11日,令和 6年文教厚生常任委員会（ 3月11日）,委員,大西由紀,M005
R060311B02,令和 6年 3月11日,令和 6年文教厚生常任委員会（ 3月11日）,委員,藤森誠,M015
R060311B02,令和 6年 3月11日,令和 6年文教厚生常任委員会（ 3月11日）,委員,北野誠一郎,M007
R060311B03,令和 6年 3月11日,令和 6年建設環境経済常任委員会（ 3月11日）,委員長,芝本鎮彰,M010
R060311B03,令和 6年 3月11日,令和 6年建設環境経済常任委員会（ 3月11日）,委員,川端宏明,M006
R060311B03,令和 6年 3月11日,令和 6年建設環境経済常任委員会（ 3月11日）,副委員長,坂本まり,M008
R060311B03,令和 6年 3月11日,令和 6年建設環境経済常任委員会（ 3月11日）,委員,今竹大祐,M003
R060311B03,令和 6年 3月11日,令和 6年建設環境経済常任委員会（ 3月11日）,委員,鈴木利信,M012
R060311B03,令和 6年 3月11日,令和 6年建設環境経済常任委員会（ 3月11日）,委員,森秀樹,M017
R060311B06,令和 6年 3月11日,令和 6年高砂市民病院経営改善対策特別委員会（ 3月11日）,委員長,鈴木利信,M012
R060311B06,令和 6年 3月11日,令和 6年高砂市民病院経営改善対策特別委員会（ 3月11日）,委員,大西由紀,M005
R060311B06,令和 6年 3月11日,令和 6年高砂市民病院経営改善対策特別委員会（ 3月11日）,副委員長,岩見明,M004
R060311B06,令和 6年 3月11日,令和 6年高砂市民病院経営改善対策特別委員会（ 3月11日）,委員,春増勝利,M014
R060311B06,令和 6年 3月11日,令和 6年高砂市民病院経営改善対策特別委員会（ 3月11日）,委員,松野優也,M016
R060311B06,令和 6年 3月11日,令和 6年高砂市民病院経営改善対策特別委員会（ 3月11日）,委員,芝本鎮彰,M010
R060311B06,令和 6年 3月11日,令和 6年高砂市民病院経営改善対策特別委員会（ 3月11日）,委員,坂本まり,M008
R060312B01,令和 6年 3月12日,令和 6年総務常任委員会（ 3月12日）,委員長,岩見明,M004
R060312B01,令和 6年 3月12日,令和 6年総務常任委員会（ 3月12日）,委員,横田英樹,M019
R060312B01,令和 6年 3月12日,令和 6年総務常任委員会（ 3月12日）,副委員長,入江啓太,M002
R060312B01,令和 6年 3月12日,令和 6年総務常任委員会（ 3月12日）,委員,迫川高行,M009
R060312B01,令和 6年 3月12日,令和 6年総務常任委員会（ 3月12日）,委員,松野優也,M016
R060312B01,令和 6年 3月12日,令和 6年総務常任委員会（ 3月12日）,委員,石崎徹,M001
R060312B02,令和 6年 3月12日,令和 6年文教厚生常任委員会（ 3月12日）,委員長,山田光昭,M018
R060312B02,令和 6年 3月12日,令和 6年文教厚生常任委員会（ 3月12日）,委員,島津明香,M011
R060312B02,令和 6年 3月12日,令和 6年文教厚生常任委員会（ 3月12日）,副委員長,春増勝利,M014
R060312B02,令和 6年 3月12日,令和 6年文教厚生常任委員会（ 3月12日）,委員,鷹尾治久,M013
R060312B02,令和 6年 3月12日,令和 6年文教厚生常任委員会（ 3月12日）,委員,大西由紀,M005
R060312B02,令和 6年 3月12日,令和 6年文教厚生常任委員会（ 3月12日）,委員,藤森誠,M015
R060312B02,令和 6年 3月12日,令和 6年文教厚生常任委員会（ 3月12日）,委員,北野誠一郎,M007
R060312B03,令和 6年 3月12日,令和 6年建設環境経済常任委員会（ 3月12日）,委員長,芝本鎮彰,M010
R060312B03,令和 6年 3月12日,令和 6年建設環境経済常任委員会（ 3月12日）,委員,川端宏明,M006
R060312B03,令和 6年 3月12日,令和 6年建設環境経済常任委員会（ 3月12日）,副委員長,坂本まり,M008
R060312B03,令和 6年 3月12日,令和 6年建設環境経済常任委員会（ 3月12日）,委員,今竹大祐,M003
R060312B03,令和 6年 3月12日,令和 6年建設環境経済常任委員会（ 3月12日）,委員,鈴木利信,M012
R060312B03,令和 6年 3月12日,令和 6年建設環境経済常任委員会（ 3月12日）,委員,森秀樹,M017
R060313B01,令和 6年 3月13日,令和 6年総務常任委員会（ 3月13日）,委員長,岩見明,M004
R060313B01,令和 6年 3月13日,令和 6年総務常任委員会（ 3月13日）,委員,横田英樹,M019
R060313B01,令和 6年 3月13日,令和 6年総務常任委員会（ 3月13日）,副委員長,入江啓太,M002
R060313B01,令和 6年 3月13日,令和 6年総務常任委員会（ 3月13日）,委員,迫川高行,M009
R060313B01,令和 6年 3月13日,令和 6年総務常任委員会（ 3月13日）,委員,松野優也,M016
R060313B01,令和 6年 3月13日,令和 6年総務常任委員会（ 3月13日）,委員,石崎徹,M001
R060313B02,令和 6年 3月13日,令和 6年文教厚生常任委員会（ 3月13日）,委員長,山田光昭,M018
R060313B02,令和 6年 3月13日,令和 6年文教厚生常任委員会（ 3月13日）,委員,島津明香,M011
R060313B02,令和 6年 3月13日,令和 6年文教厚生常任委員会（ 3月13日）,副委員長,春増勝利,M014
R060313B02,令和 6年 3月13日,令和 6年文教厚生常任委員会（ 3月13日）,委員,鷹尾治久,M013
R060313B02,令和 6年 3月13日,令和 6年文教厚生常任委員会（ 3月13日）,委員,大西由紀,M005
R060313B02,令和 6年 3月13日,令和 6年文教厚生常任委員会（ 3月13日）,委員,藤森誠,M015
R060313B02,令和 6年 3月13日,令和 6年文教厚生常任委員会（ 3月13日）,委員,北野誠一郎,M007
R060313B03,令和 6年 3月13日,令和 6年建設環境経済常任委員会（ 3月13日）,委員長,芝本鎮彰,M010
R060313B03,令和 6年 3月13日,令和 6年建設環境経済常任委員会（ 3月13日）,委員,川端宏明,M006
R060313B03,令和 6年 3月13日,令和 6年建設環境経済常任委員会（ 3月13日）,副委員長,坂本まり,M008
R060313B03,令和 6年 3月13日,令和 6年建設環境経済常任委員会（ 3月13日）,委員,今竹大祐,M003
R060313B03,令和 6年 3月13日,令和 6年建設環境経済常任委員会（ 3月13日）,委員,鈴木利信,M012
R060313B03,令和 6年 3月13日,令和 6年建設環境経済常任委員会（ 3月13日）,委員,森秀樹,M017
R060313B04,令和 6年 3月13日,令和 6年議会運営委員会（ 3月13日）,委員長,森秀樹,M017
R060313B04,令和 6年 3月13日,令和 6年議会運営委員会（ 3月13日）,委員,北野誠一郎,M007
R060313B04,令和 6年 3月13日,令和 6年議会運営委員会（ 3月13日）,副委員長,川端宏明,M006
R060313B04,令和 6年 3月13日,令和 6年議会運営委員会（ 3月13日）,委員,今竹大祐,M003
R060313B04,令和 6年 3月13日,令和 6年議会運営委員会（ 3月13日）,委員,山田光昭,M018
R060313B04,令和 6年 3月13日,令和 6年議会運営委員会（ 3月13日）,委員,鷹尾治久,M013
R060313B04,令和 6年 3月13日,令和 6年議会運営委員会（ 3月13日）,委員,横田英樹,M019
R060313B04,令和 6年 3月13日,令和 6年議会運営委員会（ 3月13日）,議長,藤森誠,M015
R060313B04,令和 6年 3月13日,令和 6年議会運営委員会（ 3月13日）,副議長,石崎徹,M001
R060326B02,令和 6年 3月26日,令和 6年文教厚生常任委員会（ 3月26日）,委員長,山田光昭,M018
R060326B02,令和 6年 3月26日,令和 6年文教厚生常任委員会（ 3月26日）,委員,島津明香,M011
R060326B02,令和 6年 3月26日,令和 6年文教厚生常任委員会（ 3月26日）,副委員長,春増勝利,M014
R060326B02,令和 6年 3月26日,令和 6年文教厚生常任委員会（ 3月26日）,委員,鷹尾治久,M013
R060326B02,令和 6年 3月26日,令和 6年文教厚生常任委員会（ 3月26日）,委員,大西由紀,M005
R060326B02,令和 6年 3月26日,令和 6年文教厚生常任委員会（ 3月26日）,委員,藤森誠,M015
R060326B02,令和 6年 3月26日,令和 6年文教厚生常任委員会（ 3月26日）,委員,北野誠一郎,M007
R060409B04,令和 6年 4月 9日,令和 6年議会運営委員会（ 4月 9日）,委員長,森秀樹,M017
R060409B04,令和 6年 4月 9日,令和 6年議会運営委員会（ 4月 9日）,委員,北野誠一郎,M007
R060409B04,令和 6年 4月 9日,令和 6年議会運営委員会（ 4月 9日）,副委員長,川端宏明,M006
R060409B04,令和 6年 4月 9日,令和 6年議会運営委員会（ 4月 9日）,委員,今竹大祐,M003
R060409B04,令和 6年 4月 9日,令和 6年議会運営委員会（ 4月 9日）,委員,山田光昭,M018
R060409B04,令和 6年 4月 9日,令和 6年議会運営委員会（ 4月 9日）,委員,鷹尾治久,M013
R060409B04,令和 6年 4月 9日,令和 6年議会運営委員会（ 4月 9日）,委員,横田英樹,M019
R060409B04,令和 6年 4月 9日,令和 6年議会運営委員会（ 4月 9日）,議長,藤森誠,M015
R060409B04,令和 6年 4月 9日,令和 6年議会運営委員会（ 4月 9日）,副議長,石崎徹,M001
R060424B01,令和 6年 4月24日,令和 6年総務常任委員会（ 4月24日）,委員長,岩見明,M004
R060424B01,令和 6年 4月24日,令和 6年総務常任委員会（ 4月24日）,委員,横田英樹,M019
R060424B01,令和 6年 4月24日,令和 6年総務常任委員会（ 4月24日）,副委員長,入江啓太,M002
R060424B01,令和 6年 4月24日,令和 6年総務常任委員会（ 4月24日）,委員,迫川高行,M009
R060424B01,令和 6年 4月24日,令和 6年総務常任委員会（ 4月24日）,委員,松野優也,M016
R060424B01,令和 6年 4月24日,令和 6年総務常任委員会（ 4月24日）,委員,石崎徹,M001
R060424B02,令和 6年 4月24日,令和 6年文教厚生常任委員会（ 4月24日）,委員長,山田光昭,M018
R060424B02,令和 6年 4月24日,令和 6年文教厚生常任委員会（ 4月24日）,委員,島津明香,M011
R060424B02,令和 6年 4月24日,令和 6年文教厚生常任委員会（ 4月24日）,委員,大西由紀,M005
R060424B02,令和 6年 4月24日,令和 6年文教厚生常任委員会（ 4月24日）,委員,鷹尾治久,M013
R060424B02,令和 6年 4月24日,令和 6年文教厚生常任委員会（ 4月24日）,委員,北野誠一郎,M007
R060424B02,令和 6年 4月24日,令和 6年文教厚生常任委員会（ 4月24日）,委員,藤森誠,M015
R060424B03,令和 6年 4月24日,令和 6年建設環境経済常任委員会（ 4月24日）,委員長,芝本鎮彰,M010
R060424B03,令和 6年 4月24日,令和 6年建設環境経済常任委員会（ 4月24日）,委員,川端宏明,M006
R060424B03,令和 6年 4月24日,令和 6年建設環境経済常任委員会（ 4月24日）,副委員長,坂本まり,M008
R060424B03,令和 6年 4月24日,令和 6年建設環境経済常任委員会（ 4月24日）,委員,今竹大祐,M003
R060424B03,令和 6年 4月24日,令和 6年建設環境経済常任委員会（ 4月24日）,委員,鈴木利信,M012
R060424B03,令和 6年 4月24日,令和 6年建設環境経済常任委員会（ 4月24日）,委員,森秀樹,M017
R060425B06,令和 6年 4月25日,令和 6年高砂市民病院経営改善対策特別委員会（ 4月25日）,委員長,鈴木利信,M012
R060425B06,令和 6年 4月25日,令和 6年高砂市民病院経営改善対策特別委員会（ 4月25日）,委員,大西由紀,M005
R060425B06,令和 6年 4月25日,令和 6年高砂市民病院経営改善対策特別委員会（ 4月25日）,副委員長,岩見明,M004
R060425B06,令和 6年 4月25日,令和 6年高砂市民病院経営改善対策特別委員会（ 4月25日）,委員,春増勝利,M014
R060425B06,令和 6年 4月25日,令和 6年高砂市民病院経営改善対策特別委員会（ 4月25日）,委員,松野優也,M016
R060425B06,令和 6年 4月25日,令和 6年高砂市民病院経営改善対策特別委員会（ 4月25日）,委員,芝本鎮彰,M010
R060425B06,令和 6年 4月25日,令和 6年高砂市民病院経営改善対策特別委員会（ 4月25日）,委員,坂本まり,M008
R060502B04,令和 6年 5月 2日,令和 6年議会運営委員会（ 5月 2日）,委員長,森秀樹,M017
R060502B04,令和 6年 5月 2日,令和 6年議会運営委員会（ 5月 2日）,委員,鈴木利信,M012
R060502B04,令和 6年 5月 2日,令和 6年議会運営委員会（ 5月 2日）,副委員長,川端宏明,M006
R060502B04,令和 6年 5月 2日,令和 6年議会運営委員会（ 5月 2日）,委員,今竹大祐,M003
R060502B04,令和 6年 5月 2日,令和 6年議会運営委員会（ 5月 2日）,委員,山田光昭,M018
R060502B04,令和 6年 5月 2日,令和 6年議会運営委員会（ 5月 2日）,委員,鷹尾治久,M013
R060502B04,令和 6年 5月 2日,令和 6年議会運営委員会（ 5月 2日）,委員,横田英樹,M019
R060502B04,令和 6年 5月 2日,令和 6年議会運営委員会（ 5月 2日）,議長,藤森誠,M015
R060502B04,令和 6年 5月 2日,令和 6年議会運営委員会（ 5月 2日）,副議長,石崎徹,M001
R060521B02,令和 6年 5月21日,令和 6年文教厚生常任委員会（ 5月21日）,委員長,山田光昭,M018
R060521B02,令和 6年 5月21日,令和 6年文教厚生常任委員会（ 5月21日）,委員,島津明香,M011
R060521B02,令和 6年 5月21日,令和 6年文教厚生常任委員会（ 5月21日）,副委員長,春増勝利,M014
R060521B02,令和 6年 5月21日,令和 6年文教厚生常任委員会（ 5月21日）,委員,鷹尾治久,M013
R060521B02,令和 6年 5月21日,令和 6年文教厚生常任委員会（ 5月21日）,委員,大西由紀,M005
R060521B02,令和 6年 5月21日,令和 6年文教厚生常任委員会（ 5月21日）,委員,藤森誠,M015
R060521B02,令和 6年 5月21日,令和 6年文教厚生常任委員会（ 5月21日）,委員,北野誠一郎,M007
R060521B03,令和 6年 5月21日,令和 6年建設環境経済常任委員会（ 5月21日）,委員長,芝本鎮彰,M010
R060521B03,令和 6年 5月21日,令和 6年建設環境経済常任委員会（ 5月21日）,委員,川端宏明,M006
R060521B03,令和 6年 5月21日,令和 6年建設環境経済常任委員会（ 5月21日）,副委員長,坂本まり,M008
R060521B03,令和 6年 5月21日,令和 6年建設環境経済常任委員会（ 5月21日）,委員,今竹大祐,M003
R060521B03,令和 6年 5月21日,令和 6年建設環境経済常任委員会（ 5月21日）,委員,鈴木利信,M012
R060521B03,令和 6年 5月21日,令和 6年建設環境経済常任委員会（ 5月21日）,委員,森秀樹,M017
R060522B01,令和 6年 5月22日,令和 6年総務常任委員会（ 5月22日）,委員長,岩見明,M004
R060522B01,令和 6年 5月22日,令和 6年総務常任委員会（ 5月22日）,委員,横田英樹,M019
R060522B01,令和 6年 5月22日,令和 6年総務常任委員会（ 5月22日）,副委員長,入江啓太,M002
R060522B01,令和 6年 5月22日,令和 6年総務常任委員会（ 5月22日）,委員,迫川高行,M009
R060522B01,令和 6年 5月22日,令和 6年総務常任委員会（ 5月22日）,委員,松野優也,M016
R060522B01,令和 6年 5月22日,令和 6年総務常任委員会（ 5月22日）,委員,石崎徹,M001
R060524B06,令和 6年 5月24日,令和 6年高砂市民病院経営改善対策特別委員会（ 5月24日）,委員長,鈴木利信,M012
R060524B06,令和 6年 5月24日,令和 6年高砂市民病院経営改善対策特別委員会（ 5月24日）,委員,大西由紀,M005
R060524B06,令和 6年 5月24日,令和 6年高砂市民病院経営改善対策特別委員会（ 5月24日）,副委員長,岩見明,M004
R060524B06,令和 6年 5月24日,令和 6年高砂市民病院経営改善対策特別委員会（ 5月24日）,委員,春増勝利,M014
R060524B06,令和 6年 5月24日,令和 6年高砂市民病院経営改善対策特別委員会（ 5月24日）,委員,松野優也,M016
R060524B06,令和 6年 5月24日,令和 6年高砂市民病院経営改善対策特別委員会（ 5月24日）,委員,芝本鎮彰,M010
R060524B06,令和 6年 5月24日,令和 6年高砂市民病院経営改善対策特別委員会（ 5月24日）,委員,坂本まり,M008
R060528B04,令和 6年 5月28日,令和 6年議会運営委員会（ 5月28日）,委員長,森秀樹,M017
R060528B04,令和 6年 5月28日,令和 6年議会運営委員会（ 5月28日）,委員,北野誠一郎,M007
R060528B04,令和 6年 5月28日,令和 6年議会運営委員会（ 5月28日）,副委員長,川端宏明,M006
R060528B04,令和 6年 5月28日,令和 6年議会運営委員会（ 5月28日）,委員,今竹大祐,M003
R060528B04,令和 6年 5月28日,令和 6年議会運営委員会（ 5月28日）,委員,山田光昭,M018
R060528B04,令和 6年 5月28日,令和 6年議会運営委員会（ 5月28日）,委員,鷹尾治久,M013
R060528B04,令和 6年 5月28日,令和 6年議会運営委員会（ 5月28日）,委員,横田英樹,M019
R060528B04,令和 6年 5月28日,令和 6年議会運営委員会（ 5月28日）,議長,藤森誠,M015
R060528B04,令和 6年 5月28日,令和 6年議会運営委員会（ 5月28日）,副議長,石崎徹,M001
R060604B04,令和 6年 6月 4日,令和 6年議会運営委員会（ 6月 4日）,委員長,森秀樹,M017
R060604B04,令和 6年 6月 4日,令和 6年議会運営委員会（ 6月 4日）,委員,北野誠一郎,M007
R060604B04,令和 6年 6月 4日,令和 6年議会運営委員会（ 6月 4日）,副委員長,川端宏明,M006
R060604B04,令和 6年 6月 4日,令和 6年議会運営委員会（ 6月 4日）,委員,今竹大祐,M003
R060604B04,令和 6年 6月 4日,令和 6年議会運営委員会（ 6月 4日）,委員,山田光昭,M018
R060604B04,令和 6年 6月 4日,令和 6年議会運営委員会（ 6月 4日）,委員,鷹尾治久,M013
R060604B04,令和 6年 6月 4日,令和 6年議会運営委員会（ 6月 4日）,委員,横田英樹,M019
R060604B04,令和 6年 6月 4日,令和 6年議会運営委員会（ 6月 4日）,議長,藤森誠,M015
R060604B04,令和 6年 6月 4日,令和 6年議会運営委員会（ 6月 4日）,副議長,石崎徹,M001
R060604B08,令和 6年 6月 4日,令和 6年建設環境経済常任委員会・総務常任委員会合同委員会（ 6月 4日）,委員,会),
R060604B08,令和 6年 6月 4日,令和 6年建設環境経済常任委員会・総務常任委員会合同委員会（ 6月 4日）,委員長,芝本鎮彰,M010
R060604B08,令和 6年 6月 4日,令和 6年建設環境経済常任委員会・総務常任委員会合同委員会（ 6月 4日）,委員,川端宏明,M006
R060604B08,令和 6年 6月 4日,令和 6年建設環境経済常任委員会・総務常任委員会合同委員会（ 6月 4日）,副委員長,坂本まり,M008
R060604B08,令和 6年 6月 4日,令和 6年建設環境経済常任委員会・総務常任委員会合同委員会（ 6月 4日）,委員,今竹大祐,M003
R060604B08,令和 6年 6月 4日,令和 6年建設環境経済常任委員会・総務常任委員会合同委員会（ 6月 4日）,委員,鈴木利信,M012
R060604B08,令和 6年 6月 4日,令和 6年建設環境経済常任委員会・総務常任委員会合同委員会（ 6月 4日）,委員,森秀樹(総務常任,
R060604B08,令和 6年 6月 4日,令和 6年建設環境経済常任委員会・総務常任委員会合同委員会（ 6月 4日）,委員,会),
R060604B08,令和 6年 6月 4日,令和 6年建設環境経済常任委員会・総務常任委員会合同委員会（ 6月 4日）,委員長,岩見明,M004
R060604B08,令和 6年 6月 4日,令和 6年建設環境経済常任委員会・総務常任委員会合同委員会（ 6月 4日）,委員,横田英樹,M019
R060604B08,令和 6年 6月 4日,令和 6年建設環境経済常任委員会・総務常任委員会合同委員会（ 6月 4日）,副委員長,入江啓太,M002
R060604B08,令和 6年 6月 4日,令和 6年建設環境経済常任委員会・総務常任委員会合同委員会（ 6月 4日）,委員,迫川高行,M009
R060604B08,令和 6年 6月 4日,令和 6年建設環境経済常任委員会・総務常任委員会合同委員会（ 6月 4日）,委員,松野優也,M016
R060604B08,令和 6年 6月 4日,令和 6年建設環境経済常任委員会・総務常任委員会合同委員会（ 6月 4日）,委員,石崎徹,M001
R060610B04,令和 6年 6月10日,令和 6年議会運営委員会（ 6月10日）,委員長,森秀樹,M017
R060610B04,令和 6年 6月10日,令和 6年議会運営委員会（ 6月10日）,委員,北野誠一郎,M007
R060610B04,令和 6年 6月10日,令和 6年議会運営委員会（ 6月10日）,副委員長,川端宏明,M006
R060610B04,令和 6年 6月10日,令和 6年議会運営委員会（ 6月10日）,委員,今竹大祐,M003
R060610B04,令和 6年 6月10日,令和 6年議会運営委員会（ 6月10日）,委員,山田光昭,M018
R060610B04,令和 6年 6月10日,令和 6年議会運営委員会（ 6月10日）,委員,鷹尾治久,M013
R060610B04,令和 6年 6月10日,令和 6年議会運営委員会（ 6月10日）,委員,横田英樹,M019
R060610B04,令和 6年 6月10日,令和 6年議会運営委員会（ 6月10日）,議長,藤森誠,M015
R060610B04,令和 6年 6月10日,令和 6年議会運営委員会（ 6月10日）,副議長,石崎徹,M001
R060613B01,令和 6年 6月13日,令和 6年総務常任委員会（ 6月13日）,委員長,岩見明,M004
R060613B01,令和 6年 6月13日,令和 6年総務常任委員会（ 6月13日）,委員,横田英樹,M019
R060613B01,令和 6年 6月13日,令和 6年総務常任委員会（ 6月13日）,副委員長,入江啓太,M002
R060613B01,令和 6年 6月13日,令和 6年総務常任委員会（ 6月13日）,委員,迫川高行,M009
R060613B01,令和 6年 6月13日,令和 6年総務常任委員会（ 6月13日）,委員,松野優也,M016
R060613B01,令和 6年 6月13日,令和 6年総務常任委員会（ 6月13日）,委員,石崎徹,M001
R060613B02,令和 6年 6月13日,令和 6年文教厚生常任委員会（ 6月13日）,委員長,山田光昭,M018
R060613B02,令和 6年 6月13日,令和 6年文教厚生常任委員会（ 6月13日）,委員,島津明香,M011
R060613B02,令和 6年 6月13日,令和 6年文教厚生常任委員会（ 6月13日）,副委員長,春増勝利,M014
R060613B02,令和 6年 6月13日,令和 6年文教厚生常任委員会（ 6月13日）,委員,鷹尾治久,M013
R060613B02,令和 6年 6月13日,令和 6年文教厚生常任委員会（ 6月13日）,委員,大西由紀,M005
R060613B02,令和 6年 6月13日,令和 6年文教厚生常任委員会（ 6月13日）,委員,藤森誠,M015
R060613B02,令和 6年 6月13日,令和 6年文教厚生常任委員会（ 6月13日）,委員,北野誠一郎,M007
R060613B03,令和 6年 6月13日,令和 6年建設環境経済常任委員会（ 6月13日）,委員長,芝本鎮彰,M010
R060613B03,令和 6年 6月13日,令和 6年建設環境経済常任委員会（ 6月13日）,委員,川端宏明,M006
R060613B03,令和 6年 6月13日,令和 6年建設環境経済常任委員会（ 6月13日）,副委員長,坂本まり,M008
R060613B03,令和 6年 6月13日,令和 6年建設環境経済常任委員会（ 6月13日）,委員,今竹大祐,M003
R060613B03,令和 6年 6月13日,令和 6年建設環境経済常任委員会（ 6月13日）,委員,鈴木利信,M012
R060613B03,令和 6年 6月13日,令和 6年建設環境経済常任委員会（ 6月13日）,委員,森秀樹,M017
R060613B06,令和 6年 6月13日,令和 6年高砂市民病院経営改善対策特別委員会（ 6月13日）,委員長,鈴木利信,M012
R060613B06,令和 6年 6月13日,令和 6年高砂市民病院経営改善対策特別委員会（ 6月13日）,委員,大西由紀,M005
R060613B06,令和 6年 6月13日,令和 6年高砂市民病院経営改善対策特別委員会（ 6月13日）,副委員長,岩見明,M004
R060613B06,令和 6年 6月13日,令和 6年高砂市民病院経営改善対策特別委員会（ 6月13日）,委員,春増勝利,M014
R060613B06,令和 6年 6月13日,令和 6年高砂市民病院経営改善対策特別委員会（ 6月13日）,委員,松野優也,M016
R060613B06,令和 6年 6月13日,令和 6年高砂市民病院経営改善対策特別委員会（ 6月13日）,委員,芝本鎮彰,M010
R060613B06,令和 6年 6月13日,令和 6年高砂市民病院経営改善対策特別委員会（ 6月13日）,委員,坂本まり,M008
R060614B01,令和 6年 6月14日,令和 6年総務常任委員会（ 6月14日）,委員長,岩見明,M004
R060614B01,令和 6年 6月14日,令和 6年総務常任委員会（ 6月14日）,委員,横田英樹,M019
R060614B01,令和 6年 6月14日,令和 6年総務常任委員会（ 6月14日）,副委員長,入江啓太,M002
R060614B01,令和 6年 6月14日,令和 6年総務常任委員会（ 6月14日）,委員,迫川高行,M009
R060614B01,令和 6年 6月14日,令和 6年総務常任委員会（ 6月14日）,委員,松野優也,M016
R060614B01,令和 6年 6月14日,令和 6年総務常任委員会（ 6月14日）,委員,石崎徹,M001
R060614B02,令和 6年 6月14日,令和 6年文教厚生常任委員会（ 6月14日）,委員長,山田光昭,M018
R060614B02,令和 6年 6月14日,令和 6年文教厚生常任委員会（ 6月14日）,委員,島津明香,M011
R060614B02,令和 6年 6月14日,令和 6年文教厚生常任委員会（ 6月14日）,副委員長,春増勝利,M014
R060614B02,令和 6年 6月14日,令和 6年文教厚生常任委員会（ 6月14日）,委員,鷹尾治久,M013
R060614B02,令和 6年 6月14日,令和 6年文教厚生常任委員会（ 6月14日）,委員,大西由紀,M005
R060614B02,令和 6年 6月14日,令和 6年文教厚生常任委員会（ 6月14日）,委員,藤森誠,M015
R060614B02,令和 6年 6月14日,令和 6年文教厚生常任委員会（ 6月14日）,委員,北野誠一郎,M007
R060614B03,令和 6年 6月14日,令和 6年建設環境経済常任委員会（ 6月14日）,委員長,芝本鎮彰,M010
R060614B03,令和 6年 6月14日,令和 6年建設環境経済常任委員会（ 6月14日）,委員,川端宏明,M006
R060614B03,令和 6年 6月14日,令和 6年建設環境経済常任委員会（ 6月14日）,副委員長,坂本まり,M008
R060614B03,令和 6年 6月14日,令和 6年建設環境経済常任委員会（ 6月14日）,委員,今竹大祐,M003
R060614B03,令和 6年 6月14日,令和 6年建設環境経済常任委員会（ 6月14日）,委員,鈴木利信,M012
R060614B03,令和 6年 6月14日,令和 6年建設環境経済常任委員会（ 6月14日）,委員,森秀樹,M017
R060617B01,令和 6年 6月17日,令和 6年総務常任委員会（ 6月17日）,委員長,岩見明,M004
R060617B01,令和 6年 6月17日,令和 6年総務常任委員会（ 6月17日）,委員,横田英樹,M019
R060617B01,令和 6年 6月17日,令和 6年総務常任委員会（ 6月17日）,副委員長,入江啓太,M002
R060617B01,令和 6年 6月17日,令和 6年総務常任委員会（ 6月17日）,委員,迫川高行,M009
R060617B01,令和 6年 6月17日,令和 6年総務常任委員会（ 6月17日）,委員,松野優也,M016
R060617B01,令和 6年 6月17日,令和 6年総務常任委員会（ 6月17日）,委員,石崎徹,M001
R060617B02,令和 6年 6月17日,令和 6年文教厚生常任委員会（ 6月17日）,委員長,山田光昭,M018
R060617B02,令和 6年 6月17日,令和 6年文教厚生常任委員会（ 6月17日）,委員,島津明香,M011
R060617B02,令和 6年 6月17日,令和 6年文教厚生常任委員会（ 6月17日）,副委員長,春増勝利,M014
R060617B02,令和 6年 6月17日,令和 6年文教厚生常任委員会（ 6月17日）,委員,鷹尾治久,M013
R060617B02,令和 6年 6月17日,令和 6年文教厚生常任委員会（ 6月17日）,委員,大西由紀,M005
R060617B02,令和 6年 6月17日,令和 6年文教厚生常任委員会（ 6月17日）,委員,藤森誠,M015
R060617B02,令和 6年 6月17日,令和 6年文教厚生常任委員会（ 6月17日）,委員,北野誠一郎,M007
R060618B01,令和 6年 6月18日,令和 6年総務常任委員会（ 6月18日）,委員長,岩見明,M004
R060618B01,令和 6年 6月18日,令和 6年総務常任委員会（ 6月18日）,委員,横田英樹,M019
R060618B01,令和 6年 6月18日,令和 6年総務常任委員会（ 6月18日）,副委員長,入江啓太,M002
R060618B01,令和 6年 6月18日,令和 6年総務常任委員会（ 6月18日）,委員,迫川高行,M009
R060618B01,令和 6年 6月18日,令和 6年総務常任委員会（ 6月18日）,委員,松野優也,M016
R060618B01,令和 6年 6月18日,令和 6年総務常任委員会（ 6月18日）,委員,石崎徹,M001
R060618B02,令和 6年 6月18日,令和 6年文教厚生常任委員会（ 6月18日）,委員長,山田光昭,M018
R060618B02,令和 6年 6月18日,令和 6年文教厚生常任委員会（ 6月18日）,委員,島津明香,M011
R060618B02,令和 6年 6月18日,令和 6年文教厚生常任委員会（ 6月18日）,副委員長,春増勝利,M014
R060618B02,令和 6年 6月18日,令和 6年文教厚生常任委員会（ 6月18日）,委員,鷹尾治久,M013
R060618B02,令和 6年 6月18日,令和 6年文教厚生常任委員会（ 6月18日）,委員,大西由紀,M005
R060618B02,令和 6年 6月18日,令和 6年文教厚生常任委員会（ 6月18日）,委員,藤森誠,M015
R060618B02,令和 6年 6月18日,令和 6年文教厚生常任委員会（ 6月18日）,委員,北野誠一郎,M007
R060618B04,令和 6年 6月18日,令和 6年議会運営委員会（ 6月18日）,委員長,森秀樹,M017
R060618B04,令和 6年 6月18日,令和 6年議会運営委員会（ 6月18日）,委員,北野誠一郎,M007
R060618B04,令和 6年 6月18日,令和 6年議会運営委員会（ 6月18日）,副委員長,川端宏明,M006
R060618B04,令和 6年 6月18日,令和 6年議会運営委員会（ 6月18日）,委員,今竹大祐,M003
R060618B04,令和 6年 6月18日,令和 6年議会運営委員会（ 6月18日）,委員,山田光昭,M018
R060618B04,令和 6年 6月18日,令和 6年議会運営委員会（ 6月18日）,委員,鷹尾治久,M013
R060618B04,令和 6年 6月18日,令和 6年議会運営委員会（ 6月18日）,委員,横田英樹,M019
R060618B04,令和 6年 6月18日,令和 6年議会運営委員会（ 6月18日）,議長,藤森誠,M015
R060618B04,令和 6年 6月18日,令和 6年議会運営委員会（ 6月18日）,副議長,石崎徹,M001
R060716B04,令和 6年 7月16日,令和 6年議会運営委員会（ 7月16日）,委員長,森秀樹,M017
R060716B04,令和 6年 7月16日,令和 6年議会運営委員会（ 7月16日）,委員,北野誠一郎,M007
R060716B04,令和 6年 7月16日,令和 6年議会運営委員会（ 7月16日）,副委員長,川端宏明,M006
R060716B04,令和 6年 7月16日,令和 6年議会運営委員会（ 7月16日）,委員,今竹大祐,M003
R060716B04,令和 6年 7月16日,令和 6年議会運営委員会（ 7月16日）,委員,山田光昭,M018
R060716B04,令和 6年 7月16日,令和 6年議会運営委員会（ 7月16日）,委員,鷹尾治久,M013
R060716B04,令和 6年 7月16日,令和 6年議会運営委員会（ 7月16日）,委員,横田英樹,M019
R060716B04,令和 6年 7月16日,令和 6年議会運営委員会（ 7月16日）,議長,藤森誠,M015
R060716B04,令和 6年 7月16日,令和 6年議会運営委員会（ 7月16日）,副議長,石崎徹,M001
R060717B02,令和 6年 7月17日,令和 6年文教厚生常任委員会（ 7月17日）,委員長,山田光昭,M018
R060717B02,令和 6年 7月17日,令和 6年文教厚生常任委員会（ 7月17日）,委員,島津明香,M011
R060717B02,令和 6年 7月17日,令和 6年文教厚生常任委員会（ 7月17日）,副委員長,春増勝利,M014
R060717B02,令和 6年 7月17日,令和 6年文教厚生常任委員会（ 7月17日）,委員,鷹尾治久,M013
R060717B02,令和 6年 7月17日,令和 6年文教厚生常任委員会（ 7月17日）,委員,大西由紀,M005
R060717B02,令和 6年 7月17日,令和 6年文教厚生常任委員会（ 7月17日）,委員,藤森誠,M015
R060717B02,令和 6年 7月17日,令和 6年文教厚生常任委員会（ 7月17日）,委員,北野誠一郎,M007
R060718B03,令和 6年 7月18日,令和 6年建設環境経済常任委員会（ 7月18日）,委員長,芝本鎮彰,M010
R060718B03,令和 6年 7月18日,令和 6年建設環境経済常任委員会（ 7月18日）,委員,川端宏明,M006
R060718B03,令和 6年 7月18日,令和 6年建設環境経済常任委員会（ 7月18日）,副委員長,坂本まり,M008
R060718B03,令和 6年 7月18日,令和 6年建設環境経済常任委員会（ 7月18日）,委員,今竹大祐,M003
R060718B03,令和 6年 7月18日,令和 6年建設環境経済常任委員会（ 7月18日）,委員,鈴木利信,M012
R060718B03,令和 6年 7月18日,令和 6年建設環境経済常任委員会（ 7月18日）,委員,森秀樹,M017
R060722B06,令和 6年 7月22日,令和 6年高砂市民病院経営改善対策特別委員会（ 7月22日）,委員長,鈴木利信,M012
R060722B06,令和 6年 7月22日,令和 6年高砂市民病院経営改善対策特別委員会（ 7月22日）,委員,大西由紀,M005
R060722B06,令和 6年 7月22日,令和 6年高砂市民病院経営改善対策特別委員会（ 7月22日）,副委員長,岩見明,M004
R060722B06,令和 6年 7月22日,令和 6年高砂市民病院経営改善対策特別委員会（ 7月22日）,委員,春増勝利,M014
R060722B06,令和 6年 7月22日,令和 6年高砂市民病院経営改善対策特別委員会（ 7月22日）,委員,松野優也,M016
R060722B06,令和 6年 7月22日,令和 6年高砂市民病院経営改善対策特別委員会（ 7月22日）,委員,芝本鎮彰,M010
R060722B06,令和 6年 7月22日,令和 6年高砂市民病院経営改善対策特別委員会（ 7月22日）,委員,坂本まり,M008
R060726B01,令和 6年 7月26日,令和 6年総務常任委員会（ 7月26日）,委員長,岩見明,M004
R060726B01,令和 6年 7月26日,令和 6年総務常任委員会（ 7月26日）,委員,横田英樹,M019
R060726B01,令和 6年 7月26日,令和 6年総務常任委員会（ 7月26日）,副委員長,入江啓太,M002
R060726B01,令和 6年 7月26日,令和 6年総務常任委員会（ 7月26日）,委員,迫川高行,M009
R060726B01,令和 6年 7月26日,令和 6年総務常任委員会（ 7月26日）,委員,松野優也,M016
R060726B01,令和 6年 7月26日,令和 6年総務常任委員会（ 7月26日）,委員,石崎徹,M001
R060821B01,令和 6年 8月21日,令和 6年総務常任委員会（ 8月21日）,委員長,岩見明,M004
R060821B01,令和 6年 8月21日,令和 6年総務常任委員会（ 8月21日）,委員,横田英樹,M019
R060821B01,令和 6年 8月21日,令和 6年総務常任委員会（ 8月21日）,副委員長,入江啓太,M002
R060821B01,令和 6年 8月21日,令和 6年総務常任委員会（ 8月21日）,委員,迫川高行,M009
R060821B01,令和 6年 8月21日,令和 6年総務常任委員会（ 8月21日）,委員,松野優也,M016
R060821B01,令和 6年 8月21日,令和 6年総務常任委員会（ 8月21日）,委員,石崎徹,M001
R060822B04,令和 6年 8月22日,令和 6年議会運営委員会（ 8月22日）,委員長,森秀樹,M017
R060822B04,令和 6年 8月22日,令和 6年議会運営委員会（ 8月22日）,委員,北野誠一郎,M007
R060822B04,令和 6年 8月22日,令和 6年議会運営委員会（ 8月22日）,副委員長,川端宏明,M006
R060822B04,令和 6年 8月22日,令和 6年議会運営委員会（ 8月22日）,委員,今竹大祐,M003
R060822B04,令和 6年 8月22日,令和 6年議会運営委員会（ 8月22日）,委員,山田光昭,M018
R060822B04,令和 6年 8月22日,令和 6年議会運営委員会（ 8月22日）,委員,鷹尾治久,M013
R060822B04,令和 6年 8月22日,令和 6年議会運営委員会（ 8月22日）,委員,横田英樹,M019
R060822B04,令和 6年 8月22日,令和 6年議会運営委員会（ 8月22日）,議長,藤森誠,M015
R060822B04,令和 6年 8月22日,令和 6年議会運営委員会（ 8月22日）,副議長,石崎徹,M001
R060823B02,令和 6年 8月23日,令和 6年文教厚生常任委員会（ 8月23日）,委員長,山田光昭,M018
R060823B02,令和 6年 8月23日,令和 6年文教厚生常任委員会（ 8月23日）,委員,島津明香,M011
R060823B02,令和 6年 8月23日,令和 6年文教厚生常任委員会（ 8月23日）,副委員長,春増勝利,M014
R060823B02,令和 6年 8月23日,令和 6年文教厚生常任委員会（ 8月23日）,委員,鷹尾治久,M013
R060823B02,令和 6年 8月23日,令和 6年文教厚生常任委員会（ 8月23日）,委員,大西由紀,M005
R060823B02,令和 6年 8月23日,令和 6年文教厚生常任委員会（ 8月23日）,委員,藤森誠,M015
R060823B02,令和 6年 8月23日,令和 6年文教厚生常任委員会（ 8月23日）,委員,北野誠一郎,M007
R060823B03,令和 6年 8月23日,令和 6年建設環境経済常任委員会（ 8月23日）,委員長,芝本鎮彰,M010
R060823B03,令和 6年 8月23日,令和 6年建設環境経済常任委員会（ 8月23日）,委員,川端宏明,M006
R060823B03,令和 6年 8月23日,令和 6年建設環境経済常任委員会（ 8月23日）,副委員長,坂本まり,M008
R060823B03,令和 6年 8月23日,令和 6年建設環境経済常任委員会（ 8月23日）,委員,今竹大祐,M003
R060823B03,令和 6年 8月23日,令和 6年建設環境経済常任委員会（ 8月23日）,委員,鈴木利信,M012
R060823B03,令和 6年 8月23日,令和 6年建設環境経済常任委員会（ 8月23日）,委員,森秀樹,M017
R060827B06,令和 6年 8月27日,令和 6年高砂市民病院経営改善対策特別委員会（ 8月27日）,委員長,鈴木利信,M012
R060827B06,令和 6年 8月27日,令和 6年高砂市民病院経営改善対策特別委員会（ 8月27日）,委員,大西由紀,M005
R060827B06,令和 6年 8月27日,令和 6年高砂市民病院経営改善対策特別委員会（ 8月27日）,副委員長,岩見明,M004
R060827B06,令和 6年 8月27日,令和 6年高砂市民病院経営改善対策特別委員会（ 8月27日）,委員,春増勝利,M014
R060827B06,令和 6年 8月27日,令和 6年高砂市民病院経営改善対策特別委員会（ 8月27日）,委員,松野優也,M016
R060827B06,令和 6年 8月27日,令和 6年高砂市民病院経営改善対策特別委員会（ 8月27日）,委員,芝本鎮彰,M010
R060827B06,令和 6年 8月27日,令和 6年高砂市民病院経営改善対策特別委員会（ 8月27日）,委員,坂本まり,M008
R060903B04,令和 6年 9月 3日,令和 6年議会運営委員会（ 9月 3日）,委員長,森秀樹,M017
R060903B04,令和 6年 9月 3日,令和 6年議会運営委員会（ 9月 3日）,委員,北野誠一郎,M007
R060903B04,令和 6年 9月 3日,令和 6年議会運営委員会（ 9月 3日）,副委員長,川端宏明,M006
R060903B04,令和 6年 9月 3日,令和 6年議会運営委員会（ 9月 3日）,委員,今竹大祐,M003
R060903B04,令和 6年 9月 3日,令和 6年議会運営委員会（ 9月 3日）,委員,山田光昭,M018
R060903B04,令和 6年 9月 3日,令和 6年議会運営委員会（ 9月 3日）,委員,鷹尾治久,M013
R060903B04,令和 6年 9月 3日,令和 6年議会運営委員会（ 9月 3日）,委員,横田英樹,M019
R060903B04,令和 6年 9月 3日,令和 6年議会運営委員会（ 9月 3日）,議長,藤森誠,M015
R060903B04,令和 6年 9月 3日,令和 6年議会運営委員会（ 9月 3日）,副議長,石崎徹,M001
R060910B04,令和 6年 9月10日,令和 6年議会運営委員会（ 9月10日）,委員長,森秀樹,M017
R060910B04,令和 6年 9月10日,令和 6年議会運営委員会（ 9月10日）,委員,北野誠一郎,M007
R060910B04,令和 6年 9月10日,令和 6年議会運営委員会（ 9月10日）,副委員長,川端宏明,M006
R060910B04,令和 6年 9月10日,令和 6年議会運営委員会（ 9月10日）,委員,今竹大祐,M003
R060910B04,令和 6年 9月10日,令和 6年議会運営委員会（ 9月10日）,委員,山田光昭,M018
R060910B04,令和 6年 9月10日,令和 6年議会運営委員会（ 9月10日）,委員,鷹尾治久,M013
R060910B04,令和 6年 9月10日,令和 6年議会運営委員会（ 9月10日）,委員,横田英樹,M019
R060910B04,令和 6年 9月10日,令和 6年議会運営委員会（ 9月10日）,議長,藤森誠,M015
R060910B04,令和 6年 9月10日,令和 6年議会運営委員会（ 9月10日）,副議長,石崎徹,M001
R060911B01,令和 6年 9月11日,令和 6年総務常任委員会（ 9月11日）,委員長,芝本鎮彰,M010
R060911B01,令和 6年 9月11日,令和 6年総務常任委員会（ 9月11日）,委員,藤森誠,M015
R060911B01,令和 6年 9月11日,令和 6年総務常任委員会（ 9月11日）,副委員長,春増勝利,M014
R060911B01,令和 6年 9月11日,令和 6年総務常任委員会（ 9月11日）,委員,島津明香,M011
R060911B01,令和 6年 9月11日,令和 6年総務常任委員会（ 9月11日）,委員,坂本まり,M008
R060911B01,令和 6年 9月11日,令和 6年総務常任委員会（ 9月11日）,委員,北野誠一郎,M007
R060911B02,令和 6年 9月11日,令和 6年文教厚生常任委員会（ 9月11日）,委員長,岩見明,M004
R060911B02,令和 6年 9月11日,令和 6年文教厚生常任委員会（ 9月11日）,委員,迫川高行,M009
R060911B02,令和 6年 9月11日,令和 6年文教厚生常任委員会（ 9月11日）,副委員長,松野優也,M016
R060911B02,令和 6年 9月11日,令和 6年文教厚生常任委員会（ 9月11日）,委員,大西由紀,M005
R060911B02,令和 6年 9月11日,令和 6年文教厚生常任委員会（ 9月11日）,委員,鷹尾治久,M013
R060911B02,令和 6年 9月11日,令和 6年文教厚生常任委員会（ 9月11日）,委員,鈴木利信,M012
R060911B02,令和 6年 9月11日,令和 6年文教厚生常任委員会（ 9月11日）,委員,今竹大祐,M003
R060911B03,令和 6年 9月11日,令和 6年建設環境経済常任委員会（ 9月11日）,委員長,山田光昭,M018
R060911B03,令和 6年 9月11日,令和 6年建設環境経済常任委員会（ 9月11日）,委員,川端宏明,M006
R060911B03,令和 6年 9月11日,令和 6年建設環境経済常任委員会（ 9月11日）,副委員長,入江啓太,M002
R060911B03,令和 6年 9月11日,令和 6年建設環境経済常任委員会（ 9月11日）,委員,森秀樹,M017
R060911B03,令和 6年 9月11日,令和 6年建設環境経済常任委員会（ 9月11日）,委員,石崎徹,M001
R060911B03,令和 6年 9月11日,令和 6年建設環境経済常任委員会（ 9月11日）,委員,横田英樹,M019
R060911B04,令和 6年 9月11日,令和 6年議会運営委員会（ 9月11日）,委員長,森秀樹,M017
R060911B04,令和 6年 9月11日,令和 6年議会運営委員会（ 9月11日）,委員,北野誠一郎,M007
R060911B04,令和 6年 9月11日,令和 6年議会運営委員会（ 9月11日）,副委員長,川端宏明,M006
R060911B04,令和 6年 9月11日,令和 6年議会運営委員会（ 9月11日）,委員,今竹大祐,M003
R060911B04,令和 6年 9月11日,令和 6年議会運営委員会（ 9月11日）,委員,山田光昭,M018
R060911B04,令和 6年 9月11日,令和 6年議会運営委員会（ 9月11日）,委員,鷹尾治久,M013
R060911B04,令和 6年 9月11日,令和 6年議会運営委員会（ 9月11日）,委員,横田英樹,M019
R060911B04,令和 6年 9月11日,令和 6年議会運営委員会（ 9月11日）,議長,藤森誠,M015
R060911B04,令和 6年 9月11日,令和 6年議会運営委員会（ 9月11日）,副議長,石崎徹,M001
R060912B04,令和 6年 9月12日,令和 6年議会運営委員会（ 9月12日）,委員長,鷹尾治久,M013
R060912B04,令和 6年 9月12日,令和 6年議会運営委員会（ 9月12日）,委員,春増勝利,M014
R060912B04,令和 6年 9月12日,令和 6年議会運営委員会（ 9月12日）,副委員長,川端宏明,M006
R060912B04,令和 6年 9月12日,令和 6年議会運営委員会（ 9月12日）,委員,大西由紀,M005
R060912B04,令和 6年 9月12日,令和 6年議会運営委員会（ 9月12日）,委員,山田光昭,M018
R060912B04,令和 6年 9月12日,令和 6年議会運営委員会（ 9月12日）,委員,北野誠一郎,M007
R060912B04,令和 6年 9月12日,令和 6年議会運営委員会（ 9月12日）,委員,岩見明,M004
R060912B04,令和 6年 9月12日,令和 6年議会運営委員会（ 9月12日）,議長,迫川高行,M009
R060912B04,令和 6年 9月12日,令和 6年議会運営委員会（ 9月12日）,副議長,島津明香,M011
R060913B04,令和 6年 9月13日,令和 6年議会運営委員会（ 9月13日）,委員長,鷹尾治久,M013
R060913B04,令和 6年 9月13日,令和 6年議会運営委員会（ 9月13日）,委員,春増勝利,M014
R060913B04,令和 6年 9月13日,令和 6年議会運営委員会（ 9月13日）,副委員長,川端宏明,M006
R060913B04,令和 6年 9月13日,令和 6年議会運営委員会（ 9月13日）,委員,大西由紀,M005
R060913B04,令和 6年 9月13日,令和 6年議会運営委員会（ 9月13日）,委員,山田光昭,M018
R060913B04,令和 6年 9月13日,令和 6年議会運営委員会（ 9月13日）,委員,北野誠一郎,M007
R060913B04,令和 6年 9月13日,令和 6年議会運営委員会（ 9月13日）,委員,岩見明,M004
R060913B04,令和 6年 9月13日,令和 6年議会運営委員会（ 9月13日）,議長,迫川高行,M009
R060913B04,令和 6年 9月13日,令和 6年議会運営委員会（ 9月13日）,副議長,島津明香,M011
R060919B04,令和 6年 9月19日,令和 6年議会運営委員会（ 9月19日）,委員長,鷹尾治久,M013
R060919B04,令和 6年 9月19日,令和 6年議会運営委員会（ 9月19日）,委員,春増勝利,M014
R060919B04,令和 6年 9月19日,令和 6年議会運営委員会（ 9月19日）,副委員長,川端宏明,M006
R060919B04,令和 6年 9月19日,令和 6年議会運営委員会（ 9月19日）,委員,大西由紀,M005
R060919B04,令和 6年 9月19日,令和 6年議会運営委員会（ 9月19日）,委員,山田光昭,M018
R060919B04,令和 6年 9月19日,令和 6年議会運営委員会（ 9月19日）,委員,北野誠一郎,M007
R060919B04,令和 6年 9月19日,令和 6年議会運営委員会（ 9月19日）,委員,岩見明,M004
R060919B04,令和 6年 9月19日,令和 6年議会運営委員会（ 9月19日）,議長,迫川高行,M009
R060919B04,令和 6年 9月19日,令和 6年議会運営委員会（ 9月19日）,副議長,島津明香,M011
R060920B01,令和 6年 9月20日,令和 6年総務常任委員会（ 9月20日）,委員長,芝本鎮彰,M010
R060920B01,令和 6年 9月20日,令和 6年総務常任委員会（ 9月20日）,委員,藤森誠,M015
R060920B01,令和 6年 9月20日,令和 6年総務常任委員会（ 9月20日）,副委員長,春増勝利,M014
R060920B01,令和 6年 9月20日,令和 6年総務常任委員会（ 9月20日）,委員,島津明香,M011
R060920B01,令和 6年 9月20日,令和 6年総務常任委員会（ 9月20日）,委員,坂本まり,M008
R060920B01,令和 6年 9月20日,令和 6年総務常任委員会（ 9月20日）,委員,北野誠一郎,M007
R060920B02,令和 6年 9月20日,令和 6年文教厚生常任委員会（ 9月20日）,委員長,岩見明,M004
R060920B02,令和 6年 9月20日,令和 6年文教厚生常任委員会（ 9月20日）,委員,迫川高行,M009
R060920B02,令和 6年 9月20日,令和 6年文教厚生常任委員会（ 9月20日）,副委員長,松野優也,M016
R060920B02,令和 6年 9月20日,令和 6年文教厚生常任委員会（ 9月20日）,委員,大西由紀,M005
R060920B02,令和 6年 9月20日,令和 6年文教厚生常任委員会（ 9月20日）,委員,鷹尾治久,M013
R060920B02,令和 6年 9月20日,令和 6年文教厚生常任委員会（ 9月20日）,委員,鈴木利信,M012
R060920B02,令和 6年 9月20日,令和 6年文教厚生常任委員会（ 9月20日）,委員,今竹大祐,M003
R060920B03,令和 6年 9月20日,令和 6年建設環境経済常任委員会（ 9月20日）,委員長,山田光昭,M018
R060920B03,令和 6年 9月20日,令和 6年建設環境経済常任委員会（ 9月20日）,委員,川端宏明,M006
R060920B03,令和 6年 9月20日,令和 6年建設環境経済常任委員会（ 9月20日）,副委員長,入江啓太,M002
R060920B03,令和 6年 9月20日,令和 6年建設環境経済常任委員会（ 9月20日）,委員,森秀樹,M017
R060920B03,令和 6年 9月20日,令和 6年建設環境経済常任委員会（ 9月20日）,委員,石崎徹,M001
R060920B03,令和 6年 9月20日,令和 6年建設環境経済常任委員会（ 9月20日）,委員,横田英樹,M019
R060924B01,令和 6年 9月24日,令和 6年総務常任委員会（ 9月24日）,委員長,芝本鎮彰,M010
R060924B01,令和 6年 9月24日,令和 6年総務常任委員会（ 9月24日）,委員,藤森誠,M015
R060924B01,令和 6年 9月24日,令和 6年総務常任委員会（ 9月24日）,副委員長,春増勝利,M014
R060924B01,令和 6年 9月24日,令和 6年総務常任委員会（ 9月24日）,委員,島津明香,M011
R060924B01,令和 6年 9月24日,令和 6年総務常任委員会（ 9月24日）,委員,坂本まり,M008
R060924B01,令和 6年 9月24日,令和 6年総務常任委員会（ 9月24日）,委員,北野誠一郎,M007
R060924B02,令和 6年 9月24日,令和 6年文教厚生常任委員会（ 9月24日）,委員長,岩見明,M004
R060924B02,令和 6年 9月24日,令和 6年文教厚生常任委員会（ 9月24日）,委員,迫川高行,M009
R060924B02,令和 6年 9月24日,令和 6年文教厚生常任委員会（ 9月24日）,副委員長,松野優也,M016
R060924B02,令和 6年 9月24日,令和 6年文教厚生常任委員会（ 9月24日）,委員,大西由紀,M005
R060924B02,令和 6年 9月24日,令和 6年文教厚生常任委員会（ 9月24日）,委員,鷹尾治久,M013
R060924B02,令和 6年 9月24日,令和 6年文教厚生常任委員会（ 9月24日）,委員,鈴木利信,M012
R060924B02,令和 6年 9月24日,令和 6年文教厚生常任委員会（ 9月24日）,委員,今竹大祐,M003
R060924B03,令和 6年 9月24日,令和 6年建設環境経済常任委員会（ 9月24日）,委員長,山田光昭,M018
R060924B03,令和 6年 9月24日,令和 6年建設環境経済常任委員会（ 9月24日）,委員,川端宏明,M006
R060924B03,令和 6年 9月24日,令和 6年建設環境経済常任委員会（ 9月24日）,副委員長,入江啓太,M002
R060924B03,令和 6年 9月24日,令和 6年建設環境経済常任委員会（ 9月24日）,委員,森秀樹,M017
R060924B03,令和 6年 9月24日,令和 6年建設環境経済常任委員会（ 9月24日）,委員,石崎徹,M001
R060924B03,令和 6年 9月24日,令和 6年建設環境経済常任委員会（ 9月24日）,委員,横田英樹,M019
R060926B04,令和 6年 9月26日,令和 6年議会運営委員会（ 9月26日）,委員長,鷹尾治久,M013
R060926B04,令和 6年 9月26日,令和 6年議会運営委員会（ 9月26日）,委員,春増勝利,M014
R060926B04,令和 6年 9月26日,令和 6年議会運営委員会（ 9月26日）,副委員長,川端宏明,M006
R060926B04,令和 6年 9月26日,令和 6年議会運営委員会（ 9月26日）,委員,大西由紀,M005
R060926B04,令和 6年 9月26日,令和 6年議会運営委員会（ 9月26日）,委員,山田光昭,M018
R060926B04,令和 6年 9月26日,令和 6年議会運営委員会（ 9月26日）,委員,北野誠一郎,M007
R060926B04,令和 6年 9月26日,令和 6年議会運営委員会（ 9月26日）,委員,岩見明,M004
R060926B04,令和 6年 9月26日,令和 6年議会運営委員会（ 9月26日）,議長,迫川高行,M009
R060926B04,令和 6年 9月26日,令和 6年議会運営委員会（ 9月26日）,副議長,島津明香,M011
R060926B05,令和 6年 9月26日,令和 6年決算特別委員会（ 9月26日）,委員長,森秀樹,M017
R060926B05,令和 6年 9月26日,令和 6年決算特別委員会（ 9月26日）,委員,鷹尾治久,M013
R060926B05,令和 6年 9月26日,令和 6年決算特別委員会（ 9月26日）,副委員長,松野優也,M016
R060926B05,令和 6年 9月26日,令和 6年決算特別委員会（ 9月26日）,委員,川端宏明,M006
R060926B05,令和 6年 9月26日,令和 6年決算特別委員会（ 9月26日）,委員,岩見明,M004
R060926B05,令和 6年 9月26日,令和 6年決算特別委員会（ 9月26日）,委員,横田英樹,M019
R060926B07,令和 6年 9月26日,令和 6年行政課題等調査検討特別委員会（ 9月26日）,委員長,北野誠一郎,M007
R060926B07,令和 6年 9月26日,令和 6年行政課題等調査検討特別委員会（ 9月26日）,委員,石崎徹,M001
R060926B07,令和 6年 9月26日,令和 6年行政課題等調査検討特別委員会（ 9月26日）,副委員長,藤森誠,M015
R060926B07,令和 6年 9月26日,令和 6年行政課題等調査検討特別委員会（ 9月26日）,委員,今竹大祐,M003
R060926B07,令和 6年 9月26日,令和 6年行政課題等調査検討特別委員会（ 9月26日）,委員,松野優也,M016
R060926B07,令和 6年 9月26日,令和 6年行政課題等調査検討特別委員会（ 9月26日）,委員,森秀樹,M017
R060926B07,令和 6年 9月26日,令和 6年行政課題等調査検討特別委員会（ 9月26日）,委員,坂本まり,M008
R061002B05,令和 6年10月 2日,令和 6年決算特別委員会（10月 2日）,委員長,森秀樹,M017
R061002B05,令和 6年10月 2日,令和 6年決算特別委員会（10月 2日）,委員,鷹尾治久,M013
R061002B05,令和 6年10月 2日,令和 6年決算特別委員会（10月 2日）,副委員長,松野優也,M016
R061002B05,令和 6年10月 2日,令和 6年決算特別委員会（10月 2日）,委員,川端宏明,M006
R061002B05,令和 6年10月 2日,令和 6年決算特別委員会（10月 2日）,委員,岩見明,M004
R061002B05,令和 6年10月 2日,令和 6年決算特別委員会（10月 2日）,委員,横田英樹,M019
R061007B07,令和 6年10月 7日,令和 6年行政課題等調査検討特別委員会（10月 7日）,委員長,北野誠一郎,M007
R061007B07,令和 6年10月 7日,令和 6年行政課題等調査検討特別委員会（10月 7日）,委員,石崎徹,M001
R061007B07,令和 6年10月 7日,令和 6年行政課題等調査検討特別委員会（10月 7日）,副委員長,藤森誠,M015
R061007B07,令和 6年10月 7日,令和 6年行政課題等調査検討特別委員会（10月 7日）,委員,今竹大祐,M003
R061007B07,令和 6年10月 7日,令和 6年行政課題等調査検討特別委員会（10月 7日）,委員,松野優也,M016
R061007B07,令和 6年10月 7日,令和 6年行政課題等調査検討特別委員会（10月 7日）,委員,森秀樹,M017
R061007B07,令和 6年10月 7日,令和 6年行政課題等調査検討特別委員会（10月 7日）,委員,坂本まり,M008
R061007B07,令和 6年10月 7日,令和 6年行政課題等調査検討特別委員会（10月 7日）,議長,迫川高行,M009
R061018B05,令和 6年10月18日,令和 6年決算特別委員会（10月18日）,委員長,森秀樹,M017
R061018B05,令和 6年10月18日,令和 6年決算特別委員会（10月18日）,委員,鷹尾治久,M013
R061018B05,令和 6年10月18日,令和 6年決算特別委員会（10月18日）,副委員長,松野優也,M016
R061018B05,令和 6年10月18日,令和 6年決算特別委員会（10月18日）,委員,川端宏明,M006
R061018B05,令和 6年10月18日,令和 6年決算特別委員会（10月18日）,委員,岩見明,M004
R061018B05,令和 6年10月18日,令和 6年決算特別委員会（10月18日）,委員,横田英樹,M019
R061018B05,令和 6年10月18日,令和 6年決算特別委員会（10月18日）,議長,迫川高行,M009
R061021B03,令和 6年10月21日,令和 6年建設環境経済常任委員会（10月21日）,委員長,山田光昭,M018
R061021B03,令和 6年10月21日,令和 6年建設環境経済常任委員会（10月21日）,委員,川端宏明,M006
R061021B03,令和 6年10月21日,令和 6年建設環境経済常任委員会（10月21日）,副委員長,入江啓太,M002
R061021B03,令和 6年10月21日,令和 6年建設環境経済常任委員会（10月21日）,委員,森秀樹,M017
R061021B03,令和 6年10月21日,令和 6年建設環境経済常任委員会（10月21日）,委員,石崎徹,M001
R061021B03,令和 6年10月21日,令和 6年建設環境経済常任委員会（10月21日）,委員,横田英樹,M019
R061025B01,令和 6年10月25日,令和 6年総務常任委員会（10月25日）,委員長,芝本鎮彰,M010
R061025B01,令和 6年10月25日,令和 6年総務常任委員会（10月25日）,委員,藤森誠,M015
R061025B01,令和 6年10月25日,令和 6年総務常任委員会（10月25日）,副委員長,春増勝利,M014
R061025B01,令和 6年10月25日,令和 6年総務常任委員会（10月25日）,委員,島津明香,M011
R061025B01,令和 6年10月25日,令和 6年総務常任委員会（10月25日）,委員,坂本まり,M008
R061025B01,令和 6年10月25日,令和 6年総務常任委員会（10月25日）,委員,北野誠一郎,M007
R061025B05,令和 6年10月25日,令和 6年決算特別委員会（10月25日）,委員長,森秀樹,M017
R061025B05,令和 6年10月25日,令和 6年決算特別委員会（10月25日）,委員,鷹尾治久,M013
R061025B05,令和 6年10月25日,令和 6年決算特別委員会（10月25日）,副委員長,松野優也,M016
R061025B05,令和 6年10月25日,令和 6年決算特別委員会（10月25日）,委員,川端宏明,M006
R061025B05,令和 6年10月25日,令和 6年決算特別委員会（10月25日）,委員,岩見明,M004
R061025B05,令和 6年10月25日,令和 6年決算特別委員会（10月25日）,委員,横田英樹,M019
R061028B05,令和 6年10月28日,令和 6年決算特別委員会（10月28日）,委員長,森秀樹,M017
R061028B05,令和 6年10月28日,令和 6年決算特別委員会（10月28日）,委員,鷹尾治久,M013
R061028B05,令和 6年10月28日,令和 6年決算特別委員会（10月28日）,副委員長,松野優也,M016
R061028B05,令和 6年10月28日,令和 6年決算特別委員会（10月28日）,委員,川端宏明,M006
R061028B05,令和 6年10月28日,令和 6年決算特別委員会（10月28日）,委員,岩見明,M004
R061028B05,令和 6年10月28日,令和 6年決算特別委員会（10月28日）,委員,横田英樹,M019
R061029B02,令和 6年10月29日,令和 6年文教厚生常任委員会（10月29日）,委員長,岩見明,M004
R061029B02,令和 6年10月29日,令和 6年文教厚生常任委員会（10月29日）,委員,迫川高行,M009
R061029B02,令和 6年10月29日,令和 6年文教厚生常任委員会（10月29日）,副委員長,松野優也,M016
R061029B02,令和 6年10月29日,令和 6年文教厚生常任委員会（10月29日）,委員,大西由紀,M005
R061029B02,令和 6年10月29日,令和 6年文教厚生常任委員会（10月29日）,委員,鷹尾治久,M013
R061029B02,令和 6年10月29日,令和 6年文教厚生常任委員会（10月29日）,委員,鈴木利信,M012
R061029B02,令和 6年10月29日,令和 6年文教厚生常任委員会（10月29日）,委員,今竹大祐,M003
R061030B05,令和 6年10月30日,令和 6年決算特別委員会（10月30日）,委員長,森秀樹,M017
R061030B05,令和 6年10月30日,令和 6年決算特別委員会（10月30日）,委員,鷹尾治久,M013
R061030B05,令和 6年10月30日,令和 6年決算特別委員会（10月30日）,副委員長,松野優也,M016
R061030B05,令和 6年10月30日,令和 6年決算特別委員会（10月30日）,委員,川端宏明,M006
R061030B05,令和 6年10月30日,令和 6年決算特別委員会（10月30日）,委員,岩見明,M004
R061030B05,令和 6年10月30日,令和 6年決算特別委員会（10月30日）,委員,横田英樹,M019
R061107B05,令和 6年11月 7日,令和 6年決算特別委員会（11月 7日）,委員長,森秀樹,M017
R061107B05,令和 6年11月 7日,令和 6年決算特別委員会（11月 7日）,委員,鷹尾治久,M013
R061107B05,令和 6年11月 7日,令和 6年決算特別委員会（11月 7日）,副委員長,松野優也,M016
R061107B05,令和 6年11月 7日,令和 6年決算特別委員会（11月 7日）,委員,川端宏明,M006
R061107B05,令和 6年11月 7日,令和 6年決算特別委員会（11月 7日）,委員,岩見明,M004
R061107B05,令和 6年11月 7日,令和 6年決算特別委員会（11月 7日）,委員,横田英樹,M019
R061108B07,令和 6年11月 8日,令和 6年行政課題等調査検討特別委員会（11月 8日）,委員長,北野誠一郎,M007
R061108B07,令和 6年11月 8日,令和 6年行政課題等調査検討特別委員会（11月 8日）,委員,石崎徹,M001
R061108B07,令和 6年11月 8日,令和 6年行政課題等調査検討特別委員会（11月 8日）,副委員長,藤森誠,M015
R061108B07,令和 6年11月 8日,令和 6年行政課題等調査検討特別委員会（11月 8日）,委員,今竹大祐,M003
R061108B07,令和 6年11月 8日,令和 6年行政課題等調査検討特別委員会（11月 8日）,委員,松野優也,M016
R061108B07,令和 6年11月 8日,令和 6年行政課題等調査検討特別委員会（11月 8日）,委員,森秀樹,M017
R061108B07,令和 6年11月 8日,令和 6年行政課題等調査検討特別委員会（11月 8日）,委員,坂本まり,M008
R061111B04,令和 6年11月11日,令和 6年議会運営委員会（11月11日）,委員長,鷹尾治久,M013
R061111B04,令和 6年11月11日,令和 6年議会運営委員会（11月11日）,委員,春増勝利,M014
R061111B04,令和 6年11月11日,令和 6年議会運営委員会（11月11日）,副委員長,川端宏明,M006
R061111B04,令和 6年11月11日,令和 6年議会運営委員会（11月11日）,委員,大西由紀,M005
R061111B04,令和 6年11月11日,令和 6年議会運営委員会（11月11日）,委員,松野優也,M016
R061111B04,令和 6年11月11日,令和 6年議会運営委員会（11月11日）,委員,北野誠一郎,M007
R061111B04,令和 6年11月11日,令和 6年議会運営委員会（11月11日）,委員,岩見明,M004
R061111B04,令和 6年11月11日,令和 6年議会運営委員会（11月11日）,議長,迫川高行,M009
R061111B04,令和 6年11月11日,令和 6年議会運営委員会（11月11日）,副議長,島津明香,M011
R061111B05,令和 6年11月11日,令和 6年決算特別委員会（11月11日）,委員長,森秀樹,M017
R061111B05,令和 6年11月11日,令和 6年決算特別委員会（11月11日）,委員,鷹尾治久,M013
R061111B05,令和 6年11月11日,令和 6年決算特別委員会（11月11日）,副委員長,松野優也,M016
R061111B05,令和 6年11月11日,令和 6年決算特別委員会（11月11日）,委員,川端宏明,M006
R061111B05,令和 6年11月11日,令和 6年決算特別委員会（11月11日）,委員,岩見明,M004
R061111B05,令和 6年11月11日,令和 6年決算特別委員会（11月11日）,委員,横田英樹,M019
R061113B05,令和 6年11月13日,令和 6年決算特別委員会（11月13日）,委員長,森秀樹,M017
R061113B05,令和 6年11月13日,令和 6年決算特別委員会（11月13日）,委員,鷹尾治久,M013
R061113B05,令和 6年11月13日,令和 6年決算特別委員会（11月13日）,副委員長,松野優也,M016
R061113B05,令和 6年11月13日,令和 6年決算特別委員会（11月13日）,委員,川端宏明,M006
R061113B05,令和 6年11月13日,令和 6年決算特別委員会（11月13日）,委員,岩見明,M004
R061113B05,令和 6年11月13日,令和 6年決算特別委員会（11月13日）,委員,横田英樹,M019
R061114B05,令和 6年11月14日,令和 6年決算特別委員会（11月14日）,委員長,森秀樹,M017
R061114B05,令和 6年11月14日,令和 6年決算特別委員会（11月14日）,委員,鷹尾治久,M013
R061114B05,令和 6年11月14日,令和 6年決算特別委員会（11月14日）,副委員長,松野優也,M016
R061114B05,令和 6年11月14日,令和 6年決算特別委員会（11月14日）,委員,川端宏明,M006
R061114B05,令和 6年11月14日,令和 6年決算特別委員会（11月14日）,委員,岩見明,M004
R061114B05,令和 6年11月14日,令和 6年決算特別委員会（11月14日）,委員,横田英樹,M019
R061121B01,令和 6年11月21日,令和 6年総務常任委員会（11月21日）,委員長,芝本鎮彰,M010
R061121B01,令和 6年11月21日,令和 6年総務常任委員会（11月21日）,委員,藤森誠,M015
R061121B01,令和 6年11月21日,令和 6年総務常任委員会（11月21日）,副委員長,春増勝利,M014
R061121B01,令和 6年11月21日,令和 6年総務常任委員会（11月21日）,委員,島津明香,M011
R061121B01,令和 6年11月21日,令和 6年総務常任委員会（11月21日）,委員,坂本まり,M008
R061121B01,令和 6年11月21日,令和 6年総務常任委員会（11月21日）,委員,北野誠一郎,M007
R061121B02,令和 6年11月21日,令和 6年文教厚生常任委員会（11月21日）,委員長,岩見明,M004
R061121B02,令和 6年11月21日,令和 6年文教厚生常任委員会（11月21日）,委員,迫川高行,M009
R061121B02,令和 6年11月21日,令和 6年文教厚生常任委員会（11月21日）,副委員長,松野優也,M016
R061121B02,令和 6年11月21日,令和 6年文教厚生常任委員会（11月21日）,委員,大西由紀,M005
R061121B02,令和 6年11月21日,令和 6年文教厚生常任委員会（11月21日）,委員,鷹尾治久,M013
R061121B02,令和 6年11月21日,令和 6年文教厚生常任委員会（11月21日）,委員,鈴木利信,M012
R061121B02,令和 6年11月21日,令和 6年文教厚生常任委員会（11月21日）,委員,今竹大祐,M003
R061121B03,令和 6年11月21日,令和 6年建設環境経済常任委員会（11月21日）,委員長,山田光昭,M018
R061121B03,令和 6年11月21日,令和 6年建設環境経済常任委員会（11月21日）,委員,川端宏明,M006
R061121B03,令和 6年11月21日,令和 6年建設環境経済常任委員会（11月21日）,副委員長,入江啓太,M002
R061121B03,令和 6年11月21日,令和 6年建設環境経済常任委員会（11月21日）,委員,森秀樹,M017
R061121B03,令和 6年11月21日,令和 6年建設環境経済常任委員会（11月21日）,委員,石崎徹,M001
R061121B03,令和 6年11月21日,令和 6年建設環境経済常任委員会（11月21日）,委員,横田英樹,M019
R061121B05,令和 6年11月21日,令和 6年決算特別委員会（11月21日）,委員長,森秀樹,M017
R061121B05,令和 6年11月21日,令和 6年決算特別委員会（11月21日）,委員,鷹尾治久,M013
R061121B05,令和 6年11月21日,令和 6年決算特別委員会（11月21日）,副委員長,松野優也,M016
R061121B05,令和 6年11月21日,令和 6年決算特別委員会（11月21日）,委員,川端宏明,M006
R061121B05,令和 6年11月21日,令和 6年決算特別委員会（11月21日）,委員,岩見明,M004
R061121B05,令和 6年11月21日,令和 6年決算特別委員会（11月21日）,委員,横田英樹,M019
R061121B05,令和 6年11月21日,令和 6年決算特別委員会（11月21日）,議長,迫川高行,M009
R061122B05,令和 6年11月22日,令和 6年決算特別委員会（11月22日）,委員長,森秀樹,M017
R061122B05,令和 6年11月22日,令和 6年決算特別委員会（11月22日）,委員,鷹尾治久,M013
R061122B05,令和 6年11月22日,令和 6年決算特別委員会（11月22日）,副委員長,松野優也,M016
R061122B05,令和 6年11月22日,令和 6年決算特別委員会（11月22日）,委員,川端宏明,M006
R061122B05,令和 6年11月22日,令和 6年決算特別委員会（11月22日）,委員,岩見明,M004
R061122B05,令和 6年11月22日,令和 6年決算特別委員会（11月22日）,委員,横田英樹,M019
R061125B04,令和 6年11月25日,令和 6年議会運営委員会（11月25日）,委員長,鷹尾治久,M013
R061125B04,令和 6年11月25日,令和 6年議会運営委員会（11月25日）,委員,春増勝利,M014
R061125B04,令和 6年11月25日,令和 6年議会運営委員会（11月25日）,副委員長,川端宏明,M006
R061125B04,令和 6年11月25日,令和 6年議会運営委員会（11月25日）,委員,大西由紀,M005
R061125B04,令和 6年11月25日,令和 6年議会運営委員会（11月25日）,委員,山田光昭,M018
R061125B04,令和 6年11月25日,令和 6年議会運営委員会（11月25日）,委員,北野誠一郎,M007
R061125B04,令和 6年11月25日,令和 6年議会運営委員会（11月25日）,委員,岩見明,M004
R061125B04,令和 6年11月25日,令和 6年議会運営委員会（11月25日）,議長,迫川高行,M009
R061125B04,令和 6年11月25日,令和 6年議会運営委員会（11月25日）,副議長,島津明香,M011
R061203B04,令和 6年12月 3日,令和 6年議会運営委員会（12月 3日）,委員長,鷹尾治久,M013
R061203B04,令和 6年12月 3日,令和 6年議会運営委員会（12月 3日）,委員,春増勝利,M014
R061203B04,令和 6年12月 3日,令和 6年議会運営委員会（12月 3日）,副委員長,川端宏明,M006
R061203B04,令和 6年12月 3日,令和 6年議会運営委員会（12月 3日）,委員,大西由紀,M005
R061203B04,令和 6年12月 3日,令和 6年議会運営委員会（12月 3日）,委員,山田光昭,M018
R061203B04,令和 6年12月 3日,令和 6年議会運営委員会（12月 3日）,委員,鈴木利信,M012
R061203B04,令和 6年12月 3日,令和 6年議会運営委員会（12月 3日）,委員,岩見明,M004
R061203B04,令和 6年12月 3日,令和 6年議会運営委員会（12月 3日）,議長,迫川高行,M009
R061203B04,令和 6年12月 3日,令和 6年議会運営委員会（12月 3日）,副議長,島津明香,M011
R061204B04,令和 6年12月 4日,令和 6年議会運営委員会（12月 4日）,委員長,鷹尾治久,M013
R061204B04,令和 6年12月 4日,令和 6年議会運営委員会（12月 4日）,委員,春増勝利,M014
R061204B04,令和 6年12月 4日,令和 6年議会運営委員会（12月 4日）,副委員長,川端宏明,M006
R061204B04,令和 6年12月 4日,令和 6年議会運営委員会（12月 4日）,委員,大西由紀,M005
R061204B04,令和 6年12月 4日,令和 6年議会運営委員会（12月 4日）,委員,山田光昭,M018
R061204B04,令和 6年12月 4日,令和 6年議会運営委員会（12月 4日）,委員,北野誠一郎,M007
R061204B04,令和 6年12月 4日,令和 6年議会運営委員会（12月 4日）,委員,岩見明,M004
R061204B04,令和 6年12月 4日,令和 6年議会運営委員会（12月 4日）,議長,迫川高行,M009
R061204B04,令和 6年12月 4日,令和 6年議会運営委員会（12月 4日）,副議長,島津明香,M011
R061205B04,令和 6年12月 5日,令和 6年議会運営委員会（12月 5日）,委員長,鷹尾治久,M013
R061205B04,令和 6年12月 5日,令和 6年議会運営委員会（12月 5日）,委員,春増勝利,M014
R061205B04,令和 6年12月 5日,令和 6年議会運営委員会（12月 5日）,副委員長,川端宏明,M006
R061205B04,令和 6年12月 5日,令和 6年議会運営委員会（12月 5日）,委員,大西由紀,M005
R061205B04,令和 6年12月 5日,令和 6年議会運営委員会（12月 5日）,委員,山田光昭,M018
R061205B04,令和 6年12月 5日,令和 6年議会運営委員会（12月 5日）,委員,北野誠一郎,M007
R061205B04,令和 6年12月 5日,令和 6年議会運営委員会（12月 5日）,委員,岩見明,M004
R061205B04,令和 6年12月 5日,令和 6年議会運営委員会（12月 5日）,議長,迫川高行,M009
R061205B04,令和 6年12月 5日,令和 6年議会運営委員会（12月 5日）,副議長,島津明香,M011
R061209B04,令和 6年12月 9日,令和 6年議会運営委員会（12月 9日）,委員長,鷹尾治久,M013
R061209B04,令和 6年12月 9日,令和 6年議会運営委員会（12月 9日）,委員,春増勝利,M014
R061209B04,令和 6年12月 9日,令和 6年議会運営委員会（12月 9日）,副委員長,川端宏明,M006
R061209B04,令和 6年12月 9日,令和 6年議会運営委員会（12月 9日）,委員,大西由紀,M005
R061209B04,令和 6年12月 9日,令和 6年議会運営委員会（12月 9日）,委員,山田光昭,M018
R061209B04,令和 6年12月 9日,令和 6年議会運営委員会（12月 9日）,委員,北野誠一郎,M007
R061209B04,令和 6年12月 9日,令和 6年議会運営委員会（12月 9日）,委員,岩見明,M004
R061209B04,令和 6年12月 9日,令和 6年議会運営委員会（12月 9日）,議長,迫川高行,M009
R061209B04,令和 6年12月 9日,令和 6年議会運営委員会（12月 9日）,副議長,島津明香,M011
R061211B01,令和 6年12月11日,令和 6年総務常任委員会（12月11日）,委員長,芝本鎮彰,M010
R061211B01,令和 6年12月11日,令和 6年総務常任委員会（12月11日）,委員,藤森誠,M015
R061211B01,令和 6年12月11日,令和 6年総務常任委員会（12月11日）,副委員長,春増勝利,M014
R061211B01,令和 6年12月11日,令和 6年総務常任委員会（12月11日）,委員,島津明香,M011
R061211B01,令和 6年12月11日,令和 6年総務常任委員会（12月11日）,委員,坂本まり,M008
R061211B01,令和 6年12月11日,令和 6年総務常任委員会（12月11日）,委員,北野誠一郎,M007
R061211B02,令和 6年12月11日,令和 6年文教厚生常任委員会（12月11日）,委員長,岩見明,M004
R061211B02,令和 6年12月11日,令和 6年文教厚生常任委員会（12月11日）,委員,迫川高行,M009
R061211B02,令和 6年12月11日,令和 6年文教厚生常任委員会（12月11日）,副委員長,松野優也,M016
R061211B02,令和 6年12月11日,令和 6年文教厚生常任委員会（12月11日）,委員,大西由紀,M005
R061211B02,令和 6年12月11日,令和 6年文教厚生常任委員会（12月11日）,委員,鷹尾治久,M013
R061211B02,令和 6年12月11日,令和 6年文教厚生常任委員会（12月11日）,委員,鈴木利信,M012
R061211B02,令和 6年12月11日,令和 6年文教厚生常任委員会（12月11日）,委員,今竹大祐,M003
R061211B03,令和 6年12月11日,令和 6年建設環境経済常任委員会（12月11日）,委員長,山田光昭,M018
R061211B03,令和 6年12月11日,令和 6年建設環境経済常任委員会（12月11日）,委員,川端宏明,M006
R061211B03,令和 6年12月11日,令和 6年建設環境経済常任委員会（12月11日）,副委員長,入江啓太,M002
R061211B03,令和 6年12月11日,令和 6年建設環境経済常任委員会（12月11日）,委員,森秀樹,M017
R061211B03,令和 6年12月11日,令和 6年建設環境経済常任委員会（12月11日）,委員,石崎徹,M001
R061211B03,令和 6年12月11日,令和 6年建設環境経済常任委員会（12月11日）,委員,横田英樹,M019
R061211B07,令和 6年12月11日,令和 6年行政課題等調査検討特別委員会（12月11日）,委員長,北野誠一郎,M007
R061211B07,令和 6年12月11日,令和 6年行政課題等調査検討特別委員会（12月11日）,委員,石崎徹,M001
R061211B07,令和 6年12月11日,令和 6年行政課題等調査検討特別委員会（12月11日）,副委員長,藤森誠,M015
R061211B07,令和 6年12月11日,令和 6年行政課題等調査検討特別委員会（12月11日）,委員,今竹大祐,M003
R061211B07,令和 6年12月11日,令和 6年行政課題等調査検討特別委員会（12月11日）,委員,松野優也,M016
R061211B07,令和 6年12月11日,令和 6年行政課題等調査検討特別委員会（12月11日）,委員,森秀樹,M017
R061211B07,令和 6年12月11日,令和 6年行政課題等調査検討特別委員会（12月11日）,委員,坂本まり,M008
R061212B01,令和 6年12月12日,令和 6年総務常任委員会（12月12日）,委員長,芝本鎮彰,M010
R061212B01,令和 6年12月12日,令和 6年総務常任委員会（12月12日）,委員,藤森誠,M015
R061212B01,令和 6年12月12日,令和 6年総務常任委員会（12月12日）,副委員長,春増勝利,M014
R061212B01,令和 6年12月12日,令和 6年総務常任委員会（12月12日）,委員,島津明香,M011
R061212B01,令和 6年12月12日,令和 6年総務常任委員会（12月12日）,委員,坂本まり,M008
R061212B01,令和 6年12月12日,令和 6年総務常任委員会（12月12日）,委員,北野誠一郎,M007
R061212B02,令和 6年12月12日,令和 6年文教厚生常任委員会（12月12日）,委員長,岩見明,M004
R061212B02,令和 6年12月12日,令和 6年文教厚生常任委員会（12月12日）,委員,迫川高行,M009
R061212B02,令和 6年12月12日,令和 6年文教厚生常任委員会（12月12日）,副委員長,松野優也,M016
R061212B02,令和 6年12月12日,令和 6年文教厚生常任委員会（12月12日）,委員,大西由紀,M005
R061212B02,令和 6年12月12日,令和 6年文教厚生常任委員会（12月12日）,委員,鷹尾治久,M013
R061212B02,令和 6年12月12日,令和 6年文教厚生常任委員会（12月12日）,委員,鈴木利信,M012
R061212B02,令和 6年12月12日,令和 6年文教厚生常任委員会（12月12日）,委員,今竹大祐,M003
R061212B03,令和 6年12月12日,令和 6年建設環境経済常任委員会（12月12日）,委員長,山田光昭,M018
R061212B03,令和 6年12月12日,令和 6年建設環境経済常任委員会（12月12日）,委員,川端宏明,M006
R061212B03,令和 6年12月12日,令和 6年建設環境経済常任委員会（12月12日）,副委員長,入江啓太,M002
R061212B03,令和 6年12月12日,令和 6年建設環境経済常任委員会（12月12日）,委員,森秀樹,M017
R061212B03,令和 6年12月12日,令和 6年建設環境経済常任委員会（12月12日）,委員,石崎徹,M001
R061212B03,令和 6年12月12日,令和 6年建設環境経済常任委員会（12月12日）,委員,横田英樹,M019
R061213B04,令和 6年12月13日,令和 6年議会運営委員会（12月13日）,委員長,鷹尾治久,M013
R061213B04,令和 6年12月13日,令和 6年議会運営委員会（12月13日）,委員,春増勝利,M014
R061213B04,令和 6年12月13日,令和 6年議会運営委員会（12月13日）,副委員長,川端宏明,M006
R061213B04,令和 6年12月13日,令和 6年議会運営委員会（12月13日）,委員,大西由紀,M005
R061213B04,令和 6年12月13日,令和 6年議会運営委員会（12月13日）,委員,山田光昭,M018
R061213B04,令和 6年12月13日,令和 6年議会運営委員会（12月13日）,委員,北野誠一郎,M007
R061213B04,令和 6年12月13日,令和 6年議会運営委員会（12月13日）,委員,岩見明,M004
R061213B04,令和 6年12月13日,令和 6年議会運営委員会（12月13日）,議長,迫川高行,M009
R061213B04,令和 6年12月13日,令和 6年議会運営委員会（12月13日）,副議長,島津明香,M011
R061216B01,令和 6年12月16日,令和 6年総務常任委員会（12月16日）,委員長,芝本鎮彰,M010
R061216B01,令和 6年12月16日,令和 6年総務常任委員会（12月16日）,委員,藤森誠,M015
R061216B01,令和 6年12月16日,令和 6年総務常任委員会（12月16日）,副委員長,春増勝利,M014
R061216B01,令和 6年12月16日,令和 6年総務常任委員会（12月16日）,委員,島津明香,M011
R061216B01,令和 6年12月16日,令和 6年総務常任委員会（12月16日）,委員,坂本まり,M008
R061216B01,令和 6年12月16日,令和 6年総務常任委員会（12月16日）,委員,北野誠一郎,M007
R061216B02,令和 6年12月16日,令和 6年文教厚生常任委員会（12月16日）,委員長,岩見明,M004
R061216B02,令和 6年12月16日,令和 6年文教厚生常任委員会（12月16日）,委員,迫川高行,M009
R061216B02,令和 6年12月16日,令和 6年文教厚生常任委員会（12月16日）,副委員長,松野優也,M016
R061216B02,令和 6年12月16日,令和 6年文教厚生常任委員会（12月16日）,委員,大西由紀,M005
R061216B02,令和 6年12月16日,令和 6年文教厚生常任委員会（12月16日）,委員,鷹尾治久,M013
R061216B02,令和 6年12月16日,令和 6年文教厚生常任委員会（12月16日）,委員,鈴木利信,M012
R061216B02,令和 6年12月16日,令和 6年文教厚生常任委員会（12月16日）,委員,今竹大祐,M003
R061216B03,令和 6年12月16日,令和 6年建設環境経済常任委員会（12月16日）,委員長,山田光昭,M018
R061216B03,令和 6年12月16日,令和 6年建設環境経済常任委員会（12月16日）,委員,川端宏明,M006
R061216B03,令和 6年12月16日,令和 6年建設環境経済常任委員会（12月16日）,副委員長,入江啓太,M002
R061216B03,令和 6年12月16日,令和 6年建設環境経済常任委員会（12月16日）,委員,森秀樹,M017
R061216B03,令和 6年12月16日,令和 6年建設環境経済常任委員会（12月16日）,委員,石崎徹,M001
R061216B03,令和 6年12月16日,令和 6年建設環境経済常任委員会（12月16日）,委員,横田英樹,M019
R061226B04,令和 6年12月26日,令和 6年議会運営委員会（12月26日）,委員長,鷹尾治久,M013
R061226B04,令和 6年12月26日,令和 6年議会運営委員会（12月26日）,委員,森秀樹,M017
R061226B04,令和 6年12月26日,令和 6年議会運営委員会（12月26日）,副委員長,川端宏明,M006
R061226B04,令和 6年12月26日,令和 6年議会運営委員会（12月26日）,委員,大西由紀,M005
R061226B04,令和 6年12月26日,令和 6年議会運営委員会（12月26日）,委員,山田光昭,M018
R061226B04,令和 6年12月26日,令和 6年議会運営委員会（12月26日）,委員,北野誠一郎,M007
R061226B04,令和 6年12月26日,令和 6年議会運営委員会（12月26日）,委員,岩見明,M004
R061226B04,令和 6年12月26日,令和 6年議会運営委員会（12月26日）,議長,迫川高行,M009
R061226B04,令和 6年12月26日,令和 6年議会運営委員会（12月26日）,副議長,島津明香,M011
R070109B07,令和 7年 1月 9日,令和 7年行政課題等調査検討特別委員会（ 1月 9日）,委員長,北野誠一郎,M007
R070109B07,令和 7年 1月 9日,令和 7年行政課題等調査検討特別委員会（ 1月 9日）,委員,石崎徹,M001
R070109B07,令和 7年 1月 9日,令和 7年行政課題等調査検討特別委員会（ 1月 9日）,副委員長,藤森誠,M015
R070109B07,令和 7年 1月 9日,令和 7年行政課題等調査検討特別委員会（ 1月 9日）,委員,今竹大祐,M003
R070109B07,令和 7年 1月 9日,令和 7年行政課題等調査検討特別委員会（ 1月 9日）,委員,坂本まり,M008
R070109B07,令和 7年 1月 9日,令和 7年行政課題等調査検討特別委員会（ 1月 9日）,委員,森秀樹,M017
R070115B04,令和 7年 1月15日,令和 7年議会運営委員会（ 1月15日）,委員長,鷹尾治久,M013
R070115B04,令和 7年 1月15日,令和 7年議会運営委員会（ 1月15日）,委員,春増勝利,M014
R070115B04,令和 7年 1月15日,令和 7年議会運営委員会（ 1月15日）,副委員長,川端宏明,M006
R070115B04,令和 7年 1月15日,令和 7年議会運営委員会（ 1月15日）,委員,大西由紀,M005
R070115B04,令和 7年 1月15日,令和 7年議会運営委員会（ 1月15日）,委員,山田光昭,M018
R070115B04,令和 7年 1月15日,令和 7年議会運営委員会（ 1月15日）,委員,北野誠一郎,M007
R070115B04,令和 7年 1月15日,令和 7年議会運営委員会（ 1月15日）,委員,岩見明,M004
R070115B04,令和 7年 1月15日,令和 7年議会運営委員会（ 1月15日）,議長,迫川高行,M009
R070115B04,令和 7年 1月15日,令和 7年議会運営委員会（ 1月15日）,副議長,島津明香,M011
R070121B01,令和 7年 1月21日,令和 7年総務常任委員会（ 1月21日）,委員長,芝本鎮彰,M010
R070121B01,令和 7年 1月21日,令和 7年総務常任委員会（ 1月21日）,委員,藤森誠,M015
R070121B01,令和 7年 1月21日,令和 7年総務常任委員会（ 1月21日）,副委員長,春増勝利,M014
R070121B01,令和 7年 1月21日,令和 7年総務常任委員会（ 1月21日）,委員,島津明香,M011
R070121B01,令和 7年 1月21日,令和 7年総務常任委員会（ 1月21日）,委員,坂本まり,M008
R070121B01,令和 7年 1月21日,令和 7年総務常任委員会（ 1月21日）,委員,北野誠一郎,M007
R070121B02,令和 7年 1月21日,令和 7年文教厚生常任委員会（ 1月21日）,委員長,岩見明,M004
R070121B02,令和 7年 1月21日,令和 7年文教厚生常任委員会（ 1月21日）,委員,迫川高行,M009
R070121B02,令和 7年 1月21日,令和 7年文教厚生常任委員会（ 1月21日）,副委員長,松野優也,M016
R070121B02,令和 7年 1月21日,令和 7年文教厚生常任委員会（ 1月21日）,委員,大西由紀,M005
R070121B02,令和 7年 1月21日,令和 7年文教厚生常任委員会（ 1月21日）,委員,鷹尾治久,M013
R070121B02,令和 7年 1月21日,令和 7年文教厚生常任委員会（ 1月21日）,委員,鈴木利信,M012
R070121B02,令和 7年 1月21日,令和 7年文教厚生常任委員会（ 1月21日）,委員,今竹大祐,M003
R070122B02,令和 7年 1月22日,令和 7年文教厚生常任委員会（ 1月22日）,委員長,岩見明,M004
R070122B02,令和 7年 1月22日,令和 7年文教厚生常任委員会（ 1月22日）,委員,迫川高行,M009
R070122B02,令和 7年 1月22日,令和 7年文教厚生常任委員会（ 1月22日）,副委員長,松野優也,M016
R070122B02,令和 7年 1月22日,令和 7年文教厚生常任委員会（ 1月22日）,委員,大西由紀,M005
R070122B02,令和 7年 1月22日,令和 7年文教厚生常任委員会（ 1月22日）,委員,鷹尾治久,M013
R070122B02,令和 7年 1月22日,令和 7年文教厚生常任委員会（ 1月22日）,委員,鈴木利信,M012
R070122B02,令和 7年 1月22日,令和 7年文教厚生常任委員会（ 1月22日）,委員,今竹大祐,M003
R070123B03,令和 7年 1月23日,令和 7年建設環境経済常任委員会（ 1月23日）,委員長,山田光昭,M018
R070123B03,令和 7年 1月23日,令和 7年建設環境経済常任委員会（ 1月23日）,委員,川端宏明,M006
R070123B03,令和 7年 1月23日,令和 7年建設環境経済常任委員会（ 1月23日）,副委員長,入江啓太,M002
R070123B03,令和 7年 1月23日,令和 7年建設環境経済常任委員会（ 1月23日）,委員,森秀樹,M017
R070123B03,令和 7年 1月23日,令和 7年建設環境経済常任委員会（ 1月23日）,委員,石崎徹,M001
R070123B03,令和 7年 1月23日,令和 7年建設環境経済常任委員会（ 1月23日）,委員,横田英樹,M019
R070124B07,令和 7年 1月24日,令和 7年行政課題等調査検討特別委員会（ 1月24日）,委員長,北野誠一郎,M007
R070124B07,令和 7年 1月24日,令和 7年行政課題等調査検討特別委員会（ 1月24日）,委員,石崎徹,M001
R070124B07,令和 7年 1月24日,令和 7年行政課題等調査検討特別委員会（ 1月24日）,副委員長,藤森誠,M015
R070124B07,令和 7年 1月24日,令和 7年行政課題等調査検討特別委員会（ 1月24日）,委員,今竹大祐,M003
R070124B07,令和 7年 1月24日,令和 7年行政課題等調査検討特別委員会（ 1月24日）,委員,松野優也,M016
R070124B07,令和 7年 1月24日,令和 7年行政課題等調査検討特別委員会（ 1月24日）,委員,森秀樹,M017
R070124B07,令和 7年 1月24日,令和 7年行政課題等調査検討特別委員会（ 1月24日）,委員,坂本まり,M008
R070128B04,令和 7年 1月28日,令和 7年議会運営委員会（ 1月28日）,委員長,鷹尾治久,M013
R070128B04,令和 7年 1月28日,令和 7年議会運営委員会（ 1月28日）,委員,春増勝利,M014
R070128B04,令和 7年 1月28日,令和 7年議会運営委員会（ 1月28日）,副委員長,川端宏明,M006
R070128B04,令和 7年 1月28日,令和 7年議会運営委員会（ 1月28日）,委員,大西由紀,M005
R070128B04,令和 7年 1月28日,令和 7年議会運営委員会（ 1月28日）,委員,山田光昭,M018
R070128B04,令和 7年 1月28日,令和 7年議会運営委員会（ 1月28日）,委員,北野誠一郎,M007
R070128B04,令和 7年 1月28日,令和 7年議会運営委員会（ 1月28日）,委員,岩見明,M004
R070128B04,令和 7年 1月28日,令和 7年議会運営委員会（ 1月28日）,議長,迫川高行,M009
R070128B04,令和 7年 1月28日,令和 7年議会運営委員会（ 1月28日）,副議長,島津明香,M011
R070129B01,令和 7年 1月29日,令和 7年総務常任委員会（ 1月29日）,委員長,芝本鎮彰,M010
R070129B01,令和 7年 1月29日,令和 7年総務常任委員会（ 1月29日）,委員,藤森誠,M015
R070129B01,令和 7年 1月29日,令和 7年総務常任委員会（ 1月29日）,副委員長,春増勝利,M014
R070129B01,令和 7年 1月29日,令和 7年総務常任委員会（ 1月29日）,委員,島津明香,M011
R070129B01,令和 7年 1月29日,令和 7年総務常任委員会（ 1月29日）,委員,坂本まり,M008
R070129B01,令和 7年 1月29日,令和 7年総務常任委員会（ 1月29日）,委員,北野誠一郎,M007
R070212B07,令和 7年 2月12日,令和 7年行政課題等調査検討特別委員会（ 2月12日）,委員長,北野誠一郎,M007
R070212B07,令和 7年 2月12日,令和 7年行政課題等調査検討特別委員会（ 2月12日）,委員,石崎徹,M001
R070212B07,令和 7年 2月12日,令和 7年行政課題等調査検討特別委員会（ 2月12日）,副委員長,藤森誠,M015
R070212B07,令和 7年 2月12日,令和 7年行政課題等調査検討特別委員会（ 2月12日）,委員,今竹大祐,M003
R070212B07,令和 7年 2月12日,令和 7年行政課題等調査検討特別委員会（ 2月12日）,委員,松野優也,M016
R070212B07,令和 7年 2月12日,令和 7年行政課題等調査検討特別委員会（ 2月12日）,委員,森秀樹,M017
R070212B07,令和 7年 2月12日,令和 7年行政課題等調査検討特別委員会（ 2月12日）,委員,坂本まり,M008
R070214B04,令和 7年 2月14日,令和 7年議会運営委員会（ 2月14日）,委員長,鷹尾治久,M013
R070214B04,令和 7年 2月14日,令和 7年議会運営委員会（ 2月14日）,委員,春増勝利,M014
R070214B04,令和 7年 2月14日,令和 7年議会運営委員会（ 2月14日）,副委員長,川端宏明,M006
R070214B04,令和 7年 2月14日,令和 7年議会運営委員会（ 2月14日）,委員,大西由紀,M005
R070214B04,令和 7年 2月14日,令和 7年議会運営委員会（ 2月14日）,委員,山田光昭,M018
R070214B04,令和 7年 2月14日,令和 7年議会運営委員会（ 2月14日）,委員,北野誠一郎,M007
R070214B04,令和 7年 2月14日,令和 7年議会運営委員会（ 2月14日）,委員,岩見明,M004
R070214B04,令和 7年 2月14日,令和 7年議会運営委員会（ 2月14日）,議長,迫川高行,M009
R070214B04,令和 7年 2月14日,令和 7年議会運営委員会（ 2月14日）,副議長,島津明香,M011
R070225B04,令和 7年 2月25日,令和 7年議会運営委員会（ 2月25日）,委員長,鷹尾治久,M013
R070225B04,令和 7年 2月25日,令和 7年議会運営委員会（ 2月25日）,委員,春増勝利,M014
R070225B04,令和 7年 2月25日,令和 7年議会運営委員会（ 2月25日）,副委員長,川端宏明,M006
R070225B04,令和 7年 2月25日,令和 7年議会運営委員会（ 2月25日）,委員,大西由紀,M005
R070225B04,令和 7年 2月25日,令和 7年議会運営委員会（ 2月25日）,委員,山田光昭,M018
R070225B04,令和 7年 2月25日,令和 7年議会運営委員会（ 2月25日）,委員,北野誠一郎,M007
R070225B04,令和 7年 2月25日,令和 7年議会運営委員会（ 2月25日）,委員,岩見明,M004
R070225B04,令和 7年 2月25日,令和 7年議会運営委員会（ 2月25日）,議長,迫川高行,M009
R070225B04,令和 7年 2月25日,令和 7年議会運営委員会（ 2月25日）,副議長,島津明香,M011
R070227B04,令和 7年 2月27日,令和 7年議会運営委員会（ 2月27日）,委員長,鷹尾治久,M013
R070227B04,令和 7年 2月27日,令和 7年議会運営委員会（ 2月27日）,委員,春増勝利,M014
R070227B04,令和 7年 2月27日,令和 7年議会運営委員会（ 2月27日）,副委員長,川端宏明,M006
R070227B04,令和 7年 2月27日,令和 7年議会運営委員会（ 2月27日）,委員,大西由紀,M005
R070227B04,令和 7年 2月27日,令和 7年議会運営委員会（ 2月27日）,委員,山田光昭,M018
R070227B04,令和 7年 2月27日,令和 7年議会運営委員会（ 2月27日）,委員,北野誠一郎,M007
R070227B04,令和 7年 2月27日,令和 7年議会運営委員会（ 2月27日）,委員,岩見明,M004
R070227B04,令和 7年 2月27日,令和 7年議会運営委員会（ 2月27日）,議長,迫川高行,M009
R070227B04,令和 7年 2月27日,令和 7年議会運営委員会（ 2月27日）,副議長,島津明香,M011
R070228B01,令和 7年 2月28日,令和 7年総務常任委員会（ 2月28日）,委員長,芝本鎮彰,M010
R070228B01,令和 7年 2月28日,令和 7年総務常任委員会（ 2月28日）,委員,藤森誠,M015
R070228B01,令和 7年 2月28日,令和 7年総務常任委員会（ 2月28日）,副委員長,春増勝利,M014
R070228B01,令和 7年 2月28日,令和 7年総務常任委員会（ 2月28日）,委員,島津明香,M011
R070228B01,令和 7年 2月28日,令和 7年総務常任委員会（ 2月28日）,委員,坂本まり,M008
R070228B01,令和 7年 2月28日,令和 7年総務常任委員会（ 2月28日）,委員,北野誠一郎,M007
R070228B02,令和 7年 2月28日,令和 7年文教厚生常任委員会（ 2月28日）,委員長,岩見明,M004
R070228B02,令和 7年 2月28日,令和 7年文教厚生常任委員会（ 2月28日）,委員,迫川高行,M009
R070228B02,令和 7年 2月28日,令和 7年文教厚生常任委員会（ 2月28日）,副委員長,松野優也,M016
R070228B02,令和 7年 2月28日,令和 7年文教厚生常任委員会（ 2月28日）,委員,大西由紀,M005
R070228B02,令和 7年 2月28日,令和 7年文教厚生常任委員会（ 2月28日）,委員,鷹尾治久,M013
R070228B02,令和 7年 2月28日,令和 7年文教厚生常任委員会（ 2月28日）,委員,鈴木利信,M012
R070228B02,令和 7年 2月28日,令和 7年文教厚生常任委員会（ 2月28日）,委員,今竹大祐,M003
R070228B03,令和 7年 2月28日,令和 7年建設環境経済常任委員会（ 2月28日）,委員長,山田光昭,M018
R070228B03,令和 7年 2月28日,令和 7年建設環境経済常任委員会（ 2月28日）,委員,川端宏明,M006
R070228B03,令和 7年 2月28日,令和 7年建設環境経済常任委員会（ 2月28日）,副委員長,入江啓太,M002
R070228B03,令和 7年 2月28日,令和 7年建設環境経済常任委員会（ 2月28日）,委員,森秀樹,M017
R070228B03,令和 7年 2月28日,令和 7年建設環境経済常任委員会（ 2月28日）,委員,石崎徹,M001
R070228B03,令和 7年 2月28日,令和 7年建設環境経済常任委員会（ 2月28日）,委員,横田英樹,M019
R070303B01,令和 7年 3月 3日,令和 7年総務常任委員会（ 3月 3日）,委員長,芝本鎮彰,M010
R070303B01,令和 7年 3月 3日,令和 7年総務常任委員会（ 3月 3日）,委員,藤森誠,M015
R070303B01,令和 7年 3月 3日,令和 7年総務常任委員会（ 3月 3日）,副委員長,春増勝利,M014
R070303B01,令和 7年 3月 3日,令和 7年総務常任委員会（ 3月 3日）,委員,島津明香,M011
R070303B01,令和 7年 3月 3日,令和 7年総務常任委員会（ 3月 3日）,委員,坂本まり,M008
R070303B01,令和 7年 3月 3日,令和 7年総務常任委員会（ 3月 3日）,委員,北野誠一郎,M007
R070303B04,令和 7年 3月 3日,令和 7年議会運営委員会（ 3月 3日）,委員長,鷹尾治久,M013
R070303B04,令和 7年 3月 3日,令和 7年議会運営委員会（ 3月 3日）,委員,春増勝利,M014
R070303B04,令和 7年 3月 3日,令和 7年議会運営委員会（ 3月 3日）,副委員長,川端宏明,M006
R070303B04,令和 7年 3月 3日,令和 7年議会運営委員会（ 3月 3日）,委員,大西由紀,M005
R070303B04,令和 7年 3月 3日,令和 7年議会運営委員会（ 3月 3日）,委員,山田光昭,M018
R070303B04,令和 7年 3月 3日,令和 7年議会運営委員会（ 3月 3日）,委員,北野誠一郎,M007
R070303B04,令和 7年 3月 3日,令和 7年議会運営委員会（ 3月 3日）,委員,岩見明,M004
R070303B04,令和 7年 3月 3日,令和 7年議会運営委員会（ 3月 3日）,議長,迫川高行,M009
R070303B04,令和 7年 3月 3日,令和 7年議会運営委員会（ 3月 3日）,副議長,島津明香,M011
R070304B04,令和 7年 3月 4日,令和 7年議会運営委員会（ 3月 4日）,委員長,鷹尾治久,M013
R070304B04,令和 7年 3月 4日,令和 7年議会運営委員会（ 3月 4日）,委員,春増勝利,M014
R070304B04,令和 7年 3月 4日,令和 7年議会運営委員会（ 3月 4日）,副委員長,川端宏明,M006
R070304B04,令和 7年 3月 4日,令和 7年議会運営委員会（ 3月 4日）,委員,大西由紀,M005
R070304B04,令和 7年 3月 4日,令和 7年議会運営委員会（ 3月 4日）,委員,山田光昭,M018
R070304B04,令和 7年 3月 4日,令和 7年議会運営委員会（ 3月 4日）,委員,北野誠一郎,M007
R070304B04,令和 7年 3月 4日,令和 7年議会運営委員会（ 3月 4日）,委員,岩見明,M004
R070304B04,令和 7年 3月 4日,令和 7年議会運営委員会（ 3月 4日）,議長,迫川高行,M009
R070304B04,令和 7年 3月 4日,令和 7年議会運営委員会（ 3月 4日）,副議長,島津明香,M011
R070307B04,令和 7年 3月 7日,令和 7年議会運営委員会（ 3月 7日）,委員長,鷹尾治久,M013
R070307B04,令和 7年 3月 7日,令和 7年議会運営委員会（ 3月 7日）,委員,春増勝利,M014
R070307B04,令和 7年 3月 7日,令和 7年議会運営委員会（ 3月 7日）,副委員長,川端宏明,M006
R070307B04,令和 7年 3月 7日,令和 7年議会運営委員会（ 3月 7日）,委員,大西由紀,M005
R070307B04,令和 7年 3月 7日,令和 7年議会運営委員会（ 3月 7日）,委員,山田光昭,M018
R070307B04,令和 7年 3月 7日,令和 7年議会運営委員会（ 3月 7日）,委員,北野誠一郎,M007
R070307B04,令和 7年 3月 7日,令和 7年議会運営委員会（ 3月 7日）,委員,岩見明,M004
R070307B04,令和 7年 3月 7日,令和 7年議会運営委員会（ 3月 7日）,議長,迫川高行,M009
R070307B04,令和 7年 3月 7日,令和 7年議会運営委員会（ 3月 7日）,副議長,島津明香,M011
R070311B04,令和 7年 3月11日,令和 7年議会運営委員会（ 3月11日）,委員長,鷹尾治久,M013
R070311B04,令和 7年 3月11日,令和 7年議会運営委員会（ 3月11日）,委員,春増勝利,M014
R070311B04,令和 7年 3月11日,令和 7年議会運営委員会（ 3月11日）,副委員長,川端宏明,M006
R070311B04,令和 7年 3月11日,令和 7年議会運営委員会（ 3月11日）,委員,大西由紀,M005
R070311B04,令和 7年 3月11日,令和 7年議会運営委員会（ 3月11日）,委員,山田光昭,M018
R070311B04,令和 7年 3月11日,令和 7年議会運営委員会（ 3月11日）,委員,北野誠一郎,M007
R070311B04,令和 7年 3月11日,令和 7年議会運営委員会（ 3月11日）,委員,岩見明,M004
R070311B04,令和 7年 3月11日,令和 7年議会運営委員会（ 3月11日）,議長,迫川高行,M009
R070311B04,令和 7年 3月11日,令和 7年議会運営委員会（ 3月11日）,副議長,島津明香,M011
R070314B04,令和 7年 3月14日,令和 7年議会運営委員会（ 3月14日）,委員長,鷹尾治久,M013
R070314B04,令和 7年 3月14日,令和 7年議会運営委員会（ 3月14日）,委員,春増勝利,M014
R070314B04,令和 7年 3月14日,令和 7年議会運営委員会（ 3月14日）,副委員長,川端宏明,M006
R070314B04,令和 7年 3月14日,令和 7年議会運営委員会（ 3月14日）,委員,大西由紀,M005
R070314B04,令和 7年 3月14日,令和 7年議会運営委員会（ 3月14日）,委員,山田光昭,M018
R070314B04,令和 7年 3月14日,令和 7年議会運営委員会（ 3月14日）,委員,北野誠一郎,M007
R070314B04,令和 7年 3月14日,令和 7年議会運営委員会（ 3月14日）,委員,岩見明,M004
R070314B04,令和 7年 3月14日,令和 7年議会運営委員会（ 3月14日）,議長,迫川高行,M009
R070314B04,令和 7年 3月14日,令和 7年議会運営委員会（ 3月14日）,副議長,島津明香,M011
R070318B02,令和 7年 3月18日,令和 7年文教厚生常任委員会（ 3月18日）,委員長,岩見明,M004
R070318B02,令和 7年 3月18日,令和 7年文教厚生常任委員会（ 3月18日）,委員,迫川高行,M009
R070318B02,令和 7年 3月18日,令和 7年文教厚生常任委員会（ 3月18日）,副委員長,松野優也,M016
R070318B02,令和 7年 3月18日,令和 7年文教厚生常任委員会（ 3月18日）,委員,大西由紀,M005
R070318B02,令和 7年 3月18日,令和 7年文教厚生常任委員会（ 3月18日）,委員,鷹尾治久,M013
R070318B02,令和 7年 3月18日,令和 7年文教厚生常任委員会（ 3月18日）,委員,鈴木利信,M012
R070318B02,令和 7年 3月18日,令和 7年文教厚生常任委員会（ 3月18日）,委員,今竹大祐,M003
R070319B01,令和 7年 3月19日,令和 7年総務常任委員会（ 3月19日）,委員長,芝本鎮彰,M010
R070319B01,令和 7年 3月19日,令和 7年総務常任委員会（ 3月19日）,委員,藤森誠,M015
R070319B01,令和 7年 3月19日,令和 7年総務常任委員会（ 3月19日）,副委員長,春増勝利,M014
R070319B01,令和 7年 3月19日,令和 7年総務常任委員会（ 3月19日）,委員,島津明香,M011
R070319B01,令和 7年 3月19日,令和 7年総務常任委員会（ 3月19日）,委員,坂本まり,M008
R070319B01,令和 7年 3月19日,令和 7年総務常任委員会（ 3月19日）,委員,北野誠一郎,M007
R070319B02,令和 7年 3月19日,令和 7年文教厚生常任委員会（ 3月19日）,委員長,岩見明,M004
R070319B02,令和 7年 3月19日,令和 7年文教厚生常任委員会（ 3月19日）,委員,迫川高行,M009
R070319B02,令和 7年 3月19日,令和 7年文教厚生常任委員会（ 3月19日）,副委員長,松野優也,M016
R070319B02,令和 7年 3月19日,令和 7年文教厚生常任委員会（ 3月19日）,委員,大西由紀,M005
R070319B02,令和 7年 3月19日,令和 7年文教厚生常任委員会（ 3月19日）,委員,鷹尾治久,M013
R070319B02,令和 7年 3月19日,令和 7年文教厚生常任委員会（ 3月19日）,委員,鈴木利信,M012
R070319B02,令和 7年 3月19日,令和 7年文教厚生常任委員会（ 3月19日）,委員,今竹大祐,M003
R070319B03,令和 7年 3月19日,令和 7年建設環境経済常任委員会（ 3月19日）,委員長,山田光昭,M018
R070319B03,令和 7年 3月19日,令和 7年建設環境経済常任委員会（ 3月19日）,委員,川端宏明,M006
R070319B03,令和 7年 3月19日,令和 7年建設環境経済常任委員会（ 3月19日）,副委員長,入江啓太,M002
R070319B03,令和 7年 3月19日,令和 7年建設環境経済常任委員会（ 3月19日）,委員,森秀樹,M017
R070319B03,令和 7年 3月19日,令和 7年建設環境経済常任委員会（ 3月19日）,委員,石崎徹,M001
R070319B03,令和 7年 3月19日,令和 7年建設環境経済常任委員会（ 3月19日）,委員,横田英樹,M019
R070319B07,令和 7年 3月19日,令和 7年行政課題等調査検討特別委員会（ 3月19日）,委員長,北野誠一郎,M007
R070319B07,令和 7年 3月19日,令和 7年行政課題等調査検討特別委員会（ 3月19日）,委員,石崎徹,M001
R070319B07,令和 7年 3月19日,令和 7年行政課題等調査検討特別委員会（ 3月19日）,副委員長,藤森誠,M015
R070319B07,令和 7年 3月19日,令和 7年行政課題等調査検討特別委員会（ 3月19日）,委員,今竹大祐,M003
R070319B07,令和 7年 3月19日,令和 7年行政課題等調査検討特別委員会（ 3月19日）,委員,松野優也,M016
R070319B07,令和 7年 3月19日,令和 7年行政課題等調査検討特別委員会（ 3月19日）,委員,森秀樹,M017
R070319B07,令和 7年 3月19日,令和 7年行政課題等調査検討特別委員会（ 3月19日）,委員,坂本まり,M008
R070321B01,令和 7年 3月21日,令和 7年総務常任委員会（ 3月21日）,委員長,芝本鎮彰,M010
R070321B01,令和 7年 3月21日,令和 7年総務常任委員会（ 3月21日）,委員,藤森誠,M015
R070321B01,令和 7年 3月21日,令和 7年総務常任委員会（ 3月21日）,副委員長,春増勝利,M014
R070321B01,令和 7年 3月21日,令和 7年総務常任委員会（ 3月21日）,委員,島津明香,M011
R070321B01,令和 7年 3月21日,令和 7年総務常任委員会（ 3月21日）,委員,坂本まり,M008
R070321B01,令和 7年 3月21日,令和 7年総務常任委員会（ 3月21日）,委員,北野誠一郎,M007
R070321B02,令和 7年 3月21日,令和 7年文教厚生常任委員会（ 3月21日）,委員長,岩見明,M004
R070321B02,令和 7年 3月21日,令和 7年文教厚生常任委員会（ 3月21日）,委員,迫川高行,M009
R070321B02,令和 7年 3月21日,令和 7年文教厚生常任委員会（ 3月21日）,副委員長,松野優也,M016
R070321B02,令和 7年 3月21日,令和 7年文教厚生常任委員会（ 3月21日）,委員,大西由紀,M005
R070321B02,令和 7年 3月21日,令和 7年文教厚生常任委員会（ 3月21日）,委員,鷹尾治久,M013
R070321B02,令和 7年 3月21日,令和 7年文教厚生常任委員会（ 3月21日）,委員,鈴木利信,M012
R070321B02,令和 7年 3月21日,令和 7年文教厚生常任委員会（ 3月21日）,委員,今竹大祐,M003
R070321B03,令和 7年 3月21日,令和 7年建設環境経済常任委員会（ 3月21日）,委員長,山田光昭,M018
R070321B03,令和 7年 3月21日,令和 7年建設環境経済常任委員会（ 3月21日）,委員,川端宏明,M006
R070321B03,令和 7年 3月21日,令和 7年建設環境経済常任委員会（ 3月21日）,副委員長,入江啓太,M002
R070321B03,令和 7年 3月21日,令和 7年建設環境経済常任委員会（ 3月21日）,委員,森秀樹,M017
R070321B03,令和 7年 3月21日,令和 7年建設環境経済常任委員会（ 3月21日）,委員,石崎徹,M001
R070321B03,令和 7年 3月21日,令和 7年建設環境経済常任委員会（ 3月21日）,委員,横田英樹,M019
R070324B01,令和 7年 3月24日,令和 7年総務常任委員会（ 3月24日）,委員長,芝本鎮彰,M010
R070324B01,令和 7年 3月24日,令和 7年総務常任委員会（ 3月24日）,委員,藤森誠,M015
R070324B01,令和 7年 3月24日,令和 7年総務常任委員会（ 3月24日）,副委員長,春増勝利,M014
R070324B01,令和 7年 3月24日,令和 7年総務常任委員会（ 3月24日）,委員,島津明香,M011
R070324B01,令和 7年 3月24日,令和 7年総務常任委員会（ 3月24日）,委員,坂本まり,M008
R070324B01,令和 7年 3月24日,令和 7年総務常任委員会（ 3月24日）,委員,北野誠一郎,M007
R070324B02,令和 7年 3月24日,令和 7年文教厚生常任委員会（ 3月24日）,委員長,岩見明,M004
R070324B02,令和 7年 3月24日,令和 7年文教厚生常任委員会（ 3月24日）,委員,迫川高行,M009
R070324B02,令和 7年 3月24日,令和 7年文教厚生常任委員会（ 3月24日）,副委員長,松野優也,M016
R070324B02,令和 7年 3月24日,令和 7年文教厚生常任委員会（ 3月24日）,委員,大西由紀,M005
R070324B02,令和 7年 3月24日,令和 7年文教厚生常任委員会（ 3月24日）,委員,鷹尾治久,M013
R070324B02,令和 7年 3月24日,令和 7年文教厚生常任委員会（ 3月24日）,委員,鈴木利信,M012
R070324B02,令和 7年 3月24日,令和 7年文教厚生常任委員会（ 3月24日）,委員,今竹大祐,M003
R070324B03,令和 7年 3月24日,令和 7年建設環境経済常任委員会（ 3月24日）,委員長,山田光昭,M018
R070324B03,令和 7年 3月24日,令和 7年建設環境経済常任委員会（ 3月24日）,委員,川端宏明,M006
R070324B03,令和 7年 3月24日,令和 7年建設環境経済常任委員会（ 3月24日）,副委員長,入江啓太,M002
R070324B03,令和 7年 3月24日,令和 7年建設環境経済常任委員会（ 3月24日）,委員,森秀樹,M017
R070324B03,令和 7年 3月24日,令和 7年建設環境経済常任委員会（ 3月24日）,委員,石崎徹,M001
R070324B03,令和 7年 3月24日,令和 7年建設環境経済常任委員会（ 3月24日）,委員,横田英樹,M019
R070325B01,令和 7年 3月25日,令和 7年総務常任委員会（ 3月25日）,委員長,芝本鎮彰,M010
R070325B01,令和 7年 3月25日,令和 7年総務常任委員会（ 3月25日）,委員,藤森誠,M015
R070325B01,令和 7年 3月25日,令和 7年総務常任委員会（ 3月25日）,副委員長,春増勝利,M014
R070325B01,令和 7年 3月25日,令和 7年総務常任委員会（ 3月25日）,委員,島津明香,M011
R070325B01,令和 7年 3月25日,令和 7年総務常任委員会（ 3月25日）,委員,坂本まり,M008
R070325B01,令和 7年 3月25日,令和 7年総務常任委員会（ 3月25日）,委員,北野誠一郎,M007
R070325B02,令和 7年 3月25日,令和 7年文教厚生常任委員会（ 3月25日）,委員長,岩見明,M004
R070325B02,令和 7年 3月25日,令和 7年文教厚生常任委員会（ 3月25日）,委員,迫川高行,M009
R070325B02,令和 7年 3月25日,令和 7年文教厚生常任委員会（ 3月25日）,副委員長,松野優也,M016
R070325B02,令和 7年 3月25日,令和 7年文教厚生常任委員会（ 3月25日）,委員,大西由紀,M005
R070325B02,令和 7年 3月25日,令和 7年文教厚生常任委員会（ 3月25日）,委員,鷹尾治久,M013
R070325B02,令和 7年 3月25日,令和 7年文教厚生常任委員会（ 3月25日）,委員,鈴木利信,M012
R070325B02,令和 7年 3月25日,令和 7年文教厚生常任委員会（ 3月25日）,委員,今竹大祐,M003
R070325B03,令和 7年 3月25日,令和 7年建設環境経済常任委員会（ 3月25日）,委員長,山田光昭,M018
R070325B03,令和 7年 3月25日,令和 7年建設環境経済常任委員会（ 3月25日）,委員,川端宏明,M006
R070325B03,令和 7年 3月25日,令和 7年建設環境経済常任委員会（ 3月25日）,副委員長,入江啓太,M002
R070325B03,令和 7年 3月25日,令和 7年建設環境経済常任委員会（ 3月25日）,委員,森秀樹,M017
R070325B03,令和 7年 3月25日,令和 7年建設環境経済常任委員会（ 3月25日）,委員,石崎徹,M001
R070325B03,令和 7年 3月25日,令和 7年建設環境経済常任委員会（ 3月25日）,委員,横田英樹,M019
R070327B01,令和 7年 3月27日,令和 7年総務常任委員会（ 3月27日）,委員長,芝本鎮彰,M010
R070327B01,令和 7年 3月27日,令和 7年総務常任委員会（ 3月27日）,委員,藤森誠,M015
R070327B01,令和 7年 3月27日,令和 7年総務常任委員会（ 3月27日）,副委員長,春増勝利,M014
R070327B01,令和 7年 3月27日,令和 7年総務常任委員会（ 3月27日）,委員,島津明香,M011
R070327B01,令和 7年 3月27日,令和 7年総務常任委員会（ 3月27日）,委員,坂本まり,M008
R070327B01,令和 7年 3月27日,令和 7年総務常任委員会（ 3月27日）,委員,北野誠一郎,M007
R070327B02,令和 7年 3月27日,令和 7年文教厚生常任委員会（ 3月27日）,委員長,岩見明,M004
R070327B02,令和 7年 3月27日,令和 7年文教厚生常任委員会（ 3月27日）,委員,迫川高行,M009
R070327B02,令和 7年 3月27日,令和 7年文教厚生常任委員会（ 3月27日）,副委員長,松野優也,M016
R070327B02,令和 7年 3月27日,令和 7年文教厚生常任委員会（ 3月27日）,委員,大西由紀,M005
R070327B02,令和 7年 3月27日,令和 7年文教厚生常任委員会（ 3月27日）,委員,鷹尾治久,M013
R070327B02,令和 7年 3月27日,令和 7年文教厚生常任委員会（ 3月27日）,委員,鈴木利信,M012
R070327B02,令和 7年 3月27日,令和 7年文教厚生常任委員会（ 3月27日）,委員,今竹大祐,M003
R070327B04,令和 7年 3月27日,令和 7年議会運営委員会（ 3月27日）,委員長,鷹尾治久,M013
R070327B04,令和 7年 3月27日,令和 7年議会運営委員会（ 3月27日）,委員,春増勝利,M014
R070327B04,令和 7年 3月27日,令和 7年議会運営委員会（ 3月27日）,副委員長,川端宏明,M006
R070327B04,令和 7年 3月27日,令和 7年議会運営委員会（ 3月27日）,委員,大西由紀,M005
R070327B04,令和 7年 3月27日,令和 7年議会運営委員会（ 3月27日）,委員,山田光昭,M018
R070327B04,令和 7年 3月27日,令和 7年議会運営委員会（ 3月27日）,委員,北野誠一郎,M007
R070327B04,令和 7年 3月27日,令和 7年議会運営委員会（ 3月27日）,委員,岩見明,M004
R070327B04,令和 7年 3月27日,令和 7年議会運営委員会（ 3月27日）,議長,迫川高行,M009
R070327B04,令和 7年 3月27日,令和 7年議会運営委員会（ 3月27日）,副議長,島津明香,M011
R070404B04,令和 7年 4月 4日,令和 7年議会運営委員会（ 4月 4日）,委員長,鷹尾治久,M013
R070404B04,令和 7年 4月 4日,令和 7年議会運営委員会（ 4月 4日）,委員,春増勝利,M014
R070404B04,令和 7年 4月 4日,令和 7年議会運営委員会（ 4月 4日）,副委員長,川端宏明,M006
R070404B04,令和 7年 4月 4日,令和 7年議会運営委員会（ 4月 4日）,委員,大西由紀,M005
R070404B04,令和 7年 4月 4日,令和 7年議会運営委員会（ 4月 4日）,委員,山田光昭,M018
R070404B04,令和 7年 4月 4日,令和 7年議会運営委員会（ 4月 4日）,委員,北野誠一郎,M007
R070404B04,令和 7年 4月 4日,令和 7年議会運営委員会（ 4月 4日）,委員,岩見明,M004
R070404B04,令和 7年 4月 4日,令和 7年議会運営委員会（ 4月 4日）,議長,迫川高行,M009
R070404B04,令和 7年 4月 4日,令和 7年議会運営委員会（ 4月 4日）,副議長,島津明香,M011
R070411B07,令和 7年 4月11日,令和 7年行政課題等調査検討特別委員会（ 4月11日）,委員長,北野誠一郎,M007
R070411B07,令和 7年 4月11日,令和 7年行政課題等調査検討特別委員会（ 4月11日）,委員,石崎徹,M001
R070411B07,令和 7年 4月11日,令和 7年行政課題等調査検討特別委員会（ 4月11日）,副委員長,藤森誠,M015
R070411B07,令和 7年 4月11日,令和 7年行政課題等調査検討特別委員会（ 4月11日）,委員,今竹大祐,M003
R070411B07,令和 7年 4月11日,令和 7年行政課題等調査検討特別委員会（ 4月11日）,委員,松野優也,M016
R070411B07,令和 7年 4月11日,令和 7年行政課題等調査検討特別委員会（ 4月11日）,委員,森秀樹,M017
R070411B07,令和 7年 4月11日,令和 7年行政課題等調査検討特別委員会（ 4月11日）,委員,坂本まり,M008
R070422B01,令和 7年 4月22日,令和 7年総務常任委員会（ 4月22日）,委員長,芝本鎮彰,M010
R070422B01,令和 7年 4月22日,令和 7年総務常任委員会（ 4月22日）,委員,藤森誠,M015
R070422B01,令和 7年 4月22日,令和 7年総務常任委員会（ 4月22日）,副委員長,春増勝利,M014
R070422B01,令和 7年 4月22日,令和 7年総務常任委員会（ 4月22日）,委員,島津明香,M011
R070422B01,令和 7年 4月22日,令和 7年総務常任委員会（ 4月22日）,委員,坂本まり,M008
R070422B01,令和 7年 4月22日,令和 7年総務常任委員会（ 4月22日）,委員,北野誠一郎,M007
R070422B02,令和 7年 4月22日,令和 7年文教厚生常任委員会（ 4月22日）,委員長,岩見明,M004
R070422B02,令和 7年 4月22日,令和 7年文教厚生常任委員会（ 4月22日）,委員,迫川高行,M009
R070422B02,令和 7年 4月22日,令和 7年文教厚生常任委員会（ 4月22日）,副委員長,松野優也,M016
R070422B02,令和 7年 4月22日,令和 7年文教厚生常任委員会（ 4月22日）,委員,大西由紀,M005
R070422B02,令和 7年 4月22日,令和 7年文教厚生常任委員会（ 4月22日）,委員,鷹尾治久,M013
R070422B02,令和 7年 4月22日,令和 7年文教厚生常任委員会（ 4月22日）,委員,鈴木利信,M012
R070422B02,令和 7年 4月22日,令和 7年文教厚生常任委員会（ 4月22日）,委員,今竹大祐,M003
R070424B03,令和 7年 4月24日,令和 7年建設環境経済常任委員会（ 4月24日）,委員長,山田光昭,M018
R070424B03,令和 7年 4月24日,令和 7年建設環境経済常任委員会（ 4月24日）,委員,川端宏明,M006
R070424B03,令和 7年 4月24日,令和 7年建設環境経済常任委員会（ 4月24日）,副委員長,入江啓太,M002
R070424B03,令和 7年 4月24日,令和 7年建設環境経済常任委員会（ 4月24日）,委員,森秀樹,M017
R070424B03,令和 7年 4月24日,令和 7年建設環境経済常任委員会（ 4月24日）,委員,石崎徹,M001
R070424B03,令和 7年 4月24日,令和 7年建設環境経済常任委員会（ 4月24日）,委員,横田英樹,M019
R070509B07,令和 7年 5月 9日,令和 7年行政課題等調査検討特別委員会（ 5月 9日）,委員長,北野誠一郎,M007
R070509B07,令和 7年 5月 9日,令和 7年行政課題等調査検討特別委員会（ 5月 9日）,委員,石崎徹,M001
R070509B07,令和 7年 5月 9日,令和 7年行政課題等調査検討特別委員会（ 5月 9日）,副委員長,藤森誠,M015
R070509B07,令和 7年 5月 9日,令和 7年行政課題等調査検討特別委員会（ 5月 9日）,委員,今竹大祐,M003
R070509B07,令和 7年 5月 9日,令和 7年行政課題等調査検討特別委員会（ 5月 9日）,委員,松野優也,M016
R070509B07,令和 7年 5月 9日,令和 7年行政課題等調査検討特別委員会（ 5月 9日）,委員,森秀樹,M017
R070509B07,令和 7年 5月 9日,令和 7年行政課題等調査検討特別委員会（ 5月 9日）,委員,坂本まり,M008
R070519B04,令和 7年 5月19日,令和 7年議会運営委員会（ 5月19日）,委員長,鷹尾治久,M013
R070519B04,令和 7年 5月19日,令和 7年議会運営委員会（ 5月19日）,委員,春増勝利,M014
R070519B04,令和 7年 5月19日,令和 7年議会運営委員会（ 5月19日）,副委員長,川端宏明,M006
R070519B04,令和 7年 5月19日,令和 7年議会運営委員会（ 5月19日）,委員,大西由紀,M005
R070519B04,令和 7年 5月19日,令和 7年議会運営委員会（ 5月19日）,委員,山田光昭,M018
R070519B04,令和 7年 5月19日,令和 7年議会運営委員会（ 5月19日）,委員,北野誠一郎,M007
R070519B04,令和 7年 5月19日,令和 7年議会運営委員会（ 5月19日）,委員,岩見明,M004
R070519B04,令和 7年 5月19日,令和 7年議会運営委員会（ 5月19日）,議長,迫川高行,M009
R070519B04,令和 7年 5月19日,令和 7年議会運営委員会（ 5月19日）,副議長,島津明香,M011
R070526B01,令和 7年 5月26日,令和 7年総務常任委員会（ 5月26日）,委員長,芝本鎮彰,M010
R070526B01,令和 7年 5月26日,令和 7年総務常任委員会（ 5月26日）,委員,藤森誠,M015
R070526B01,令和 7年 5月26日,令和 7年総務常任委員会（ 5月26日）,副委員長,春増勝利,M014
R070526B01,令和 7年 5月26日,令和 7年総務常任委員会（ 5月26日）,委員,島津明香,M011
R070526B01,令和 7年 5月26日,令和 7年総務常任委員会（ 5月26日）,委員,坂本まり,M008
R070526B01,令和 7年 5月26日,令和 7年総務常任委員会（ 5月26日）,委員,北野誠一郎,M007
R070527B02,令和 7年 5月27日,令和 7年文教厚生常任委員会（ 5月27日）,委員長,岩見明,M004
R070527B02,令和 7年 5月27日,令和 7年文教厚生常任委員会（ 5月27日）,委員,迫川高行,M009
R070527B02,令和 7年 5月27日,令和 7年文教厚生常任委員会（ 5月27日）,副委員長,松野優也,M016
R070527B02,令和 7年 5月27日,令和 7年文教厚生常任委員会（ 5月27日）,委員,大西由紀,M005
R070527B02,令和 7年 5月27日,令和 7年文教厚生常任委員会（ 5月27日）,委員,鷹尾治久,M013
R070527B02,令和 7年 5月27日,令和 7年文教厚生常任委員会（ 5月27日）,委員,鈴木利信,M012
R070527B02,令和 7年 5月27日,令和 7年文教厚生常任委員会（ 5月27日）,委員,今竹大祐,M003
R070530B03,令和 7年 5月30日,令和 7年建設環境経済常任委員会（ 5月30日）,委員長,山田光昭,M018
R070530B03,令和 7年 5月30日,令和 7年建設環境経済常任委員会（ 5月30日）,委員,川端宏明,M006
R070530B03,令和 7年 5月30日,令和 7年建設環境経済常任委員会（ 5月30日）,副委員長,入江啓太,M002
R070530B03,令和 7年 5月30日,令和 7年建設環境経済常任委員会（ 5月30日）,委員,森秀樹,M017
R070530B03,令和 7年 5月30日,令和 7年建設環境経済常任委員会（ 5月30日）,委員,石崎徹,M001
R070530B03,令和 7年 5月30日,令和 7年建設環境経済常任委員会（ 5月30日）,委員,横田英樹,M019
R070602B07,令和 7年 6月 2日,令和 7年行政課題等調査検討特別委員会（ 6月 2日）,委員長,北野誠一郎,M007
R070602B07,令和 7年 6月 2日,令和 7年行政課題等調査検討特別委員会（ 6月 2日）,委員,石崎徹,M001
R070602B07,令和 7年 6月 2日,令和 7年行政課題等調査検討特別委員会（ 6月 2日）,副委員長,藤森誠,M015
R070602B07,令和 7年 6月 2日,令和 7年行政課題等調査検討特別委員会（ 6月 2日）,委員,今竹大祐,M003
R070602B07,令和 7年 6月 2日,令和 7年行政課題等調査検討特別委員会（ 6月 2日）,委員,松野優也,M016
R070602B07,令和 7年 6月 2日,令和 7年行政課題等調査検討特別委員会（ 6月 2日）,委員,森秀樹,M017
R070602B07,令和 7年 6月 2日,令和 7年行政課題等調査検討特別委員会（ 6月 2日）,委員,坂本まり,M008
R070605B04,令和 7年 6月 5日,令和 7年議会運営委員会（ 6月 5日）,委員長,鷹尾治久,M013
R070605B04,令和 7年 6月 5日,令和 7年議会運営委員会（ 6月 5日）,委員,春増勝利,M014
R070605B04,令和 7年 6月 5日,令和 7年議会運営委員会（ 6月 5日）,副委員長,川端宏明,M006
R070605B04,令和 7年 6月 5日,令和 7年議会運営委員会（ 6月 5日）,委員,大西由紀,M005
R070605B04,令和 7年 6月 5日,令和 7年議会運営委員会（ 6月 5日）,委員,山田光昭,M018
R070605B04,令和 7年 6月 5日,令和 7年議会運営委員会（ 6月 5日）,委員,北野誠一郎,M007
R070605B04,令和 7年 6月 5日,令和 7年議会運営委員会（ 6月 5日）,委員,岩見明,M004
R070605B04,令和 7年 6月 5日,令和 7年議会運営委員会（ 6月 5日）,議長,迫川高行,M009
R070605B04,令和 7年 6月 5日,令和 7年議会運営委員会（ 6月 5日）,副議長,島津明香,M011
R070612B01,令和 7年 6月12日,令和 7年総務常任委員会（ 6月12日）,委員長,芝本鎮彰,M010
R070612B01,令和 7年 6月12日,令和 7年総務常任委員会（ 6月12日）,委員,藤森誠,M015
R070612B01,令和 7年 6月12日,令和 7年総務常任委員会（ 6月12日）,副委員長,春増勝利,M014
R070612B01,令和 7年 6月12日,令和 7年総務常任委員会（ 6月12日）,委員,島津明香,M011
R070612B01,令和 7年 6月12日,令和 7年総務常任委員会（ 6月12日）,委員,坂本まり,M008
R070612B01,令和 7年 6月12日,令和 7年総務常任委員会（ 6月12日）,委員,北野誠一郎,M007
R070612B02,令和 7年 6月12日,令和 7年文教厚生常任委員会（ 6月12日）,委員長,岩見明,M004
R070612B02,令和 7年 6月12日,令和 7年文教厚生常任委員会（ 6月12日）,委員,迫川高行,M009
R070612B02,令和 7年 6月12日,令和 7年文教厚生常任委員会（ 6月12日）,副委員長,松野優也,M016
R070612B02,令和 7年 6月12日,令和 7年文教厚生常任委員会（ 6月12日）,委員,大西由紀,M005
R070612B02,令和 7年 6月12日,令和 7年文教厚生常任委員会（ 6月12日）,委員,鷹尾治久,M013
R070612B02,令和 7年 6月12日,令和 7年文教厚生常任委員会（ 6月12日）,委員,鈴木利信,M012
R070612B02,令和 7年 6月12日,令和 7年文教厚生常任委員会（ 6月12日）,委員,今竹大祐,M003
R070612B04,令和 7年 6月12日,令和 7年議会運営委員会（ 6月12日）,委員長,鷹尾治久,M013
R070612B04,令和 7年 6月12日,令和 7年議会運営委員会（ 6月12日）,委員,春増勝利,M014
R070612B04,令和 7年 6月12日,令和 7年議会運営委員会（ 6月12日）,副委員長,川端宏明,M006
R070612B04,令和 7年 6月12日,令和 7年議会運営委員会（ 6月12日）,委員,大西由紀,M005
R070612B04,令和 7年 6月12日,令和 7年議会運営委員会（ 6月12日）,委員,山田光昭,M018
R070612B04,令和 7年 6月12日,令和 7年議会運営委員会（ 6月12日）,委員,北野誠一郎,M007
R070612B04,令和 7年 6月12日,令和 7年議会運営委員会（ 6月12日）,委員,岩見明,M004
R070612B04,令和 7年 6月12日,令和 7年議会運営委員会（ 6月12日）,議長,迫川高行,M009
R070612B04,令和 7年 6月12日,令和 7年議会運営委員会（ 6月12日）,副議長,島津明香,M011
R070616B04,令和 7年 6月16日,令和 7年議会運営委員会（ 6月16日）,委員長,鷹尾治久,M013
R070616B04,令和 7年 6月16日,令和 7年議会運営委員会（ 6月16日）,委員,春増勝利,M014
R070616B04,令和 7年 6月16日,令和 7年議会運営委員会（ 6月16日）,副委員長,川端宏明,M006
R070616B04,令和 7年 6月16日,令和 7年議会運営委員会（ 6月16日）,委員,大西由紀,M005
R070616B04,令和 7年 6月16日,令和 7年議会運営委員会（ 6月16日）,委員,山田光昭,M018
R070616B04,令和 7年 6月16日,令和 7年議会運営委員会（ 6月16日）,委員,北野誠一郎,M007
R070616B04,令和 7年 6月16日,令和 7年議会運営委員会（ 6月16日）,委員,岩見明,M004
R070616B04,令和 7年 6月16日,令和 7年議会運営委員会（ 6月16日）,議長,迫川高行,M009
R070616B04,令和 7年 6月16日,令和 7年議会運営委員会（ 6月16日）,副議長,島津明香,M011
R070620B01,令和 7年 6月20日,令和 7年総務常任委員会（ 6月20日）,委員長,芝本鎮彰,M010
R070620B01,令和 7年 6月20日,令和 7年総務常任委員会（ 6月20日）,委員,藤森誠,M015
R070620B01,令和 7年 6月20日,令和 7年総務常任委員会（ 6月20日）,副委員長,春増勝利,M014
R070620B01,令和 7年 6月20日,令和 7年総務常任委員会（ 6月20日）,委員,島津明香,M011
R070620B01,令和 7年 6月20日,令和 7年総務常任委員会（ 6月20日）,委員,坂本まり,M008
R070620B01,令和 7年 6月20日,令和 7年総務常任委員会（ 6月20日）,委員,北野誠一郎,M007
R070620B02,令和 7年 6月20日,令和 7年文教厚生常任委員会（ 6月20日）,委員長,岩見明,M004
R070620B02,令和 7年 6月20日,令和 7年文教厚生常任委員会（ 6月20日）,委員,迫川高行,M009
R070620B02,令和 7年 6月20日,令和 7年文教厚生常任委員会（ 6月20日）,副委員長,松野優也,M016
R070620B02,令和 7年 6月20日,令和 7年文教厚生常任委員会（ 6月20日）,委員,大西由紀,M005
R070620B02,令和 7年 6月20日,令和 7年文教厚生常任委員会（ 6月20日）,委員,鷹尾治久,M013
R070620B02,令和 7年 6月20日,令和 7年文教厚生常任委員会（ 6月20日）,委員,鈴木利信,M012
R070620B02,令和 7年 6月20日,令和 7年文教厚生常任委員会（ 6月20日）,委員,今竹大祐,M003
R070620B03,令和 7年 6月20日,令和 7年建設環境経済常任委員会（ 6月20日）,委員長,山田光昭,M018
R070620B03,令和 7年 6月20日,令和 7年建設環境経済常任委員会（ 6月20日）,委員,川端宏明,M006
R070620B03,令和 7年 6月20日,令和 7年建設環境経済常任委員会（ 6月20日）,副委員長,入江啓太,M002
R070620B03,令和 7年 6月20日,令和 7年建設環境経済常任委員会（ 6月20日）,委員,森秀樹,M017
R070620B03,令和 7年 6月20日,令和 7年建設環境経済常任委員会（ 6月20日）,委員,石崎徹,M001
R070620B03,令和 7年 6月20日,令和 7年建設環境経済常任委員会（ 6月20日）,委員,横田英樹,M019
R070620B07,令和 7年 6月20日,令和 7年行政課題等調査検討特別委員会（ 6月20日）,委員長,北野誠一郎,M007
R070620B07,令和 7年 6月20日,令和 7年行政課題等調査検討特別委員会（ 6月20日）,委員,石崎徹,M001
R070620B07,令和 7年 6月20日,令和 7年行政課題等調査検討特別委員会（ 6月20日）,副委員長,藤森誠,M015
R070620B07,令和 7年 6月20日,令和 7年行政課題等調査検討特別委員会（ 6月20日）,委員,今竹大祐,M003
R070620B07,令和 7年 6月20日,令和 7年行政課題等調査検討特別委員会（ 6月20日）,委員,松野優也,M016
R070620B07,令和 7年 6月20日,令和 7年行政課題等調査検討特別委員会（ 6月20日）,委員,森秀樹,M017
R070620B07,令和 7年 6月20日,令和 7年行政課題等調査検討特別委員会（ 6月20日）,委員,坂本まり,M008
R070623B01,令和 7年 6月23日,令和 7年総務常任委員会（ 6月23日）,委員長,芝本鎮彰,M010
R070623B01,令和 7年 6月23日,令和 7年総務常任委員会（ 6月23日）,委員,藤森誠,M015
R070623B01,令和 7年 6月23日,令和 7年総務常任委員会（ 6月23日）,副委員長,春増勝利,M014
R070623B01,令和 7年 6月23日,令和 7年総務常任委員会（ 6月23日）,委員,島津明香,M011
R070623B01,令和 7年 6月23日,令和 7年総務常任委員会（ 6月23日）,委員,坂本まり,M008
R070623B01,令和 7年 6月23日,令和 7年総務常任委員会（ 6月23日）,委員,北野誠一郎,M007
R070623B02,令和 7年 6月23日,令和 7年文教厚生常任委員会（ 6月23日）,委員長,岩見明,M004
R070623B02,令和 7年 6月23日,令和 7年文教厚生常任委員会（ 6月23日）,委員,迫川高行,M009
R070623B02,令和 7年 6月23日,令和 7年文教厚生常任委員会（ 6月23日）,副委員長,松野優也,M016
R070623B02,令和 7年 6月23日,令和 7年文教厚生常任委員会（ 6月23日）,委員,大西由紀,M005
R070623B02,令和 7年 6月23日,令和 7年文教厚生常任委員会（ 6月23日）,委員,鷹尾治久,M013
R070623B02,令和 7年 6月23日,令和 7年文教厚生常任委員会（ 6月23日）,委員,鈴木利信,M012
R070623B02,令和 7年 6月23日,令和 7年文教厚生常任委員会（ 6月23日）,委員,今竹大祐,M003
R070623B03,令和 7年 6月23日,令和 7年建設環境経済常任委員会（ 6月23日）,委員長,山田光昭,M018
R070623B03,令和 7年 6月23日,令和 7年建設環境経済常任委員会（ 6月23日）,委員,川端宏明,M006
R070623B03,令和 7年 6月23日,令和 7年建設環境経済常任委員会（ 6月23日）,副委員長,入江啓太,M002
R070623B03,令和 7年 6月23日,令和 7年建設環境経済常任委員会（ 6月23日）,委員,森秀樹,M017
R070623B03,令和 7年 6月23日,令和 7年建設環境経済常任委員会（ 6月23日）,委員,石崎徹,M001
R070623B03,令和 7年 6月23日,令和 7年建設環境経済常任委員会（ 6月23日）,委員,横田英樹,M019
R070624B01,令和 7年 6月24日,令和 7年総務常任委員会（ 6月24日）,委員長,芝本鎮彰,M010
R070624B01,令和 7年 6月24日,令和 7年総務常任委員会（ 6月24日）,委員,藤森誠,M015
R070624B01,令和 7年 6月24日,令和 7年総務常任委員会（ 6月24日）,副委員長,春増勝利,M014
R070624B01,令和 7年 6月24日,令和 7年総務常任委員会（ 6月24日）,委員,島津明香,M011
R070624B01,令和 7年 6月24日,令和 7年総務常任委員会（ 6月24日）,委員,坂本まり,M008
R070624B01,令和 7年 6月24日,令和 7年総務常任委員会（ 6月24日）,委員,北野誠一郎,M007
R070624B04,令和 7年 6月24日,令和 7年議会運営委員会（ 6月24日）,委員長,鷹尾治久,M013
R070624B04,令和 7年 6月24日,令和 7年議会運営委員会（ 6月24日）,委員,春増勝利,M014
R070624B04,令和 7年 6月24日,令和 7年議会運営委員会（ 6月24日）,副委員長,川端宏明,M006
R070624B04,令和 7年 6月24日,令和 7年議会運営委員会（ 6月24日）,委員,大西由紀,M005
R070624B04,令和 7年 6月24日,令和 7年議会運営委員会（ 6月24日）,委員,山田光昭,M018
R070624B04,令和 7年 6月24日,令和 7年議会運営委員会（ 6月24日）,委員,北野誠一郎,M007
R070624B04,令和 7年 6月24日,令和 7年議会運営委員会（ 6月24日）,委員,岩見明,M004
R070624B04,令和 7年 6月24日,令和 7年議会運営委員会（ 6月24日）,議長,迫川高行,M009
R070624B04,令和 7年 6月24日,令和 7年議会運営委員会（ 6月24日）,副議長,島津明香,M011
R070625B01,令和 7年 6月25日,令和 7年総務常任委員会（ 6月25日）,委員長,芝本鎮彰,M010
R070625B01,令和 7年 6月25日,令和 7年総務常任委員会（ 6月25日）,委員,藤森誠,M015
R070625B01,令和 7年 6月25日,令和 7年総務常任委員会（ 6月25日）,副委員長,春増勝利,M014
R070625B01,令和 7年 6月25日,令和 7年総務常任委員会（ 6月25日）,委員,島津明香,M011
R070625B01,令和 7年 6月25日,令和 7年総務常任委員会（ 6月25日）,委員,坂本まり,M008
R070625B01,令和 7年 6月25日,令和 7年総務常任委員会（ 6月25日）,委員,北野誠一郎,M007
R070625B02,令和 7年 6月25日,令和 7年文教厚生常任委員会（ 6月25日）,委員長,岩見明,M004
R070625B02,令和 7年 6月25日,令和 7年文教厚生常任委員会（ 6月25日）,委員,迫川高行,M009
R070625B02,令和 7年 6月25日,令和 7年文教厚生常任委員会（ 6月25日）,副委員長,松野優也,M016
R070625B02,令和 7年 6月25日,令和 7年文教厚生常任委員会（ 6月25日）,委員,大西由紀,M005
R070625B02,令和 7年 6月25日,令和 7年文教厚生常任委員会（ 6月25日）,委員,鷹尾治久,M013
R070625B02,令和 7年 6月25日,令和 7年文教厚生常任委員会（ 6月25日）,委員,鈴木利信,M012
R070625B02,令和 7年 6月25日,令和 7年文教厚生常任委員会（ 6月25日）,委員,今竹大祐,M003
R070625B04,令和 7年 6月25日,令和 7年議会運営委員会（ 6月25日）,委員長,鷹尾治久,M013
R070625B04,令和 7年 6月25日,令和 7年議会運営委員会（ 6月25日）,委員,春増勝利,M014
R070625B04,令和 7年 6月25日,令和 7年議会運営委員会（ 6月25日）,副委員長,川端宏明,M006
R070625B04,令和 7年 6月25日,令和 7年議会運営委員会（ 6月25日）,委員,大西由紀,M005
R070625B04,令和 7年 6月25日,令和 7年議会運営委員会（ 6月25日）,委員,山田光昭,M018
R070625B04,令和 7年 6月25日,令和 7年議会運営委員会（ 6月25日）,委員,北野誠一郎,M007
R070625B04,令和 7年 6月25日,令和 7年議会運営委員会（ 6月25日）,委員,岩見明,M004
R070625B04,令和 7年 6月25日,令和 7年議会運営委員会（ 6月25日）,議長,迫川高行,M009
R070625B04,令和 7年 6月25日,令和 7年議会運営委員会（ 6月25日）,副議長,島津明香,M011
R070701B04,令和 7年 7月 1日,令和 7年議会運営委員会（ 7月 1日）,委員長,鷹尾治久,M013
R070701B04,令和 7年 7月 1日,令和 7年議会運営委員会（ 7月 1日）,委員,春増勝利,M014
R070701B04,令和 7年 7月 1日,令和 7年議会運営委員会（ 7月 1日）,副委員長,川端宏明,M006
R070701B04,令和 7年 7月 1日,令和 7年議会運営委員会（ 7月 1日）,委員,大西由紀,M005
R070701B04,令和 7年 7月 1日,令和 7年議会運営委員会（ 7月 1日）,委員,山田光昭,M018
R070701B04,令和 7年 7月 1日,令和 7年議会運営委員会（ 7月 1日）,委員,北野誠一郎,M007
R070701B04,令和 7年 7月 1日,令和 7年議会運営委員会（ 7月 1日）,委員,岩見明,M004
R070701B04,令和 7年 7月 1日,令和 7年議会運営委員会（ 7月 1日）,議長,迫川高行,M009
R070701B04,令和 7年 7月 1日,令和 7年議会運営委員会（ 7月 1日）,副議長,島津明香,M011
R070702B07,令和 7年 7月 2日,令和 7年行政課題等調査検討特別委員会（ 7月 2日）,委員長,北野誠一郎,M007
R070702B07,令和 7年 7月 2日,令和 7年行政課題等調査検討特別委員会（ 7月 2日）,委員,石崎徹,M001
R070702B07,令和 7年 7月 2日,令和 7年行政課題等調査検討特別委員会（ 7月 2日）,副委員長,藤森誠,M015
R070702B07,令和 7年 7月 2日,令和 7年行政課題等調査検討特別委員会（ 7月 2日）,委員,今竹大祐,M003
R070702B07,令和 7年 7月 2日,令和 7年行政課題等調査検討特別委員会（ 7月 2日）,委員,松野優也,M016
R070702B07,令和 7年 7月 2日,令和 7年行政課題等調査検討特別委員会（ 7月 2日）,委員,森秀樹,M017
R070702B07,令和 7年 7月 2日,令和 7年行政課題等調査検討特別委員会（ 7月 2日）,委員,坂本まり,M008
R070714B04,令和 7年 7月14日,令和 7年議会運営委員会（ 7月14日）,委員長,鷹尾治久,M013
R070714B04,令和 7年 7月14日,令和 7年議会運営委員会（ 7月14日）,委員,春増勝利,M014
R070714B04,令和 7年 7月14日,令和 7年議会運営委員会（ 7月14日）,副委員長,川端宏明,M006
R070714B04,令和 7年 7月14日,令和 7年議会運営委員会（ 7月14日）,委員,大西由紀,M005
R070714B04,令和 7年 7月14日,令和 7年議会運営委員会（ 7月14日）,委員,山田光昭,M018
R070714B04,令和 7年 7月14日,令和 7年議会運営委員会（ 7月14日）,委員,北野誠一郎,M007
R070714B04,令和 7年 7月14日,令和 7年議会運営委員会（ 7月14日）,委員,岩見明,M004
R070714B04,令和 7年 7月14日,令和 7年議会運営委員会（ 7月14日）,議長,迫川高行,M009
R070714B04,令和 7年 7月14日,令和 7年議会運営委員会（ 7月14日）,副議長,島津明香,M011
R070716B07,令和 7年 7月16日,令和 7年行政課題等調査検討特別委員会（ 7月16日）,委員長,北野誠一郎,M007
R070716B07,令和 7年 7月16日,令和 7年行政課題等調査検討特別委員会（ 7月16日）,委員,石崎徹,M001
R070716B07,令和 7年 7月16日,令和 7年行政課題等調査検討特別委員会（ 7月16日）,副委員長,藤森誠,M015
R070716B07,令和 7年 7月16日,令和 7年行政課題等調査検討特別委員会（ 7月16日）,委員,今竹大祐,M003
R070716B07,令和 7年 7月16日,令和 7年行政課題等調査検討特別委員会（ 7月16日）,委員,松野優也,M016
R070716B07,令和 7年 7月16日,令和 7年行政課題等調査検討特別委員会（ 7月16日）,委員,森秀樹,M017
R070716B07,令和 7年 7月16日,令和 7年行政課題等調査検討特別委員会（ 7月16日）,委員,坂本まり,M008
R070717B02,令和 7年 7月17日,令和 7年文教厚生常任委員会（ 7月17日）,委員長,岩見明,M004
R070717B02,令和 7年 7月17日,令和 7年文教厚生常任委員会（ 7月17日）,委員,迫川高行,M009
R070717B02,令和 7年 7月17日,令和 7年文教厚生常任委員会（ 7月17日）,副委員長,松野優也,M016
R070717B02,令和 7年 7月17日,令和 7年文教厚生常任委員会（ 7月17日）,委員,大西由紀,M005
R070717B02,令和 7年 7月17日,令和 7年文教厚生常任委員会（ 7月17日）,委員,鷹尾治久,M013
R070717B02,令和 7年 7月17日,令和 7年文教厚生常任委員会（ 7月17日）,委員,鈴木利信,M012
R070717B02,令和 7年 7月17日,令和 7年文教厚生常任委員会（ 7月17日）,委員,今竹大祐,M003
R070717B04,令和 7年 7月17日,令和 7年議会運営委員会（ 7月17日）,委員長,鷹尾治久,M013
R070717B04,令和 7年 7月17日,令和 7年議会運営委員会（ 7月17日）,委員,春増勝利,M014
R070717B04,令和 7年 7月17日,令和 7年議会運営委員会（ 7月17日）,副委員長,川端宏明,M006
R070717B04,令和 7年 7月17日,令和 7年議会運営委員会（ 7月17日）,委員,大西由紀,M005
R070717B04,令和 7年 7月17日,令和 7年議会運営委員会（ 7月17日）,委員,山田光昭,M018
R070717B04,令和 7年 7月17日,令和 7年議会運営委員会（ 7月17日）,委員,北野誠一郎,M007
R070717B04,令和 7年 7月17日,令和 7年議会運営委員会（ 7月17日）,委員,岩見明,M004
R070717B04,令和 7年 7月17日,令和 7年議会運営委員会（ 7月17日）,議長,迫川高行,M009
R070717B04,令和 7年 7月17日,令和 7年議会運営委員会（ 7月17日）,副議長,島津明香,M011
R070729B01,令和 7年 7月29日,令和 7年総務常任委員会（ 7月29日）,委員長,芝本鎮彰,M010
R070729B01,令和 7年 7月29日,令和 7年総務常任委員会（ 7月29日）,委員,藤森誠,M015
R070729B01,令和 7年 7月29日,令和 7年総務常任委員会（ 7月29日）,副委員長,春増勝利,M014
R070729B01,令和 7年 7月29日,令和 7年総務常任委員会（ 7月29日）,委員,島津明香,M011
R070729B01,令和 7年 7月29日,令和 7年総務常任委員会（ 7月29日）,委員,坂本まり,M008
R070729B01,令和 7年 7月29日,令和 7年総務常任委員会（ 7月29日）,委員,北野誠一郎,M007
R070729B03,令和 7年 7月29日,令和 7年建設環境経済常任委員会（ 7月29日）,委員長,山田光昭,M018
R070729B03,令和 7年 7月29日,令和 7年建設環境経済常任委員会（ 7月29日）,委員,川端宏明,M006
R070729B03,令和 7年 7月29日,令和 7年建設環境経済常任委員会（ 7月29日）,副委員長,入江啓太,M002
R070729B03,令和 7年 7月29日,令和 7年建設環境経済常任委員会（ 7月29日）,委員,森秀樹,M017
R070729B03,令和 7年 7月29日,令和 7年建設環境経済常任委員会（ 7月29日）,委員,石崎徹,M001
R070729B03,令和 7年 7月29日,令和 7年建設環境経済常任委員会（ 7月29日）,委員,横田英樹,M019
R070730B02,令和 7年 7月30日,令和 7年文教厚生常任委員会（ 7月30日）,委員長,岩見明,M004
R070730B02,令和 7年 7月30日,令和 7年文教厚生常任委員会（ 7月30日）,委員,迫川高行,M009
R070730B02,令和 7年 7月30日,令和 7年文教厚生常任委員会（ 7月30日）,副委員長,松野優也,M016
R070730B02,令和 7年 7月30日,令和 7年文教厚生常任委員会（ 7月30日）,委員,大西由紀,M005
R070730B02,令和 7年 7月30日,令和 7年文教厚生常任委員会（ 7月30日）,委員,鷹尾治久,M013
R070730B02,令和 7年 7月30日,令和 7年文教厚生常任委員会（ 7月30日）,委員,鈴木利信,M012
R070730B02,令和 7年 7月30日,令和 7年文教厚生常任委員会（ 7月30日）,委員,今竹大祐,M003
R070804B07,令和 7年 8月 4日,令和 7年行政課題等調査検討特別委員会（ 8月 4日）,委員長,北野誠一郎,M007
R070804B07,令和 7年 8月 4日,令和 7年行政課題等調査検討特別委員会（ 8月 4日）,委員,石崎徹,M001
R070804B07,令和 7年 8月 4日,令和 7年行政課題等調査検討特別委員会（ 8月 4日）,副委員長,藤森誠,M015
R070804B07,令和 7年 8月 4日,令和 7年行政課題等調査検討特別委員会（ 8月 4日）,委員,今竹大祐,M003
R070804B07,令和 7年 8月 4日,令和 7年行政課題等調査検討特別委員会（ 8月 4日）,委員,松野優也,M016
R070804B07,令和 7年 8月 4日,令和 7年行政課題等調査検討特別委員会（ 8月 4日）,委員,森秀樹,M017
R070804B07,令和 7年 8月 4日,令和 7年行政課題等調査検討特別委員会（ 8月 4日）,委員,坂本まり,M008
R070807B04,令和 7年 8月 7日,令和 7年議会運営委員会（ 8月 7日）,委員長,鷹尾治久,M013
R070807B04,令和 7年 8月 7日,令和 7年議会運営委員会（ 8月 7日）,委員,春増勝利,M014
R070807B04,令和 7年 8月 7日,令和 7年議会運営委員会（ 8月 7日）,副委員長,川端宏明,M006
R070807B04,令和 7年 8月 7日,令和 7年議会運営委員会（ 8月 7日）,委員,大西由紀,M005
R070807B04,令和 7年 8月 7日,令和 7年議会運営委員会（ 8月 7日）,委員,山田光昭,M018
R070807B04,令和 7年 8月 7日,令和 7年議会運営委員会（ 8月 7日）,委員,北野誠一郎,M007
R070807B04,令和 7年 8月 7日,令和 7年議会運営委員会（ 8月 7日）,委員,岩見明,M004
R070807B04,令和 7年 8月 7日,令和 7年議会運営委員会（ 8月 7日）,議長,迫川高行,M009
R070807B04,令和 7年 8月 7日,令和 7年議会運営委員会（ 8月 7日）,副議長,島津明香,M011
R070818B07,令和 7年 8月18日,令和 7年行政課題等調査検討特別委員会（ 8月18日）,委員長,北野誠一郎,M007
R070818B07,令和 7年 8月18日,令和 7年行政課題等調査検討特別委員会（ 8月18日）,委員,石崎徹,M001
R070818B07,令和 7年 8月18日,令和 7年行政課題等調査検討特別委員会（ 8月18日）,副委員長,藤森誠,M015
R070818B07,令和 7年 8月18日,令和 7年行政課題等調査検討特別委員会（ 8月18日）,委員,今竹大祐,M003
R070818B07,令和 7年 8月18日,令和 7年行政課題等調査検討特別委員会（ 8月18日）,委員,松野優也,M016
R070818B07,令和 7年 8月18日,令和 7年行政課題等調査検討特別委員会（ 8月18日）,委員,森秀樹,M017
R070818B07,令和 7年 8月18日,令和 7年行政課題等調査検討特別委員会（ 8月18日）,委員,坂本まり,M008
R070825B01,令和 7年 8月25日,令和 7年総務常任委員会（ 8月25日）,委員長,芝本鎮彰,M010
R070825B01,令和 7年 8月25日,令和 7年総務常任委員会（ 8月25日）,委員,藤森誠,M015
R070825B01,令和 7年 8月25日,令和 7年総務常任委員会（ 8月25日）,副委員長,春増勝利,M014
R070825B01,令和 7年 8月25日,令和 7年総務常任委員会（ 8月25日）,委員,島津明香,M011
R070825B01,令和 7年 8月25日,令和 7年総務常任委員会（ 8月25日）,委員,坂本まり,M008
R070825B01,令和 7年 8月25日,令和 7年総務常任委員会（ 8月25日）,委員,北野誠一郎,M007
R070825B02,令和 7年 8月25日,令和 7年文教厚生常任委員会（ 8月25日）,委員長,岩見明,M004
R070825B02,令和 7年 8月25日,令和 7年文教厚生常任委員会（ 8月25日）,委員,迫川高行,M009
R070825B02,令和 7年 8月25日,令和 7年文教厚生常任委員会（ 8月25日）,副委員長,松野優也,M016
R070825B02,令和 7年 8月25日,令和 7年文教厚生常任委員会（ 8月25日）,委員,大西由紀,M005
R070825B02,令和 7年 8月25日,令和 7年文教厚生常任委員会（ 8月25日）,委員,鷹尾治久,M013
R070825B02,令和 7年 8月25日,令和 7年文教厚生常任委員会（ 8月25日）,委員,鈴木利信,M012
R070825B02,令和 7年 8月25日,令和 7年文教厚生常任委員会（ 8月25日）,委員,今竹大祐,M003
R070829B03,令和 7年 8月29日,令和 7年建設環境経済常任委員会（ 8月29日）,委員長,山田光昭,M018
R070829B03,令和 7年 8月29日,令和 7年建設環境経済常任委員会（ 8月29日）,委員,川端宏明,M006
R070829B03,令和 7年 8月29日,令和 7年建設環境経済常任委員会（ 8月29日）,副委員長,入江啓太,M002
R070829B03,令和 7年 8月29日,令和 7年建設環境経済常任委員会（ 8月29日）,委員,森秀樹,M017
R070829B03,令和 7年 8月29日,令和 7年建設環境経済常任委員会（ 8月29日）,委員,石崎徹,M001
R070829B03,令和 7年 8月29日,令和 7年建設環境経済常任委員会（ 8月29日）,委員,横田英樹,M019
R070902B04,令和 7年 9月 2日,令和 7年議会運営委員会（ 9月 2日）,委員長,鷹尾治久,M013
R070902B04,令和 7年 9月 2日,令和 7年議会運営委員会（ 9月 2日）,委員,春増勝利,M014
R070902B04,令和 7年 9月 2日,令和 7年議会運営委員会（ 9月 2日）,副委員長,川端宏明,M006
R070902B04,令和 7年 9月 2日,令和 7年議会運営委員会（ 9月 2日）,委員,大西由紀,M005
R070902B04,令和 7年 9月 2日,令和 7年議会運営委員会（ 9月 2日）,委員,山田光昭,M018
R070902B04,令和 7年 9月 2日,令和 7年議会運営委員会（ 9月 2日）,委員,北野誠一郎,M007
R070902B04,令和 7年 9月 2日,令和 7年議会運営委員会（ 9月 2日）,委員,岩見明,M004
R070902B04,令和 7年 9月 2日,令和 7年議会運営委員会（ 9月 2日）,議長,迫川高行,M009
R070902B04,令和 7年 9月 2日,令和 7年議会運営委員会（ 9月 2日）,副議長,島津明香,M011
R070909B01,令和 7年 9月 9日,令和 7年総務常任委員会（ 9月 9日）,委員長,芝本鎮彰,M010
R070909B01,令和 7年 9月 9日,令和 7年総務常任委員会（ 9月 9日）,委員,藤森誠,M015
R070909B01,令和 7年 9月 9日,令和 7年総務常任委員会（ 9月 9日）,副委員長,春増勝利,M014
R070909B01,令和 7年 9月 9日,令和 7年総務常任委員会（ 9月 9日）,委員,島津明香,M011
R070909B01,令和 7年 9月 9日,令和 7年総務常任委員会（ 9月 9日）,委員,坂本まり,M008
R070909B01,令和 7年 9月 9日,令和 7年総務常任委員会（ 9月 9日）,委員,北野誠一郎,M007
R070909B04,令和 7年 9月 9日,令和 7年議会運営委員会（ 9月 9日）,委員長,鷹尾治久,M013
R070909B04,令和 7年 9月 9日,令和 7年議会運営委員会（ 9月 9日）,委員,春増勝利,M014
R070909B04,令和 7年 9月 9日,令和 7年議会運営委員会（ 9月 9日）,副委員長,川端宏明,M006
R070909B04,令和 7年 9月 9日,令和 7年議会運営委員会（ 9月 9日）,委員,大西由紀,M005
R070909B04,令和 7年 9月 9日,令和 7年議会運営委員会（ 9月 9日）,委員,山田光昭,M018
R070909B04,令和 7年 9月 9日,令和 7年議会運営委員会（ 9月 9日）,委員,北野誠一郎,M007
R070909B04,令和 7年 9月 9日,令和 7年議会運営委員会（ 9月 9日）,委員,岩見明,M004
R070909B04,令和 7年 9月 9日,令和 7年議会運営委員会（ 9月 9日）,議長,迫川高行,M009
R070909B04,令和 7年 9月 9日,令和 7年議会運営委員会（ 9月 9日）,副議長,島津明香,M011
R070910B01,令和 7年 9月10日,令和 7年総務常任委員会（ 9月10日）,委員長,岩見明,M004
R070910B01,令和 7年 9月10日,令和 7年総務常任委員会（ 9月10日）,委員,森秀樹,M017
R070910B01,令和 7年 9月10日,令和 7年総務常任委員会（ 9月10日）,副委員長,松野優也,M016
R070910B01,令和 7年 9月10日,令和 7年総務常任委員会（ 9月10日）,委員,芝本鎮彰,M010
R070910B01,令和 7年 9月10日,令和 7年総務常任委員会（ 9月10日）,委員,坂本まり,M008
R070910B01,令和 7年 9月10日,令和 7年総務常任委員会（ 9月10日）,委員,北野誠一郎,M007
R070910B01,令和 7年 9月10日,令和 7年総務常任委員会（ 9月10日）,委員,今竹大祐,M003
R070910B02,令和 7年 9月10日,令和 7年文教厚生常任委員会（ 9月10日）,委員長,迫川高行,M009
R070910B02,令和 7年 9月10日,令和 7年文教厚生常任委員会（ 9月10日）,委員,鈴木利信,M012
R070910B02,令和 7年 9月10日,令和 7年文教厚生常任委員会（ 9月10日）,副委員長,入江啓太,M002
R070910B02,令和 7年 9月10日,令和 7年文教厚生常任委員会（ 9月10日）,委員,島津明香,M011
R070910B02,令和 7年 9月10日,令和 7年文教厚生常任委員会（ 9月10日）,委員,大西由紀,M005
R070910B02,令和 7年 9月10日,令和 7年文教厚生常任委員会（ 9月10日）,委員,鷹尾治久,M013
R070910B03,令和 7年 9月10日,令和 7年建設環境経済常任委員会（ 9月10日）,委員長,山田光昭,M018
R070910B03,令和 7年 9月10日,令和 7年建設環境経済常任委員会（ 9月10日）,委員,藤森誠,M015
R070910B03,令和 7年 9月10日,令和 7年建設環境経済常任委員会（ 9月10日）,副委員長,春増勝利,M014
R070910B03,令和 7年 9月10日,令和 7年建設環境経済常任委員会（ 9月10日）,委員,川端宏明,M006
R070910B03,令和 7年 9月10日,令和 7年建設環境経済常任委員会（ 9月10日）,委員,横田英樹,M019
R070910B03,令和 7年 9月10日,令和 7年建設環境経済常任委員会（ 9月10日）,委員,石崎徹,M001
R070910B04,令和 7年 9月10日,令和 7年議会運営委員会（ 9月10日）,委員長,鷹尾治久,M013
R070910B04,令和 7年 9月10日,令和 7年議会運営委員会（ 9月10日）,委員,春増勝利,M014
R070910B04,令和 7年 9月10日,令和 7年議会運営委員会（ 9月10日）,副委員長,川端宏明,M006
R070910B04,令和 7年 9月10日,令和 7年議会運営委員会（ 9月10日）,委員,大西由紀,M005
R070910B04,令和 7年 9月10日,令和 7年議会運営委員会（ 9月10日）,委員,山田光昭,M018
R070910B04,令和 7年 9月10日,令和 7年議会運営委員会（ 9月10日）,委員,北野誠一郎,M007
R070910B04,令和 7年 9月10日,令和 7年議会運営委員会（ 9月10日）,委員,岩見明,M004
R070910B04,令和 7年 9月10日,令和 7年議会運営委員会（ 9月10日）,議長,迫川高行,M009
R070910B04,令和 7年 9月10日,令和 7年議会運営委員会（ 9月10日）,副議長,島津明香,M011
R070910B07,令和 7年 9月10日,令和 7年行政課題等調査検討特別委員会（ 9月10日）,委員長,北野誠一郎,M007
R070910B07,令和 7年 9月10日,令和 7年行政課題等調査検討特別委員会（ 9月10日）,委員,石崎徹,M001
R070910B07,令和 7年 9月10日,令和 7年行政課題等調査検討特別委員会（ 9月10日）,副委員長,藤森誠,M015
R070910B07,令和 7年 9月10日,令和 7年行政課題等調査検討特別委員会（ 9月10日）,委員,今竹大祐,M003
R070910B07,令和 7年 9月10日,令和 7年行政課題等調査検討特別委員会（ 9月10日）,委員,松野優也,M016
R070910B07,令和 7年 9月10日,令和 7年行政課題等調査検討特別委員会（ 9月10日）,委員,森秀樹,M017
R070910B07,令和 7年 9月10日,令和 7年行政課題等調査検討特別委員会（ 9月10日）,委員,坂本まり,M008
R070911B04,令和 7年 9月11日,令和 7年議会運営委員会（ 9月11日）,委員長,島津明香,M011
R070911B04,令和 7年 9月11日,令和 7年議会運営委員会（ 9月11日）,委員,迫川高行,M009
R070911B04,令和 7年 9月11日,令和 7年議会運営委員会（ 9月11日）,副委員長,山田光昭,M018
R070911B04,令和 7年 9月11日,令和 7年議会運営委員会（ 9月11日）,委員,坂本まり,M008
R070911B04,令和 7年 9月11日,令和 7年議会運営委員会（ 9月11日）,委員,北野誠一郎,M007
R070911B04,令和 7年 9月11日,令和 7年議会運営委員会（ 9月11日）,委員,鷹尾治久,M013
R070911B04,令和 7年 9月11日,令和 7年議会運営委員会（ 9月11日）,委員,今竹大祐,M003
R070911B04,令和 7年 9月11日,令和 7年議会運営委員会（ 9月11日）,議長,川端宏明,M006
R070911B04,令和 7年 9月11日,令和 7年議会運営委員会（ 9月11日）,副議長,森秀樹,M017
R070912B04,令和 7年 9月12日,令和 7年議会運営委員会（ 9月12日）,委員長,島津明香,M011
R070912B04,令和 7年 9月12日,令和 7年議会運営委員会（ 9月12日）,委員,迫川高行,M009
R070912B04,令和 7年 9月12日,令和 7年議会運営委員会（ 9月12日）,副委員長,山田光昭,M018
R070912B04,令和 7年 9月12日,令和 7年議会運営委員会（ 9月12日）,委員,坂本まり,M008
R070912B04,令和 7年 9月12日,令和 7年議会運営委員会（ 9月12日）,委員,北野誠一郎,M007
R070912B04,令和 7年 9月12日,令和 7年議会運営委員会（ 9月12日）,委員,鷹尾治久,M013
R070912B04,令和 7年 9月12日,令和 7年議会運営委員会（ 9月12日）,委員,今竹大祐,M003
R070912B04,令和 7年 9月12日,令和 7年議会運営委員会（ 9月12日）,議長,川端宏明,M006
R070912B04,令和 7年 9月12日,令和 7年議会運営委員会（ 9月12日）,副議長,森秀樹,M017
R070919B01,令和 7年 9月19日,令和 7年総務常任委員会（ 9月19日）,委員長,岩見明,M004
R070919B01,令和 7年 9月19日,令和 7年総務常任委員会（ 9月19日）,委員,芝本鎮彰,M010
R070919B01,令和 7年 9月19日,令和 7年総務常任委員会（ 9月19日）,副委員長,松野優也,M016
R070919B01,令和 7年 9月19日,令和 7年総務常任委員会（ 9月19日）,委員,今竹大祐,M003
R070919B01,令和 7年 9月19日,令和 7年総務常任委員会（ 9月19日）,委員,坂本まり,M008
R070919B01,令和 7年 9月19日,令和 7年総務常任委員会（ 9月19日）,委員,北野誠一郎,M007
R070919B01,令和 7年 9月19日,令和 7年総務常任委員会（ 9月19日）,委員,森秀樹,M017
R070919B02,令和 7年 9月19日,令和 7年文教厚生常任委員会（ 9月19日）,委員長,迫川高行,M009
R070919B02,令和 7年 9月19日,令和 7年文教厚生常任委員会（ 9月19日）,委員,鈴木利信,M012
R070919B02,令和 7年 9月19日,令和 7年文教厚生常任委員会（ 9月19日）,副委員長,入江啓太,M002
R070919B02,令和 7年 9月19日,令和 7年文教厚生常任委員会（ 9月19日）,委員,島津明香,M011
R070919B02,令和 7年 9月19日,令和 7年文教厚生常任委員会（ 9月19日）,委員,大西由紀,M005
R070919B02,令和 7年 9月19日,令和 7年文教厚生常任委員会（ 9月19日）,委員,鷹尾治久,M013
R070919B03,令和 7年 9月19日,令和 7年建設環境経済常任委員会（ 9月19日）,委員長,山田光昭,M018
R070919B03,令和 7年 9月19日,令和 7年建設環境経済常任委員会（ 9月19日）,委員,藤森誠,M015
R070919B03,令和 7年 9月19日,令和 7年建設環境経済常任委員会（ 9月19日）,副委員長,春増勝利,M014
R070919B03,令和 7年 9月19日,令和 7年建設環境経済常任委員会（ 9月19日）,委員,川端宏明,M006
R070919B03,令和 7年 9月19日,令和 7年建設環境経済常任委員会（ 9月19日）,委員,横田英樹,M019
R070919B03,令和 7年 9月19日,令和 7年建設環境経済常任委員会（ 9月19日）,委員,石崎徹,M001
R070919B07,令和 7年 9月19日,令和 7年行政課題等調査検討特別委員会（ 9月19日）,委員長,北野誠一郎,M007
R070919B07,令和 7年 9月19日,令和 7年行政課題等調査検討特別委員会（ 9月19日）,委員,森秀樹,M017
R070919B07,令和 7年 9月19日,令和 7年行政課題等調査検討特別委員会（ 9月19日）,副委員長,藤森誠,M015
R070919B07,令和 7年 9月19日,令和 7年行政課題等調査検討特別委員会（ 9月19日）,委員,坂本まり,M008
R070919B07,令和 7年 9月19日,令和 7年行政課題等調査検討特別委員会（ 9月19日）,委員,松野優也,M016
R070919B07,令和 7年 9月19日,令和 7年行政課題等調査検討特別委員会（ 9月19日）,委員,石崎徹,M001
R070919B07,令和 7年 9月19日,令和 7年行政課題等調査検討特別委員会（ 9月19日）,委員,今竹大祐,M003
R070922B01,令和 7年 9月22日,令和 7年総務常任委員会（ 9月22日）,委員長,岩見明,M004
R070922B01,令和 7年 9月22日,令和 7年総務常任委員会（ 9月22日）,委員,芝本鎮彰,M010
R070922B01,令和 7年 9月22日,令和 7年総務常任委員会（ 9月22日）,副委員長,松野優也,M016
R070922B01,令和 7年 9月22日,令和 7年総務常任委員会（ 9月22日）,委員,今竹大祐,M003
R070922B01,令和 7年 9月22日,令和 7年総務常任委員会（ 9月22日）,委員,坂本まり,M008
R070922B01,令和 7年 9月22日,令和 7年総務常任委員会（ 9月22日）,委員,北野誠一郎,M007
R070922B01,令和 7年 9月22日,令和 7年総務常任委員会（ 9月22日）,委員,森秀樹,M017
R070922B02,令和 7年 9月22日,令和 7年文教厚生常任委員会（ 9月22日）,委員長,迫川高行,M009
R070922B02,令和 7年 9月22日,令和 7年文教厚生常任委員会（ 9月22日）,委員,鈴木利信,M012
R070922B02,令和 7年 9月22日,令和 7年文教厚生常任委員会（ 9月22日）,副委員長,入江啓太,M002
R070922B02,令和 7年 9月22日,令和 7年文教厚生常任委員会（ 9月22日）,委員,島津明香,M011
R070922B02,令和 7年 9月22日,令和 7年文教厚生常任委員会（ 9月22日）,委員,大西由紀,M005
R070922B02,令和 7年 9月22日,令和 7年文教厚生常任委員会（ 9月22日）,委員,鷹尾治久,M013
R070922B03,令和 7年 9月22日,令和 7年建設環境経済常任委員会（ 9月22日）,委員長,山田光昭,M018
R070922B03,令和 7年 9月22日,令和 7年建設環境経済常任委員会（ 9月22日）,委員,藤森誠,M015
R070922B03,令和 7年 9月22日,令和 7年建設環境経済常任委員会（ 9月22日）,副委員長,春増勝利,M014
R070922B03,令和 7年 9月22日,令和 7年建設環境経済常任委員会（ 9月22日）,委員,川端宏明,M006
R070922B03,令和 7年 9月22日,令和 7年建設環境経済常任委員会（ 9月22日）,委員,横田英樹,M019
R070922B03,令和 7年 9月22日,令和 7年建設環境経済常任委員会（ 9月22日）,委員,石崎徹,M001
R070924B04,令和 7年 9月24日,令和 7年議会運営委員会（ 9月24日）,委員長,島津明香,M011
R070924B04,令和 7年 9月24日,令和 7年議会運営委員会（ 9月24日）,委員,迫川高行,M009
R070924B04,令和 7年 9月24日,令和 7年議会運営委員会（ 9月24日）,副委員長,山田光昭,M018
R070924B04,令和 7年 9月24日,令和 7年議会運営委員会（ 9月24日）,委員,坂本まり,M008
R070924B04,令和 7年 9月24日,令和 7年議会運営委員会（ 9月24日）,委員,北野誠一郎,M007
R070924B04,令和 7年 9月24日,令和 7年議会運営委員会（ 9月24日）,委員,鷹尾治久,M013
R070924B04,令和 7年 9月24日,令和 7年議会運営委員会（ 9月24日）,委員,今竹大祐,M003
R070924B04,令和 7年 9月24日,令和 7年議会運営委員会（ 9月24日）,議長,川端宏明,M006
R070924B04,令和 7年 9月24日,令和 7年議会運営委員会（ 9月24日）,副議長,森秀樹,M017
R070926B04,令和 7年 9月26日,令和 7年議会運営委員会（ 9月26日）,委員長,島津明香,M011
R070926B04,令和 7年 9月26日,令和 7年議会運営委員会（ 9月26日）,委員,迫川高行,M009
R070926B04,令和 7年 9月26日,令和 7年議会運営委員会（ 9月26日）,副委員長,山田光昭,M018
R070926B04,令和 7年 9月26日,令和 7年議会運営委員会（ 9月26日）,委員,坂本まり,M008
R070926B04,令和 7年 9月26日,令和 7年議会運営委員会（ 9月26日）,委員,北野誠一郎,M007
R070926B04,令和 7年 9月26日,令和 7年議会運営委員会（ 9月26日）,委員,鷹尾治久,M013
R070926B04,令和 7年 9月26日,令和 7年議会運営委員会（ 9月26日）,委員,今竹大祐,M003
R070926B04,令和 7年 9月26日,令和 7年議会運営委員会（ 9月26日）,議長,川端宏明,M006
R070926B04,令和 7年 9月26日,令和 7年議会運営委員会（ 9月26日）,副議長,森秀樹,M017
R070926B05,令和 7年 9月26日,令和 7年決算特別委員会（ 9月26日）,委員長,入江啓太,M002
R070926B05,令和 7年 9月26日,令和 7年決算特別委員会（ 9月26日）,委員,島津明香,M011
R070926B05,令和 7年 9月26日,令和 7年決算特別委員会（ 9月26日）,副委員長,春増勝利,M014
R070926B05,令和 7年 9月26日,令和 7年決算特別委員会（ 9月26日）,委員,坂本まり,M008
R070926B05,令和 7年 9月26日,令和 7年決算特別委員会（ 9月26日）,委員,山田光昭,M018
R070926B05,令和 7年 9月26日,令和 7年決算特別委員会（ 9月26日）,委員,芝本鎮彰,M010
R070926B05,令和 7年 9月26日,令和 7年決算特別委員会（ 9月26日）,委員,北野誠一郎,M007
R071008B04,令和 7年10月 8日,令和 7年議会運営委員会（10月 8日）,委員長,島津明香,M011
R071008B04,令和 7年10月 8日,令和 7年議会運営委員会（10月 8日）,委員,迫川高行,M009
R071008B04,令和 7年10月 8日,令和 7年議会運営委員会（10月 8日）,副委員長,山田光昭,M018
R071008B04,令和 7年10月 8日,令和 7年議会運営委員会（10月 8日）,委員,坂本まり,M008
R071008B04,令和 7年10月 8日,令和 7年議会運営委員会（10月 8日）,委員,北野誠一郎,M007
R071008B04,令和 7年10月 8日,令和 7年議会運営委員会（10月 8日）,委員,鷹尾治久,M013
R071008B04,令和 7年10月 8日,令和 7年議会運営委員会（10月 8日）,委員,今竹大祐,M003
R071008B04,令和 7年10月 8日,令和 7年議会運営委員会（10月 8日）,議長,川端宏明,M006
R071008B04,令和 7年10月 8日,令和 7年議会運営委員会（10月 8日）,副議長,森秀樹,M017
R071008B05,令和 7年10月 8日,令和 7年決算特別委員会（10月 8日）,委員長,入江啓太,M002
R071008B05,令和 7年10月 8日,令和 7年決算特別委員会（10月 8日）,委員,島津明香,M011
R071008B05,令和 7年10月 8日,令和 7年決算特別委員会（10月 8日）,副委員長,春増勝利,M014
R071008B05,令和 7年10月 8日,令和 7年決算特別委員会（10月 8日）,委員,坂本まり,M008
R071008B05,令和 7年10月 8日,令和 7年決算特別委員会（10月 8日）,委員,山田光昭,M018
R071008B05,令和 7年10月 8日,令和 7年決算特別委員会（10月 8日）,委員,芝本鎮彰,M010
R071008B05,令和 7年10月 8日,令和 7年決算特別委員会（10月 8日）,委員,北野誠一郎,M007
R071021B04,令和 7年10月21日,令和 7年議会運営委員会（10月21日）,委員長,島津明香,M011
R071021B04,令和 7年10月21日,令和 7年議会運営委員会（10月21日）,委員,迫川高行,M009
R071021B04,令和 7年10月21日,令和 7年議会運営委員会（10月21日）,副委員長,山田光昭,M018
R071021B04,令和 7年10月21日,令和 7年議会運営委員会（10月21日）,委員,坂本まり,M008
R071021B04,令和 7年10月21日,令和 7年議会運営委員会（10月21日）,委員,北野誠一郎,M007
R071021B04,令和 7年10月21日,令和 7年議会運営委員会（10月21日）,委員,鷹尾治久,M013
R071021B04,令和 7年10月21日,令和 7年議会運営委員会（10月21日）,委員,今竹大祐,M003
R071021B04,令和 7年10月21日,令和 7年議会運営委員会（10月21日）,議長,川端宏明,M006
R071021B04,令和 7年10月21日,令和 7年議会運営委員会（10月21日）,副議長,森秀樹,M017
R071021B05,令和 7年10月21日,令和 7年決算特別委員会（10月21日）,委員長,入江啓太,M002
R071021B05,令和 7年10月21日,令和 7年決算特別委員会（10月21日）,委員,島津明香,M011
R071021B05,令和 7年10月21日,令和 7年決算特別委員会（10月21日）,副委員長,春増勝利,M014
R071021B05,令和 7年10月21日,令和 7年決算特別委員会（10月21日）,委員,坂本まり,M008
R071021B05,令和 7年10月21日,令和 7年決算特別委員会（10月21日）,委員,山田光昭,M018
R071021B05,令和 7年10月21日,令和 7年決算特別委員会（10月21日）,委員,芝本鎮彰,M010
R071021B05,令和 7年10月21日,令和 7年決算特別委員会（10月21日）,委員,北野誠一郎,M007
R071022B07,令和 7年10月22日,令和 7年行政課題等調査検討特別委員会（10月22日）,委員長,北野誠一郎,M007
R071022B07,令和 7年10月22日,令和 7年行政課題等調査検討特別委員会（10月22日）,委員,石崎徹,M001
R071022B07,令和 7年10月22日,令和 7年行政課題等調査検討特別委員会（10月22日）,副委員長,藤森誠,M015
R071022B07,令和 7年10月22日,令和 7年行政課題等調査検討特別委員会（10月22日）,委員,今竹大祐,M003
R071022B07,令和 7年10月22日,令和 7年行政課題等調査検討特別委員会（10月22日）,委員,松野優也,M016
R071022B07,令和 7年10月22日,令和 7年行政課題等調査検討特別委員会（10月22日）,委員,森秀樹,M017
R071022B07,令和 7年10月22日,令和 7年行政課題等調査検討特別委員会（10月22日）,委員,坂本まり,M008
R071027B05,令和 7年10月27日,令和 7年決算特別委員会（10月27日）,委員長,入江啓太,M002
R071027B05,令和 7年10月27日,令和 7年決算特別委員会（10月27日）,委員,島津明香,M011
R071027B05,令和 7年10月27日,令和 7年決算特別委員会（10月27日）,副委員長,春増勝利,M014
R071027B05,令和 7年10月27日,令和 7年決算特別委員会（10月27日）,委員,坂本まり,M008
R071027B05,令和 7年10月27日,令和 7年決算特別委員会（10月27日）,委員,山田光昭,M018
R071027B05,令和 7年10月27日,令和 7年決算特別委員会（10月27日）,委員,芝本鎮彰,M010
R071027B05,令和 7年10月27日,令和 7年決算特別委員会（10月27日）,委員,北野誠一郎,M007
R071028B03,令和 7年10月28日,令和 7年建設環境経済常任委員会（10月28日）,委員長,山田光昭,M018
R071028B03,令和 7年10月28日,令和 7年建設環境経済常任委員会（10月28日）,委員,藤森誠,M015
R071028B03,令和 7年10月28日,令和 7年建設環境経済常任委員会（10月28日）,副委員長,春増勝利,M014
R071028B03,令和 7年10月28日,令和 7年建設環境経済常任委員会（10月28日）,委員,川端宏明,M006
R071028B03,令和 7年10月28日,令和 7年建設環境経済常任委員会（10月28日）,委員,横田英樹,M019
R071028B03,令和 7年10月28日,令和 7年建設環境経済常任委員会（10月28日）,委員,石崎徹,M001
R071029B01,令和 7年10月29日,令和 7年総務常任委員会（10月29日）,委員長,岩見明,M004
R071029B01,令和 7年10月29日,令和 7年総務常任委員会（10月29日）,委員,芝本鎮彰,M010
R071029B01,令和 7年10月29日,令和 7年総務常任委員会（10月29日）,副委員長,松野優也,M016
R071029B01,令和 7年10月29日,令和 7年総務常任委員会（10月29日）,委員,今竹大祐,M003
R071029B01,令和 7年10月29日,令和 7年総務常任委員会（10月29日）,委員,坂本まり,M008
R071029B01,令和 7年10月29日,令和 7年総務常任委員会（10月29日）,委員,北野誠一郎,M007
R071029B01,令和 7年10月29日,令和 7年総務常任委員会（10月29日）,委員,森秀樹,M017
R071030B02,令和 7年10月30日,令和 7年文教厚生常任委員会（10月30日）,委員長,迫川高行,M009
R071030B02,令和 7年10月30日,令和 7年文教厚生常任委員会（10月30日）,委員,鈴木利信,M012
R071030B02,令和 7年10月30日,令和 7年文教厚生常任委員会（10月30日）,副委員長,入江啓太,M002
R071030B02,令和 7年10月30日,令和 7年文教厚生常任委員会（10月30日）,委員,島津明香,M011
R071030B02,令和 7年10月30日,令和 7年文教厚生常任委員会（10月30日）,委員,大西由紀,M005
R071030B02,令和 7年10月30日,令和 7年文教厚生常任委員会（10月30日）,委員,鷹尾治久,M013
R071031B05,令和 7年10月31日,令和 7年決算特別委員会（10月31日）,委員長,入江啓太,M002
R071031B05,令和 7年10月31日,令和 7年決算特別委員会（10月31日）,委員,島津明香,M011
R071031B05,令和 7年10月31日,令和 7年決算特別委員会（10月31日）,副委員長,春増勝利,M014
R071031B05,令和 7年10月31日,令和 7年決算特別委員会（10月31日）,委員,坂本まり,M008
R071031B05,令和 7年10月31日,令和 7年決算特別委員会（10月31日）,委員,山田光昭,M018
R071031B05,令和 7年10月31日,令和 7年決算特別委員会（10月31日）,委員,芝本鎮彰,M010
R071031B05,令和 7年10月31日,令和 7年決算特別委員会（10月31日）,委員,北野誠一郎,M007
R071104B05,令和 7年11月 4日,令和 7年決算特別委員会（11月 4日）,委員長,入江啓太,M002
R071104B05,令和 7年11月 4日,令和 7年決算特別委員会（11月 4日）,委員,島津明香,M011
R071104B05,令和 7年11月 4日,令和 7年決算特別委員会（11月 4日）,副委員長,春増勝利,M014
R071104B05,令和 7年11月 4日,令和 7年決算特別委員会（11月 4日）,委員,坂本まり,M008
R071104B05,令和 7年11月 4日,令和 7年決算特別委員会（11月 4日）,委員,山田光昭,M018
R071104B05,令和 7年11月 4日,令和 7年決算特別委員会（11月 4日）,委員,芝本鎮彰,M010
R071104B05,令和 7年11月 4日,令和 7年決算特別委員会（11月 4日）,委員,北野誠一郎,M007
R071105B05,令和 7年11月 5日,令和 7年決算特別委員会（11月 5日）,委員長,入江啓太,M002
R071105B05,令和 7年11月 5日,令和 7年決算特別委員会（11月 5日）,委員,島津明香,M011
R071105B05,令和 7年11月 5日,令和 7年決算特別委員会（11月 5日）,副委員長,春増勝利,M014
R071105B05,令和 7年11月 5日,令和 7年決算特別委員会（11月 5日）,委員,坂本まり,M008
R071105B05,令和 7年11月 5日,令和 7年決算特別委員会（11月 5日）,委員,山田光昭,M018
R071105B05,令和 7年11月 5日,令和 7年決算特別委員会（11月 5日）,委員,芝本鎮彰,M010
R071105B05,令和 7年11月 5日,令和 7年決算特別委員会（11月 5日）,委員,北野誠一郎,M007
R071112B05,令和 7年11月12日,令和 7年決算特別委員会（11月12日）,委員長,入江啓太,M002
R071112B05,令和 7年11月12日,令和 7年決算特別委員会（11月12日）,委員,島津明香,M011
R071112B05,令和 7年11月12日,令和 7年決算特別委員会（11月12日）,副委員長,春増勝利,M014
R071112B05,令和 7年11月12日,令和 7年決算特別委員会（11月12日）,委員,坂本まり,M008
R071112B05,令和 7年11月12日,令和 7年決算特別委員会（11月12日）,委員,山田光昭,M018
R071112B05,令和 7年11月12日,令和 7年決算特別委員会（11月12日）,委員,芝本鎮彰,M010
R071112B05,令和 7年11月12日,令和 7年決算特別委員会（11月12日）,委員,北野誠一郎,M007
R071117B04,令和 7年11月17日,令和 7年議会運営委員会（11月17日）,委員長,島津明香,M011
R071117B04,令和 7年11月17日,令和 7年議会運営委員会（11月17日）,委員,迫川高行,M009
R071117B04,令和 7年11月17日,令和 7年議会運営委員会（11月17日）,副委員長,山田光昭,M018
R071117B04,令和 7年11月17日,令和 7年議会運営委員会（11月17日）,委員,坂本まり,M008
R071117B04,令和 7年11月17日,令和 7年議会運営委員会（11月17日）,委員,北野誠一郎,M007
R071117B04,令和 7年11月17日,令和 7年議会運営委員会（11月17日）,委員,鷹尾治久,M013
R071117B04,令和 7年11月17日,令和 7年議会運営委員会（11月17日）,委員,今竹大祐,M003
R071117B04,令和 7年11月17日,令和 7年議会運営委員会（11月17日）,議長,川端宏明,M006
R071117B04,令和 7年11月17日,令和 7年議会運営委員会（11月17日）,副議長,森秀樹,M017
R071117B05,令和 7年11月17日,令和 7年決算特別委員会（11月17日）,委員長,入江啓太,M002
R071117B05,令和 7年11月17日,令和 7年決算特別委員会（11月17日）,委員,島津明香,M011
R071117B05,令和 7年11月17日,令和 7年決算特別委員会（11月17日）,副委員長,春増勝利,M014
R071117B05,令和 7年11月17日,令和 7年決算特別委員会（11月17日）,委員,坂本まり,M008
R071117B05,令和 7年11月17日,令和 7年決算特別委員会（11月17日）,委員,山田光昭,M018
R071117B05,令和 7年11月17日,令和 7年決算特別委員会（11月17日）,委員,芝本鎮彰,M010
R071117B05,令和 7年11月17日,令和 7年決算特別委員会（11月17日）,委員,北野誠一郎,M007
R071120B01,令和 7年11月20日,令和 7年総務常任委員会（11月20日）,委員長,岩見明,M004
R071120B01,令和 7年11月20日,令和 7年総務常任委員会（11月20日）,委員,芝本鎮彰,M010
R071120B01,令和 7年11月20日,令和 7年総務常任委員会（11月20日）,副委員長,松野優也,M016
R071120B01,令和 7年11月20日,令和 7年総務常任委員会（11月20日）,委員,今竹大祐,M003
R071120B01,令和 7年11月20日,令和 7年総務常任委員会（11月20日）,委員,坂本まり,M008
R071120B01,令和 7年11月20日,令和 7年総務常任委員会（11月20日）,委員,北野誠一郎,M007
R071120B01,令和 7年11月20日,令和 7年総務常任委員会（11月20日）,委員,森秀樹,M017
R071120B03,令和 7年11月20日,令和 7年建設環境経済常任委員会（11月20日）,委員長,山田光昭,M018
R071120B03,令和 7年11月20日,令和 7年建設環境経済常任委員会（11月20日）,委員,藤森誠,M015
R071120B03,令和 7年11月20日,令和 7年建設環境経済常任委員会（11月20日）,副委員長,春増勝利,M014
R071120B03,令和 7年11月20日,令和 7年建設環境経済常任委員会（11月20日）,委員,川端宏明,M006
R071120B03,令和 7年11月20日,令和 7年建設環境経済常任委員会（11月20日）,委員,横田英樹,M019
R071120B03,令和 7年11月20日,令和 7年建設環境経済常任委員会（11月20日）,委員,石崎徹,M001
R071125B05,令和 7年11月25日,令和 7年決算特別委員会（11月25日）,委員長,入江啓太,M002
R071125B05,令和 7年11月25日,令和 7年決算特別委員会（11月25日）,委員,島津明香,M011
R071125B05,令和 7年11月25日,令和 7年決算特別委員会（11月25日）,副委員長,春増勝利,M014
R071125B05,令和 7年11月25日,令和 7年決算特別委員会（11月25日）,委員,坂本まり,M008
R071125B05,令和 7年11月25日,令和 7年決算特別委員会（11月25日）,委員,山田光昭,M018
R071125B05,令和 7年11月25日,令和 7年決算特別委員会（11月25日）,委員,芝本鎮彰,M010
R071125B05,令和 7年11月25日,令和 7年決算特別委員会（11月25日）,委員,北野誠一郎,M007
R071126B02,令和 7年11月26日,令和 7年文教厚生常任委員会（11月26日）,委員長,迫川高行,M009
R071126B02,令和 7年11月26日,令和 7年文教厚生常任委員会（11月26日）,委員,鈴木利信,M012
R071126B02,令和 7年11月26日,令和 7年文教厚生常任委員会（11月26日）,副委員長,入江啓太,M002
R071126B02,令和 7年11月26日,令和 7年文教厚生常任委員会（11月26日）,委員,島津明香,M011
R071126B02,令和 7年11月26日,令和 7年文教厚生常任委員会（11月26日）,委員,大西由紀,M005
R071126B02,令和 7年11月26日,令和 7年文教厚生常任委員会（11月26日）,委員,鷹尾治久,M013
R071127B05,令和 7年11月27日,令和 7年決算特別委員会（11月27日）,委員長,入江啓太,M002
R071127B05,令和 7年11月27日,令和 7年決算特別委員会（11月27日）,委員,島津明香,M011
R071127B05,令和 7年11月27日,令和 7年決算特別委員会（11月27日）,副委員長,春増勝利,M014
R071127B05,令和 7年11月27日,令和 7年決算特別委員会（11月27日）,委員,坂本まり,M008
R071127B05,令和 7年11月27日,令和 7年決算特別委員会（11月27日）,委員,山田光昭,M018
R071127B05,令和 7年11月27日,令和 7年決算特別委員会（11月27日）,委員,芝本鎮彰,M010
R071127B05,令和 7年11月27日,令和 7年決算特別委員会（11月27日）,委員,北野誠一郎,M007
R071128B04,令和 7年11月28日,令和 7年議会運営委員会（11月28日）,委員長,島津明香,M011
R071128B04,令和 7年11月28日,令和 7年議会運営委員会（11月28日）,委員,迫川高行,M009
R071128B04,令和 7年11月28日,令和 7年議会運営委員会（11月28日）,副委員長,山田光昭,M018
R071128B04,令和 7年11月28日,令和 7年議会運営委員会（11月28日）,委員,坂本まり,M008
R071128B04,令和 7年11月28日,令和 7年議会運営委員会（11月28日）,委員,北野誠一郎,M007
R071128B04,令和 7年11月28日,令和 7年議会運営委員会（11月28日）,委員,鷹尾治久,M013
R071128B04,令和 7年11月28日,令和 7年議会運営委員会（11月28日）,委員,今竹大祐,M003
R071128B04,令和 7年11月28日,令和 7年議会運営委員会（11月28日）,議長,川端宏明,M006
R071128B04,令和 7年11月28日,令和 7年議会運営委員会（11月28日）,副議長,森秀樹,M017
R071128B05,令和 7年11月28日,令和 7年決算特別委員会（11月28日）,委員長,入江啓太,M002
R071128B05,令和 7年11月28日,令和 7年決算特別委員会（11月28日）,委員,島津明香,M011
R071128B05,令和 7年11月28日,令和 7年決算特別委員会（11月28日）,副委員長,春増勝利,M014
R071128B05,令和 7年11月28日,令和 7年決算特別委員会（11月28日）,委員,坂本まり,M008
R071128B05,令和 7年11月28日,令和 7年決算特別委員会（11月28日）,委員,山田光昭,M018
R071128B05,令和 7年11月28日,令和 7年決算特別委員会（11月28日）,委員,芝本鎮彰,M010
R071128B05,令和 7年11月28日,令和 7年決算特別委員会（11月28日）,委員,北野誠一郎,M007
R071201B07,令和 7年12月 1日,令和 7年行政課題等調査検討特別委員会（12月 1日）,委員長,北野誠一郎,M007
R071201B07,令和 7年12月 1日,令和 7年行政課題等調査検討特別委員会（12月 1日）,委員,石崎徹,M001
R071201B07,令和 7年12月 1日,令和 7年行政課題等調査検討特別委員会（12月 1日）,副委員長,藤森誠,M015
R071201B07,令和 7年12月 1日,令和 7年行政課題等調査検討特別委員会（12月 1日）,委員,今竹大祐,M003
R071201B07,令和 7年12月 1日,令和 7年行政課題等調査検討特別委員会（12月 1日）,委員,松野優也,M016
R071201B07,令和 7年12月 1日,令和 7年行政課題等調査検討特別委員会（12月 1日）,委員,森秀樹,M017
R071201B07,令和 7年12月 1日,令和 7年行政課題等調査検討特別委員会（12月 1日）,委員,坂本まり,M008
R071205B04,令和 7年12月 5日,令和 7年議会運営委員会（12月 5日）,委員長,島津明香,M011
R071205B04,令和 7年12月 5日,令和 7年議会運営委員会（12月 5日）,委員,迫川高行,M009
R071205B04,令和 7年12月 5日,令和 7年議会運営委員会（12月 5日）,副委員長,山田光昭,M018
R071205B04,令和 7年12月 5日,令和 7年議会運営委員会（12月 5日）,委員,坂本まり,M008
R071205B04,令和 7年12月 5日,令和 7年議会運営委員会（12月 5日）,委員,北野誠一郎,M007
R071205B04,令和 7年12月 5日,令和 7年議会運営委員会（12月 5日）,委員,鷹尾治久,M013
R071205B04,令和 7年12月 5日,令和 7年議会運営委員会（12月 5日）,委員,岩見明,M004
R071205B04,令和 7年12月 5日,令和 7年議会運営委員会（12月 5日）,議長,川端宏明,M006
R071205B04,令和 7年12月 5日,令和 7年議会運営委員会（12月 5日）,副議長,森秀樹,M017
R071208B04,令和 7年12月 8日,令和 7年議会運営委員会（12月 8日）,委員長,島津明香,M011
R071208B04,令和 7年12月 8日,令和 7年議会運営委員会（12月 8日）,委員,迫川高行,M009
R071208B04,令和 7年12月 8日,令和 7年議会運営委員会（12月 8日）,副委員長,山田光昭,M018
R071208B04,令和 7年12月 8日,令和 7年議会運営委員会（12月 8日）,委員,坂本まり,M008
R071208B04,令和 7年12月 8日,令和 7年議会運営委員会（12月 8日）,委員,北野誠一郎,M007
R071208B04,令和 7年12月 8日,令和 7年議会運営委員会（12月 8日）,委員,鷹尾治久,M013
R071208B04,令和 7年12月 8日,令和 7年議会運営委員会（12月 8日）,委員,今竹大祐,M003
R071208B04,令和 7年12月 8日,令和 7年議会運営委員会（12月 8日）,議長,川端宏明,M006
R071208B04,令和 7年12月 8日,令和 7年議会運営委員会（12月 8日）,副議長,森秀樹,M017
R071210B04,令和 7年12月10日,令和 7年議会運営委員会（12月10日）,委員長,島津明香,M011
R071210B04,令和 7年12月10日,令和 7年議会運営委員会（12月10日）,委員,迫川高行,M009
R071210B04,令和 7年12月10日,令和 7年議会運営委員会（12月10日）,副委員長,山田光昭,M018
R071210B04,令和 7年12月10日,令和 7年議会運営委員会（12月10日）,委員,坂本まり,M008
R071210B04,令和 7年12月10日,令和 7年議会運営委員会（12月10日）,委員,北野誠一郎,M007
R071210B04,令和 7年12月10日,令和 7年議会運営委員会（12月10日）,委員,鷹尾治久,M013
R071210B04,令和 7年12月10日,令和 7年議会運営委員会（12月10日）,委員,今竹大祐,M003
R071210B04,令和 7年12月10日,令和 7年議会運営委員会（12月10日）,議長,川端宏明,M006
R071210B04,令和 7年12月10日,令和 7年議会運営委員会（12月10日）,副議長,森秀樹,M017
R071215B01,令和 7年12月15日,令和 7年総務常任委員会（12月15日）,委員長,岩見明,M004
R071215B01,令和 7年12月15日,令和 7年総務常任委員会（12月15日）,委員,芝本鎮彰,M010
R071215B01,令和 7年12月15日,令和 7年総務常任委員会（12月15日）,副委員長,松野優也,M016
R071215B01,令和 7年12月15日,令和 7年総務常任委員会（12月15日）,委員,今竹大祐,M003
R071215B01,令和 7年12月15日,令和 7年総務常任委員会（12月15日）,委員,坂本まり,M008
R071215B01,令和 7年12月15日,令和 7年総務常任委員会（12月15日）,委員,北野誠一郎,M007
R071215B01,令和 7年12月15日,令和 7年総務常任委員会（12月15日）,委員,森秀樹,M017
R071215B02,令和 7年12月15日,令和 7年文教厚生常任委員会（12月15日）,委員長,迫川高行,M009
R071215B02,令和 7年12月15日,令和 7年文教厚生常任委員会（12月15日）,委員,鈴木利信,M012
R071215B02,令和 7年12月15日,令和 7年文教厚生常任委員会（12月15日）,副委員長,入江啓太,M002
R071215B02,令和 7年12月15日,令和 7年文教厚生常任委員会（12月15日）,委員,島津明香,M011
R071215B02,令和 7年12月15日,令和 7年文教厚生常任委員会（12月15日）,委員,大西由紀,M005
R071215B02,令和 7年12月15日,令和 7年文教厚生常任委員会（12月15日）,委員,鷹尾治久,M013
R071215B03,令和 7年12月15日,令和 7年建設環境経済常任委員会（12月15日）,委員長,山田光昭,M018
R071215B03,令和 7年12月15日,令和 7年建設環境経済常任委員会（12月15日）,委員,藤森誠,M015
R071215B03,令和 7年12月15日,令和 7年建設環境経済常任委員会（12月15日）,副委員長,春増勝利,M014
R071215B03,令和 7年12月15日,令和 7年建設環境経済常任委員会（12月15日）,委員,川端宏明,M006
R071215B03,令和 7年12月15日,令和 7年建設環境経済常任委員会（12月15日）,委員,横田英樹,M019
R071215B03,令和 7年12月15日,令和 7年建設環境経済常任委員会（12月15日）,委員,石崎徹,M001
R071216B01,令和 7年12月16日,令和 7年総務常任委員会（12月16日）,委員長,岩見明,M004
R071216B01,令和 7年12月16日,令和 7年総務常任委員会（12月16日）,委員,芝本鎮彰,M010
R071216B01,令和 7年12月16日,令和 7年総務常任委員会（12月16日）,副委員長,松野優也,M016
R071216B01,令和 7年12月16日,令和 7年総務常任委員会（12月16日）,委員,今竹大祐,M003
R071216B01,令和 7年12月16日,令和 7年総務常任委員会（12月16日）,委員,坂本まり,M008
R071216B01,令和 7年12月16日,令和 7年総務常任委員会（12月16日）,委員,北野誠一郎,M007
R071216B01,令和 7年12月16日,令和 7年総務常任委員会（12月16日）,委員,森秀樹,M017
R071216B03,令和 7年12月16日,令和 7年建設環境経済常任委員会（12月16日）,委員長,山田光昭,M018
R071216B03,令和 7年12月16日,令和 7年建設環境経済常任委員会（12月16日）,委員,藤森誠,M015
R071216B03,令和 7年12月16日,令和 7年建設環境経済常任委員会（12月16日）,副委員長,春増勝利,M014
R071216B03,令和 7年12月16日,令和 7年建設環境経済常任委員会（12月16日）,委員,川端宏明,M006
R071216B03,令和 7年12月16日,令和 7年建設環境経済常任委員会（12月16日）,委員,横田英樹,M019
R071216B03,令和 7年12月16日,令和 7年建設環境経済常任委員会（12月16日）,委員,石崎徹,M001
R071217B02,令和 7年12月17日,令和 7年文教厚生常任委員会（12月17日）,委員長,迫川高行,M009
R071217B02,令和 7年12月17日,令和 7年文教厚生常任委員会（12月17日）,委員,鈴木利信,M012
R071217B02,令和 7年12月17日,令和 7年文教厚生常任委員会（12月17日）,副委員長,入江啓太,M002
R071217B02,令和 7年12月17日,令和 7年文教厚生常任委員会（12月17日）,委員,島津明香,M011
R071217B02,令和 7年12月17日,令和 7年文教厚生常任委員会（12月17日）,委員,大西由紀,M005
R071217B02,令和 7年12月17日,令和 7年文教厚生常任委員会（12月17日）,委員,鷹尾治久,M013
R071218B04,令和 7年12月18日,令和 7年議会運営委員会（12月18日）,委員長,島津明香,M011
R071218B04,令和 7年12月18日,令和 7年議会運営委員会（12月18日）,委員,迫川高行,M009
R071218B04,令和 7年12月18日,令和 7年議会運営委員会（12月18日）,副委員長,山田光昭,M018
R071218B04,令和 7年12月18日,令和 7年議会運営委員会（12月18日）,委員,坂本まり,M008
R071218B04,令和 7年12月18日,令和 7年議会運営委員会（12月18日）,委員,北野誠一郎,M007
R071218B04,令和 7年12月18日,令和 7年議会運営委員会（12月18日）,委員,鷹尾治久,M013
R071218B04,令和 7年12月18日,令和 7年議会運営委員会（12月18日）,委員,今竹大祐,M003
R071218B04,令和 7年12月18日,令和 7年議会運営委員会（12月18日）,議長,川端宏明,M006
R071218B04,令和 7年12月18日,令和 7年議会運営委員会（12月18日）,副議長,森秀樹,M017
R071219B01,令和 7年12月19日,令和 7年総務常任委員会（12月19日）,委員長,岩見明,M004
R071219B01,令和 7年12月19日,令和 7年総務常任委員会（12月19日）,委員,芝本鎮彰,M010
R071219B01,令和 7年12月19日,令和 7年総務常任委員会（12月19日）,副委員長,松野優也,M016
R071219B01,令和 7年12月19日,令和 7年総務常任委員会（12月19日）,委員,今竹大祐,M003
R071219B01,令和 7年12月19日,令和 7年総務常任委員会（12月19日）,委員,坂本まり,M008
R071219B01,令和 7年12月19日,令和 7年総務常任委員会（12月19日）,委員,北野誠一郎,M007
R071219B01,令和 7年12月19日,令和 7年総務常任委員会（12月19日）,委員,森秀樹,M017
R071219B02,令和 7年12月19日,令和 7年文教厚生常任委員会（12月19日）,委員長,迫川高行,M009
R071219B02,令和 7年12月19日,令和 7年文教厚生常任委員会（12月19日）,委員,鈴木利信,M012
R071219B02,令和 7年12月19日,令和 7年文教厚生常任委員会（12月19日）,副委員長,入江啓太,M002
R071219B02,令和 7年12月19日,令和 7年文教厚生常任委員会（12月19日）,委員,島津明香,M011
R071219B02,令和 7年12月19日,令和 7年文教厚生常任委員会（12月19日）,委員,大西由紀,M005
R071219B02,令和 7年12月19日,令和 7年文教厚生常任委員会（12月19日）,委員,鷹尾治久,M013
R071219B07,令和 7年12月19日,令和 7年行政課題等調査検討特別委員会（12月19日）,委員長,北野誠一郎,M007
R071219B07,令和 7年12月19日,令和 7年行政課題等調査検討特別委員会（12月19日）,委員,石崎徹,M001
R071219B07,令和 7年12月19日,令和 7年行政課題等調査検討特別委員会（12月19日）,副委員長,藤森誠,M015
R071219B07,令和 7年12月19日,令和 7年行政課題等調査検討特別委員会（12月19日）,委員,今竹大祐,M003
R071219B07,令和 7年12月19日,令和 7年行政課題等調査検討特別委員会（12月19日）,委員,松野優也,M016
R071219B07,令和 7年12月19日,令和 7年行政課題等調査検討特別委員会（12月19日）,委員,森秀樹,M017
R071219B07,令和 7年12月19日,令和 7年行政課題等調査検討特別委員会（12月19日）,委員,坂本まり,M008
R071222B04,令和 7年12月22日,令和 7年議会運営委員会（12月22日）,委員長,島津明香,M011
R071222B04,令和 7年12月22日,令和 7年議会運営委員会（12月22日）,委員,迫川高行,M009
R071222B04,令和 7年12月22日,令和 7年議会運営委員会（12月22日）,副委員長,山田光昭,M018
R071222B04,令和 7年12月22日,令和 7年議会運営委員会（12月22日）,委員,坂本まり,M008
R071222B04,令和 7年12月22日,令和 7年議会運営委員会（12月22日）,委員,北野誠一郎,M007
R071222B04,令和 7年12月22日,令和 7年議会運営委員会（12月22日）,委員,鷹尾治久,M013
R071222B04,令和 7年12月22日,令和 7年議会運営委員会（12月22日）,委員,今竹大祐,M003
R071222B04,令和 7年12月22日,令和 7年議会運営委員会（12月22日）,議長,川端宏明,M006
R071222B04,令和 7年12月22日,令和 7年議会運営委員会（12月22日）,副議長,森秀樹,M017
R080108B04,令和 8年 1月 8日,令和 8年議会運営委員会（ 1月 8日）,委員長,島津明香,M011
R080108B04,令和 8年 1月 8日,令和 8年議会運営委員会（ 1月 8日）,委員,迫川高行,M009
R080108B04,令和 8年 1月 8日,令和 8年議会運営委員会（ 1月 8日）,副委員長,山田光昭,M018
R080108B04,令和 8年 1月 8日,令和 8年議会運営委員会（ 1月 8日）,委員,坂本まり,M008
R080108B04,令和 8年 1月 8日,令和 8年議会運営委員会（ 1月 8日）,委員,北野誠一郎,M007
R080108B04,令和 8年 1月 8日,令和 8年議会運営委員会（ 1月 8日）,委員,鷹尾治久,M013
R080108B04,令和 8年 1月 8日,令和 8年議会運営委員会（ 1月 8日）,委員,今竹大祐,M003
R080108B04,令和 8年 1月 8日,令和 8年議会運営委員会（ 1月 8日）,議長,川端宏明,M006
R080108B04,令和 8年 1月 8日,令和 8年議会運営委員会（ 1月 8日）,副議長,森秀樹,M017
R080114B04,令和 8年 1月14日,令和 8年議会運営委員会（ 1月14日）,委員長,島津明香,M011
R080114B04,令和 8年 1月14日,令和 8年議会運営委員会（ 1月14日）,委員,迫川高行,M009
R080114B04,令和 8年 1月14日,令和 8年議会運営委員会（ 1月14日）,副委員長,山田光昭,M018
R080114B04,令和 8年 1月14日,令和 8年議会運営委員会（ 1月14日）,委員,坂本まり,M008
R080114B04,令和 8年 1月14日,令和 8年議会運営委員会（ 1月14日）,委員,北野誠一郎,M007
R080114B04,令和 8年 1月14日,令和 8年議会運営委員会（ 1月14日）,委員,鷹尾治久,M013
R080114B04,令和 8年 1月14日,令和 8年議会運営委員会（ 1月14日）,委員,今竹大祐,M003
R080114B04,令和 8年 1月14日,令和 8年議会運営委員会（ 1月14日）,議長,川端宏明,M006
R080114B04,令和 8年 1月14日,令和 8年議会運営委員会（ 1月14日）,副議長,森秀樹,M017
R080116B01,令和 8年 1月16日,令和 8年総務常任委員会（ 1月16日）,委員長,岩見明,M004
R080116B01,令和 8年 1月16日,令和 8年総務常任委員会（ 1月16日）,委員,芝本鎮彰,M010
R080116B01,令和 8年 1月16日,令和 8年総務常任委員会（ 1月16日）,副委員長,森秀樹,M017
R080116B01,令和 8年 1月16日,令和 8年総務常任委員会（ 1月16日）,委員,今竹大祐,M003
R080116B01,令和 8年 1月16日,令和 8年総務常任委員会（ 1月16日）,委員,坂本まり,M008
R080116B01,令和 8年 1月16日,令和 8年総務常任委員会（ 1月16日）,委員,北野誠一郎,M007
R080116B02,令和 8年 1月16日,令和 8年文教厚生常任委員会（ 1月16日）,委員長,迫川高行,M009
R080116B02,令和 8年 1月16日,令和 8年文教厚生常任委員会（ 1月16日）,委員,鈴木利信,M012
R080116B02,令和 8年 1月16日,令和 8年文教厚生常任委員会（ 1月16日）,副委員長,入江啓太,M002
R080116B02,令和 8年 1月16日,令和 8年文教厚生常任委員会（ 1月16日）,委員,島津明香,M011
R080116B02,令和 8年 1月16日,令和 8年文教厚生常任委員会（ 1月16日）,委員,大西由紀,M005
R080116B02,令和 8年 1月16日,令和 8年文教厚生常任委員会（ 1月16日）,委員,鷹尾治久,M013
R080116B03,令和 8年 1月16日,令和 8年建設環境経済常任委員会（ 1月16日）,委員長,山田光昭,M018
R080116B03,令和 8年 1月16日,令和 8年建設環境経済常任委員会（ 1月16日）,委員,藤森誠,M015
R080116B03,令和 8年 1月16日,令和 8年建設環境経済常任委員会（ 1月16日）,副委員長,春増勝利,M014
R080116B03,令和 8年 1月16日,令和 8年建設環境経済常任委員会（ 1月16日）,委員,川端宏明,M006
R080116B03,令和 8年 1月16日,令和 8年建設環境経済常任委員会（ 1月16日）,委員,横田英樹,M019
R080116B03,令和 8年 1月16日,令和 8年建設環境経済常任委員会（ 1月16日）,委員,石崎徹,M001
R080126B02,令和 8年 1月26日,令和 8年文教厚生常任委員会（ 1月26日）,委員長,迫川高行,M009
R080126B02,令和 8年 1月26日,令和 8年文教厚生常任委員会（ 1月26日）,委員,鈴木利信,M012
R080126B02,令和 8年 1月26日,令和 8年文教厚生常任委員会（ 1月26日）,副委員長,入江啓太,M002
R080126B02,令和 8年 1月26日,令和 8年文教厚生常任委員会（ 1月26日）,委員,島津明香,M011
R080126B02,令和 8年 1月26日,令和 8年文教厚生常任委員会（ 1月26日）,委員,大西由紀,M005
R080126B02,令和 8年 1月26日,令和 8年文教厚生常任委員会（ 1月26日）,委員,鷹尾治久,M013
R080126B07,令和 8年 1月26日,令和 8年行政課題等調査検討特別委員会（ 1月26日）,委員長,北野誠一郎,M007
R080126B07,令和 8年 1月26日,令和 8年行政課題等調査検討特別委員会（ 1月26日）,委員,石崎徹,M001
R080126B07,令和 8年 1月26日,令和 8年行政課題等調査検討特別委員会（ 1月26日）,副委員長,藤森誠,M015
R080126B07,令和 8年 1月26日,令和 8年行政課題等調査検討特別委員会（ 1月26日）,委員,今竹大祐,M003
R080126B07,令和 8年 1月26日,令和 8年行政課題等調査検討特別委員会（ 1月26日）,委員,坂本まり,M008
R080126B07,令和 8年 1月26日,令和 8年行政課題等調査検討特別委員会（ 1月26日）,委員,森秀樹,M017
R080127B03,令和 8年 1月27日,令和 8年建設環境経済常任委員会（ 1月27日）,委員長,山田光昭,M018
R080127B03,令和 8年 1月27日,令和 8年建設環境経済常任委員会（ 1月27日）,委員,藤森誠,M015
R080127B03,令和 8年 1月27日,令和 8年建設環境経済常任委員会（ 1月27日）,副委員長,春増勝利,M014
R080127B03,令和 8年 1月27日,令和 8年建設環境経済常任委員会（ 1月27日）,委員,川端宏明,M006
R080127B03,令和 8年 1月27日,令和 8年建設環境経済常任委員会（ 1月27日）,委員,横田英樹,M019
R080127B03,令和 8年 1月27日,令和 8年建設環境経済常任委員会（ 1月27日）,委員,石崎徹,M001
R080128B04,令和 8年 1月28日,令和 8年議会運営委員会（ 1月28日）,委員長,島津明香,M011
R080128B04,令和 8年 1月28日,令和 8年議会運営委員会（ 1月28日）,委員,迫川高行,M009
R080128B04,令和 8年 1月28日,令和 8年議会運営委員会（ 1月28日）,副委員長,山田光昭,M018
R080128B04,令和 8年 1月28日,令和 8年議会運営委員会（ 1月28日）,委員,坂本まり,M008
R080128B04,令和 8年 1月28日,令和 8年議会運営委員会（ 1月28日）,委員,北野誠一郎,M007
R080128B04,令和 8年 1月28日,令和 8年議会運営委員会（ 1月28日）,委員,鷹尾治久,M013
R080128B04,令和 8年 1月28日,令和 8年議会運営委員会（ 1月28日）,委員,今竹大祐,M003
R080128B04,令和 8年 1月28日,令和 8年議会運営委員会（ 1月28日）,議長,川端宏明,M006
R080128B04,令和 8年 1月28日,令和 8年議会運営委員会（ 1月28日）,副議長,森秀樹,M017
R080202B04,令和 8年 2月 2日,令和 8年議会運営委員会（ 2月 2日）,委員長,島津明香,M011
R080202B04,令和 8年 2月 2日,令和 8年議会運営委員会（ 2月 2日）,委員,迫川高行,M009
R080202B04,令和 8年 2月 2日,令和 8年議会運営委員会（ 2月 2日）,副委員長,山田光昭,M018
R080202B04,令和 8年 2月 2日,令和 8年議会運営委員会（ 2月 2日）,委員,坂本まり,M008
R080202B04,令和 8年 2月 2日,令和 8年議会運営委員会（ 2月 2日）,委員,北野誠一郎,M007
R080202B04,令和 8年 2月 2日,令和 8年議会運営委員会（ 2月 2日）,委員,鷹尾治久,M013
R080202B04,令和 8年 2月 2日,令和 8年議会運営委員会（ 2月 2日）,委員,今竹大祐,M003
R080202B04,令和 8年 2月 2日,令和 8年議会運営委員会（ 2月 2日）,議長,川端宏明,M006
R080202B04,令和 8年 2月 2日,令和 8年議会運営委員会（ 2月 2日）,副議長,森秀樹,M017
R080205B04,令和 8年 2月 5日,令和 8年議会運営委員会（ 2月 5日）,委員長,島津明香,M011
R080205B04,令和 8年 2月 5日,令和 8年議会運営委員会（ 2月 5日）,委員,迫川高行,M009
R080205B04,令和 8年 2月 5日,令和 8年議会運営委員会（ 2月 5日）,副委員長,山田光昭,M018
R080205B04,令和 8年 2月 5日,令和 8年議会運営委員会（ 2月 5日）,委員,横田英樹,M019
R080205B04,令和 8年 2月 5日,令和 8年議会運営委員会（ 2月 5日）,委員,北野誠一郎,M007
R080205B04,令和 8年 2月 5日,令和 8年議会運営委員会（ 2月 5日）,委員,鷹尾治久,M013
R080205B04,令和 8年 2月 5日,令和 8年議会運営委員会（ 2月 5日）,委員,今竹大祐,M003
R080205B04,令和 8年 2月 5日,令和 8年議会運営委員会（ 2月 5日）,議長,川端宏明,M006
R080205B04,令和 8年 2月 5日,令和 8年議会運営委員会（ 2月 5日）,副議長,森秀樹,M017
R080213B04,令和 8年 2月13日,令和 8年議会運営委員会（ 2月13日）,委員長,島津明香,M011
R080213B04,令和 8年 2月13日,令和 8年議会運営委員会（ 2月13日）,委員,迫川高行,M009
R080213B04,令和 8年 2月13日,令和 8年議会運営委員会（ 2月13日）,副委員長,山田光昭,M018
R080213B04,令和 8年 2月13日,令和 8年議会運営委員会（ 2月13日）,委員,坂本まり,M008
R080213B04,令和 8年 2月13日,令和 8年議会運営委員会（ 2月13日）,委員,北野誠一郎,M007
R080213B04,令和 8年 2月13日,令和 8年議会運営委員会（ 2月13日）,委員,鷹尾治久,M013
R080213B04,令和 8年 2月13日,令和 8年議会運営委員会（ 2月13日）,委員,今竹大祐,M003
R080213B04,令和 8年 2月13日,令和 8年議会運営委員会（ 2月13日）,議長,川端宏明,M006
R080213B04,令和 8年 2月13日,令和 8年議会運営委員会（ 2月13日）,副議長,森秀樹,M017
R080224B04,令和 8年 2月24日,令和 8年議会運営委員会（ 2月24日）,委員長,島津明香,M011
R080224B04,令和 8年 2月24日,令和 8年議会運営委員会（ 2月24日）,委員,迫川高行,M009
R080224B04,令和 8年 2月24日,令和 8年議会運営委員会（ 2月24日）,副委員長,山田光昭,M018
R080224B04,令和 8年 2月24日,令和 8年議会運営委員会（ 2月24日）,委員,坂本まり,M008
R080224B04,令和 8年 2月24日,令和 8年議会運営委員会（ 2月24日）,委員,北野誠一郎,M007
R080224B04,令和 8年 2月24日,令和 8年議会運営委員会（ 2月24日）,委員,鷹尾治久,M013
R080224B04,令和 8年 2月24日,令和 8年議会運営委員会（ 2月24日）,委員,今竹大祐,M003
R080224B04,令和 8年 2月24日,令和 8年議会運営委員会（ 2月24日）,議長,川端宏明,M006
R080224B04,令和 8年 2月24日,令和 8年議会運営委員会（ 2月24日）,副議長,森秀樹,M017
R080226B04,令和 8年 2月26日,令和 8年議会運営委員会（ 2月26日）,委員長,島津明香,M011
R080226B04,令和 8年 2月26日,令和 8年議会運営委員会（ 2月26日）,委員,迫川高行,M009
R080226B04,令和 8年 2月26日,令和 8年議会運営委員会（ 2月26日）,副委員長,山田光昭,M018
R080226B04,令和 8年 2月26日,令和 8年議会運営委員会（ 2月26日）,委員,坂本まり,M008
R080226B04,令和 8年 2月26日,令和 8年議会運営委員会（ 2月26日）,委員,北野誠一郎,M007
R080226B04,令和 8年 2月26日,令和 8年議会運営委員会（ 2月26日）,委員,鷹尾治久,M013
R080226B04,令和 8年 2月26日,令和 8年議会運営委員会（ 2月26日）,委員,今竹大祐,M003
R080226B04,令和 8年 2月26日,令和 8年議会運営委員会（ 2月26日）,議長,川端宏明,M006
R080226B04,令和 8年 2月26日,令和 8年議会運営委員会（ 2月26日）,副議長,森秀樹,M017
R080227B01,令和 8年 2月27日,令和 8年総務常任委員会（ 2月27日）,委員長,岩見明,M004
R080227B01,令和 8年 2月27日,令和 8年総務常任委員会（ 2月27日）,委員,芝本鎮彰,M010
R080227B01,令和 8年 2月27日,令和 8年総務常任委員会（ 2月27日）,副委員長,森秀樹,M017
R080227B01,令和 8年 2月27日,令和 8年総務常任委員会（ 2月27日）,委員,今竹大祐,M003
R080227B01,令和 8年 2月27日,令和 8年総務常任委員会（ 2月27日）,委員,坂本まり,M008
R080227B01,令和 8年 2月27日,令和 8年総務常任委員会（ 2月27日）,委員,北野誠一郎,M007
R080227B01,令和 8年 2月27日,令和 8年総務常任委員会（ 2月27日）,委員,松野優也,M016
R080227B02,令和 8年 2月27日,令和 8年文教厚生常任委員会（ 2月27日）,委員長,迫川高行,M009
R080227B02,令和 8年 2月27日,令和 8年文教厚生常任委員会（ 2月27日）,委員,鈴木利信,M012
R080227B02,令和 8年 2月27日,令和 8年文教厚生常任委員会（ 2月27日）,副委員長,入江啓太,M002
R080227B02,令和 8年 2月27日,令和 8年文教厚生常任委員会（ 2月27日）,委員,島津明香,M011
R080227B02,令和 8年 2月27日,令和 8年文教厚生常任委員会（ 2月27日）,委員,大西由紀,M005
R080227B02,令和 8年 2月27日,令和 8年文教厚生常任委員会（ 2月27日）,委員,鷹尾治久,M013
R080227B03,令和 8年 2月27日,令和 8年建設環境経済常任委員会（ 2月27日）,委員長,山田光昭,M018
R080227B03,令和 8年 2月27日,令和 8年建設環境経済常任委員会（ 2月27日）,委員,藤森誠,M015
R080227B03,令和 8年 2月27日,令和 8年建設環境経済常任委員会（ 2月27日）,副委員長,春増勝利,M014
R080227B03,令和 8年 2月27日,令和 8年建設環境経済常任委員会（ 2月27日）,委員,川端宏明,M006
R080227B03,令和 8年 2月27日,令和 8年建設環境経済常任委員会（ 2月27日）,委員,横田英樹,M019
R080227B03,令和 8年 2月27日,令和 8年建設環境経済常任委員会（ 2月27日）,委員,石崎徹,M001
R080302B01,令和 8年 3月 2日,令和 8年総務常任委員会（ 3月 2日）,委員長,岩見明,M004
R080302B01,令和 8年 3月 2日,令和 8年総務常任委員会（ 3月 2日）,委員,芝本鎮彰,M010
R080302B01,令和 8年 3月 2日,令和 8年総務常任委員会（ 3月 2日）,副委員長,森秀樹,M017
R080302B01,令和 8年 3月 2日,令和 8年総務常任委員会（ 3月 2日）,委員,今竹大祐,M003
R080302B01,令和 8年 3月 2日,令和 8年総務常任委員会（ 3月 2日）,委員,坂本まり,M008
R080302B01,令和 8年 3月 2日,令和 8年総務常任委員会（ 3月 2日）,委員,北野誠一郎,M007
R080302B01,令和 8年 3月 2日,令和 8年総務常任委員会（ 3月 2日）,委員,松野優也,M016
R080302B04,令和 8年 3月 2日,令和 8年議会運営委員会（ 3月 2日）,委員長,島津明香,M011
R080302B04,令和 8年 3月 2日,令和 8年議会運営委員会（ 3月 2日）,委員,迫川高行,M009
R080302B04,令和 8年 3月 2日,令和 8年議会運営委員会（ 3月 2日）,副委員長,山田光昭,M018
R080302B04,令和 8年 3月 2日,令和 8年議会運営委員会（ 3月 2日）,委員,坂本まり,M008
R080302B04,令和 8年 3月 2日,令和 8年議会運営委員会（ 3月 2日）,委員,北野誠一郎,M007
R080302B04,令和 8年 3月 2日,令和 8年議会運営委員会（ 3月 2日）,委員,鷹尾治久,M013
R080302B04,令和 8年 3月 2日,令和 8年議会運営委員会（ 3月 2日）,委員,今竹大祐,M003
R080302B04,令和 8年 3月 2日,令和 8年議会運営委員会（ 3月 2日）,議長,川端宏明,M006
R080302B04,令和 8年 3月 2日,令和 8年議会運営委員会（ 3月 2日）,副議長,森秀樹,M017
R080304B01,令和 8年 3月 4日,令和 8年総務常任委員会（ 3月 4日）,委員長,岩見明,M004
R080304B01,令和 8年 3月 4日,令和 8年総務常任委員会（ 3月 4日）,委員,芝本鎮彰,M010
R080304B01,令和 8年 3月 4日,令和 8年総務常任委員会（ 3月 4日）,副委員長,森秀樹,M017
R080304B01,令和 8年 3月 4日,令和 8年総務常任委員会（ 3月 4日）,委員,今竹大祐,M003
R080304B01,令和 8年 3月 4日,令和 8年総務常任委員会（ 3月 4日）,委員,坂本まり,M008
R080304B01,令和 8年 3月 4日,令和 8年総務常任委員会（ 3月 4日）,委員,北野誠一郎,M007
R080304B01,令和 8年 3月 4日,令和 8年総務常任委員会（ 3月 4日）,委員,松野優也,M016
R080305B04,令和 8年 3月 5日,令和 8年議会運営委員会（ 3月 5日）,委員長,島津明香,M011
R080305B04,令和 8年 3月 5日,令和 8年議会運営委員会（ 3月 5日）,委員,迫川高行,M009
R080305B04,令和 8年 3月 5日,令和 8年議会運営委員会（ 3月 5日）,副委員長,山田光昭,M018
R080305B04,令和 8年 3月 5日,令和 8年議会運営委員会（ 3月 5日）,委員,坂本まり,M008
R080305B04,令和 8年 3月 5日,令和 8年議会運営委員会（ 3月 5日）,委員,北野誠一郎,M007
R080305B04,令和 8年 3月 5日,令和 8年議会運営委員会（ 3月 5日）,委員,鷹尾治久,M013
R080305B04,令和 8年 3月 5日,令和 8年議会運営委員会（ 3月 5日）,委員,今竹大祐,M003
R080305B04,令和 8年 3月 5日,令和 8年議会運営委員会（ 3月 5日）,議長,川端宏明,M006
R080305B04,令和 8年 3月 5日,令和 8年議会運営委員会（ 3月 5日）,副議長,森秀樹,M017
R080309B04,令和 8年 3月 9日,令和 8年議会運営委員会（ 3月 9日）,委員長,島津明香,M011
R080309B04,令和 8年 3月 9日,令和 8年議会運営委員会（ 3月 9日）,委員,迫川高行,M009
R080309B04,令和 8年 3月 9日,令和 8年議会運営委員会（ 3月 9日）,副委員長,山田光昭,M018
R080309B04,令和 8年 3月 9日,令和 8年議会運営委員会（ 3月 9日）,委員,坂本まり,M008
R080309B04,令和 8年 3月 9日,令和 8年議会運営委員会（ 3月 9日）,委員,北野誠一郎,M007
R080309B04,令和 8年 3月 9日,令和 8年議会運営委員会（ 3月 9日）,委員,鷹尾治久,M013
R080309B04,令和 8年 3月 9日,令和 8年議会運営委員会（ 3月 9日）,委員,今竹大祐,M003
R080309B04,令和 8年 3月 9日,令和 8年議会運営委員会（ 3月 9日）,議長,川端宏明,M006
R080309B04,令和 8年 3月 9日,令和 8年議会運営委員会（ 3月 9日）,副議長,森秀樹,M017
R080310B04,令和 8年 3月10日,令和 8年議会運営委員会（ 3月10日）,委員長,島津明香,M011
R080310B04,令和 8年 3月10日,令和 8年議会運営委員会（ 3月10日）,委員,迫川高行,M009
R080310B04,令和 8年 3月10日,令和 8年議会運営委員会（ 3月10日）,副委員長,山田光昭,M018
R080310B04,令和 8年 3月10日,令和 8年議会運営委員会（ 3月10日）,委員,坂本まり,M008
R080310B04,令和 8年 3月10日,令和 8年議会運営委員会（ 3月10日）,委員,北野誠一郎,M007
R080310B04,令和 8年 3月10日,令和 8年議会運営委員会（ 3月10日）,委員,鷹尾治久,M013
R080310B04,令和 8年 3月10日,令和 8年議会運営委員会（ 3月10日）,委員,今竹大祐,M003
R080310B04,令和 8年 3月10日,令和 8年議会運営委員会（ 3月10日）,議長,川端宏明,M006
R080310B04,令和 8年 3月10日,令和 8年議会運営委員会（ 3月10日）,副議長,森秀樹,M017
R080311B04,令和 8年 3月11日,令和 8年議会運営委員会（ 3月11日）,委員長,島津明香,M011
R080311B04,令和 8年 3月11日,令和 8年議会運営委員会（ 3月11日）,委員,迫川高行,M009
R080311B04,令和 8年 3月11日,令和 8年議会運営委員会（ 3月11日）,副委員長,山田光昭,M018
R080311B04,令和 8年 3月11日,令和 8年議会運営委員会（ 3月11日）,委員,坂本まり,M008
R080311B04,令和 8年 3月11日,令和 8年議会運営委員会（ 3月11日）,委員,北野誠一郎,M007
R080311B04,令和 8年 3月11日,令和 8年議会運営委員会（ 3月11日）,委員,鷹尾治久,M013
R080311B04,令和 8年 3月11日,令和 8年議会運営委員会（ 3月11日）,委員,今竹大祐,M003
R080311B04,令和 8年 3月11日,令和 8年議会運営委員会（ 3月11日）,議長,川端宏明,M006
R080311B04,令和 8年 3月11日,令和 8年議会運営委員会（ 3月11日）,副議長,森秀樹,M017
R080313B04,令和 8年 3月13日,令和 8年議会運営委員会（ 3月13日）,委員長,島津明香,M011
R080313B04,令和 8年 3月13日,令和 8年議会運営委員会（ 3月13日）,委員,迫川高行,M009
R080313B04,令和 8年 3月13日,令和 8年議会運営委員会（ 3月13日）,副委員長,山田光昭,M018
R080313B04,令和 8年 3月13日,令和 8年議会運営委員会（ 3月13日）,委員,坂本まり,M008
R080313B04,令和 8年 3月13日,令和 8年議会運営委員会（ 3月13日）,委員,北野誠一郎,M007
R080313B04,令和 8年 3月13日,令和 8年議会運営委員会（ 3月13日）,委員,鷹尾治久,M013
R080313B04,令和 8年 3月13日,令和 8年議会運営委員会（ 3月13日）,委員,今竹大祐,M003
R080313B04,令和 8年 3月13日,令和 8年議会運営委員会（ 3月13日）,議長,川端宏明,M006
R080313B04,令和 8年 3月13日,令和 8年議会運営委員会（ 3月13日）,副議長,森秀樹,M017
R080318B01,令和 8年 3月18日,令和 8年総務常任委員会（ 3月18日）,委員長,岩見明,M004
R080318B01,令和 8年 3月18日,令和 8年総務常任委員会（ 3月18日）,委員,芝本鎮彰,M010
R080318B01,令和 8年 3月18日,令和 8年総務常任委員会（ 3月18日）,副委員長,森秀樹,M017
R080318B01,令和 8年 3月18日,令和 8年総務常任委員会（ 3月18日）,委員,今竹大祐,M003
R080318B01,令和 8年 3月18日,令和 8年総務常任委員会（ 3月18日）,委員,坂本まり,M008
R080318B01,令和 8年 3月18日,令和 8年総務常任委員会（ 3月18日）,委員,北野誠一郎,M007
R080318B01,令和 8年 3月18日,令和 8年総務常任委員会（ 3月18日）,委員,松野優也,M016
R080318B03,令和 8年 3月18日,令和 8年建設環境経済常任委員会（ 3月18日）,委員長,山田光昭,M018
R080318B03,令和 8年 3月18日,令和 8年建設環境経済常任委員会（ 3月18日）,委員,藤森誠,M015
R080318B03,令和 8年 3月18日,令和 8年建設環境経済常任委員会（ 3月18日）,副委員長,春増勝利,M014
R080318B03,令和 8年 3月18日,令和 8年建設環境経済常任委員会（ 3月18日）,委員,川端宏明,M006
R080318B03,令和 8年 3月18日,令和 8年建設環境経済常任委員会（ 3月18日）,委員,横田英樹,M019
R080318B03,令和 8年 3月18日,令和 8年建設環境経済常任委員会（ 3月18日）,委員,石崎徹,M001
R080318B07,令和 8年 3月18日,令和 8年行政課題等調査検討特別委員会（ 3月18日）,委員長,北野誠一郎,M007
R080318B07,令和 8年 3月18日,令和 8年行政課題等調査検討特別委員会（ 3月18日）,委員,石崎徹,M001
R080318B07,令和 8年 3月18日,令和 8年行政課題等調査検討特別委員会（ 3月18日）,副委員長,藤森誠,M015
R080318B07,令和 8年 3月18日,令和 8年行政課題等調査検討特別委員会（ 3月18日）,委員,今竹大祐,M003
R080318B07,令和 8年 3月18日,令和 8年行政課題等調査検討特別委員会（ 3月18日）,委員,松野優也,M016
R080318B07,令和 8年 3月18日,令和 8年行政課題等調査検討特別委員会（ 3月18日）,委員,森秀樹,M017
R080318B07,令和 8年 3月18日,令和 8年行政課題等調査検討特別委員会（ 3月18日）,委員,坂本まり,M008
R080319B02,令和 8年 3月19日,令和 8年文教厚生常任委員会（ 3月19日）,委員長,迫川高行,M009
R080319B02,令和 8年 3月19日,令和 8年文教厚生常任委員会（ 3月19日）,委員,鈴木利信,M012
R080319B02,令和 8年 3月19日,令和 8年文教厚生常任委員会（ 3月19日）,副委員長,入江啓太,M002
R080319B02,令和 8年 3月19日,令和 8年文教厚生常任委員会（ 3月19日）,委員,島津明香,M011
R080319B02,令和 8年 3月19日,令和 8年文教厚生常任委員会（ 3月19日）,委員,大西由紀,M005
R080319B02,令和 8年 3月19日,令和 8年文教厚生常任委員会（ 3月19日）,委員,鷹尾治久,M013
R080319B03,令和 8年 3月19日,令和 8年建設環境経済常任委員会（ 3月19日）,委員長,山田光昭,M018
R080319B03,令和 8年 3月19日,令和 8年建設環境経済常任委員会（ 3月19日）,委員,藤森誠,M015
R080319B03,令和 8年 3月19日,令和 8年建設環境経済常任委員会（ 3月19日）,副委員長,春増勝利,M014
R080319B03,令和 8年 3月19日,令和 8年建設環境経済常任委員会（ 3月19日）,委員,川端宏明,M006
R080319B03,令和 8年 3月19日,令和 8年建設環境経済常任委員会（ 3月19日）,委員,横田英樹,M019
R080319B03,令和 8年 3月19日,令和 8年建設環境経済常任委員会（ 3月19日）,委員,石崎徹,M001
R080323B02,令和 8年 3月23日,令和 8年文教厚生常任委員会（ 3月23日）,委員長,迫川高行,M009
R080323B02,令和 8年 3月23日,令和 8年文教厚生常任委員会（ 3月23日）,委員,鈴木利信,M012
R080323B02,令和 8年 3月23日,令和 8年文教厚生常任委員会（ 3月23日）,副委員長,入江啓太,M002
R080323B02,令和 8年 3月23日,令和 8年文教厚生常任委員会（ 3月23日）,委員,島津明香,M011
R080323B02,令和 8年 3月23日,令和 8年文教厚生常任委員会（ 3月23日）,委員,大西由紀,M005
R080323B02,令和 8年 3月23日,令和 8年文教厚生常任委員会（ 3月23日）,委員,鷹尾治久,M013
R080324B02,令和 8年 3月24日,令和 8年文教厚生常任委員会（ 3月24日）,委員長,迫川高行,M009
R080324B02,令和 8年 3月24日,令和 8年文教厚生常任委員会（ 3月24日）,委員,鈴木利信,M012
R080324B02,令和 8年 3月24日,令和 8年文教厚生常任委員会（ 3月24日）,副委員長,入江啓太,M002
R080324B02,令和 8年 3月24日,令和 8年文教厚生常任委員会（ 3月24日）,委員,島津明香,M011
R080324B02,令和 8年 3月24日,令和 8年文教厚生常任委員会（ 3月24日）,委員,大西由紀,M005
R080324B02,令和 8年 3月24日,令和 8年文教厚生常任委員会（ 3月24日）,委員,鷹尾治久,M013
R080326B04,令和 8年 3月26日,令和 8年議会運営委員会（ 3月26日）,委員長,島津明香,M011
R080326B04,令和 8年 3月26日,令和 8年議会運営委員会（ 3月26日）,委員,迫川高行,M009
R080326B04,令和 8年 3月26日,令和 8年議会運営委員会（ 3月26日）,副委員長,山田光昭,M018
R080326B04,令和 8年 3月26日,令和 8年議会運営委員会（ 3月26日）,委員,坂本まり,M008
R080326B04,令和 8年 3月26日,令和 8年議会運営委員会（ 3月26日）,委員,北野誠一郎,M007
R080326B04,令和 8年 3月26日,令和 8年議会運営委員会（ 3月26日）,委員,鷹尾治久,M013
R080326B04,令和 8年 3月26日,令和 8年議会運営委員会（ 3月26日）,委員,今竹大祐,M003
R080326B04,令和 8年 3月26日,令和 8年議会運営委員会（ 3月26日）,議長,川端宏明,M006
R080326B04,令和 8年 3月26日,令和 8年議会運営委員会（ 3月26日）,副議長,森秀樹,M017
R080415B04,令和 8年 4月15日,令和 8年議会運営委員会（ 4月15日）,委員長,島津明香,M011
R080415B04,令和 8年 4月15日,令和 8年議会運営委員会（ 4月15日）,委員,迫川高行,M009
R080415B04,令和 8年 4月15日,令和 8年議会運営委員会（ 4月15日）,副委員長,山田光昭,M018
R080415B04,令和 8年 4月15日,令和 8年議会運営委員会（ 4月15日）,委員,坂本まり,M008
R080415B04,令和 8年 4月15日,令和 8年議会運営委員会（ 4月15日）,委員,北野誠一郎,M007
R080415B04,令和 8年 4月15日,令和 8年議会運営委員会（ 4月15日）,委員,鷹尾治久,M013
R080415B04,令和 8年 4月15日,令和 8年議会運営委員会（ 4月15日）,委員,今竹大祐,M003
R080415B04,令和 8年 4月15日,令和 8年議会運営委員会（ 4月15日）,議長,川端宏明,M006
R080415B04,令和 8年 4月15日,令和 8年議会運営委員会（ 4月15日）,副議長,森秀樹,M017
R080423B02,令和 8年 4月23日,令和 8年文教厚生常任委員会（ 4月23日）,委員長,迫川高行,M009
R080423B02,令和 8年 4月23日,令和 8年文教厚生常任委員会（ 4月23日）,委員,鈴木利信,M012
R080423B02,令和 8年 4月23日,令和 8年文教厚生常任委員会（ 4月23日）,副委員長,入江啓太,M002
R080423B02,令和 8年 4月23日,令和 8年文教厚生常任委員会（ 4月23日）,委員,島津明香,M011
R080423B02,令和 8年 4月23日,令和 8年文教厚生常任委員会（ 4月23日）,委員,大西由紀,M005
R080423B02,令和 8年 4月23日,令和 8年文教厚生常任委員会（ 4月23日）,委員,鷹尾治久,M013
R080512B04,令和 8年 5月12日,令和 8年議会運営委員会（ 5月12日）,委員長,島津明香,M011
R080512B04,令和 8年 5月12日,令和 8年議会運営委員会（ 5月12日）,委員,迫川高行,M009
R080512B04,令和 8年 5月12日,令和 8年議会運営委員会（ 5月12日）,副委員長,山田光昭,M018
R080512B04,令和 8年 5月12日,令和 8年議会運営委員会（ 5月12日）,委員,坂本まり,M008
R080512B04,令和 8年 5月12日,令和 8年議会運営委員会（ 5月12日）,委員,北野誠一郎,M007
R080512B04,令和 8年 5月12日,令和 8年議会運営委員会（ 5月12日）,委員,鷹尾治久,M013
R080512B04,令和 8年 5月12日,令和 8年議会運営委員会（ 5月12日）,委員,今竹大祐,M003
R080512B04,令和 8年 5月12日,令和 8年議会運営委員会（ 5月12日）,議長,川端宏明,M006
R080512B04,令和 8年 5月12日,令和 8年議会運営委員会（ 5月12日）,副議長,森秀樹,M017
R080519B04,令和 8年 5月19日,令和 8年議会運営委員会（ 5月19日）,委員長,島津明香,M011
R080519B04,令和 8年 5月19日,令和 8年議会運営委員会（ 5月19日）,委員,迫川高行,M009
R080519B04,令和 8年 5月19日,令和 8年議会運営委員会（ 5月19日）,副委員長,山田光昭,M018
R080519B04,令和 8年 5月19日,令和 8年議会運営委員会（ 5月19日）,委員,坂本まり,M008
R080519B04,令和 8年 5月19日,令和 8年議会運営委員会（ 5月19日）,委員,北野誠一郎,M007
R080519B04,令和 8年 5月19日,令和 8年議会運営委員会（ 5月19日）,委員,鷹尾治久,M013
R080519B04,令和 8年 5月19日,令和 8年議会運営委員会（ 5月19日）,委員,今竹大祐,M003
R080519B04,令和 8年 5月19日,令和 8年議会運営委員会（ 5月19日）,議長,川端宏明,M006
R080519B04,令和 8年 5月19日,令和 8年議会運営委員会（ 5月19日）,副議長,森秀樹,M017
R080526B02,令和 8年 5月26日,令和 8年文教厚生常任委員会（ 5月26日）,委員長,迫川高行,M009
R080526B02,令和 8年 5月26日,令和 8年文教厚生常任委員会（ 5月26日）,委員,鈴木利信,M012
R080526B02,令和 8年 5月26日,令和 8年文教厚生常任委員会（ 5月26日）,副委員長,入江啓太,M002
R080526B02,令和 8年 5月26日,令和 8年文教厚生常任委員会（ 5月26日）,委員,島津明香,M011
R080526B02,令和 8年 5月26日,令和 8年文教厚生常任委員会（ 5月26日）,委員,大西由紀,M005
R080526B02,令和 8年 5月26日,令和 8年文教厚生常任委員会（ 5月26日）,委員,鷹尾治久,M013
R080602B04,令和 8年 6月 2日,令和 8年議会運営委員会（ 6月 2日）,委員長,島津明香,M011
R080602B04,令和 8年 6月 2日,令和 8年議会運営委員会（ 6月 2日）,委員,迫川高行,M009
R080602B04,令和 8年 6月 2日,令和 8年議会運営委員会（ 6月 2日）,副委員長,山田光昭,M018
R080602B04,令和 8年 6月 2日,令和 8年議会運営委員会（ 6月 2日）,委員,坂本まり,M008
R080602B04,令和 8年 6月 2日,令和 8年議会運営委員会（ 6月 2日）,委員,北野誠一郎,M007
R080602B04,令和 8年 6月 2日,令和 8年議会運営委員会（ 6月 2日）,委員,鷹尾治久,M013
R080602B04,令和 8年 6月 2日,令和 8年議会運営委員会（ 6月 2日）,委員,今竹大祐,M003
R080602B04,令和 8年 6月 2日,令和 8年議会運営委員会（ 6月 2日）,議長,川端宏明,M006
R080602B04,令和 8年 6月 2日,令和 8年議会運営委員会（ 6月 2日）,副議長,森秀樹,M017
R080609B04,令和 8年 6月 9日,令和 8年議会運営委員会（ 6月 9日）,委員長,島津明香,M011
R080609B04,令和 8年 6月 9日,令和 8年議会運営委員会（ 6月 9日）,委員,迫川高行,M009
R080609B04,令和 8年 6月 9日,令和 8年議会運営委員会（ 6月 9日）,副委員長,山田光昭,M018
R080609B04,令和 8年 6月 9日,令和 8年議会運営委員会（ 6月 9日）,委員,坂本まり,M008
R080609B04,令和 8年 6月 9日,令和 8年議会運営委員会（ 6月 9日）,委員,北野誠一郎,M007
R080609B04,令和 8年 6月 9日,令和 8年議会運営委員会（ 6月 9日）,委員,鷹尾治久,M013
R080609B04,令和 8年 6月 9日,令和 8年議会運営委員会（ 6月 9日）,委員,今竹大祐,M003
R080609B04,令和 8年 6月 9日,令和 8年議会運営委員会（ 6月 9日）,議長,川端宏明,M006
R080609B04,令和 8年 6月 9日,令和 8年議会運営委員会（ 6月 9日）,副議長,森秀樹,M017
R080610B04,令和 8年 6月10日,令和 8年議会運営委員会（ 6月10日）,委員長,島津明香,M011
R080610B04,令和 8年 6月10日,令和 8年議会運営委員会（ 6月10日）,委員,迫川高行,M009
R080610B04,令和 8年 6月10日,令和 8年議会運営委員会（ 6月10日）,副委員長,山田光昭,M018
R080610B04,令和 8年 6月10日,令和 8年議会運営委員会（ 6月10日）,委員,坂本まり,M008
R080610B04,令和 8年 6月10日,令和 8年議会運営委員会（ 6月10日）,委員,北野誠一郎,M007
R080610B04,令和 8年 6月10日,令和 8年議会運営委員会（ 6月10日）,委員,鷹尾治久,M013
R080610B04,令和 8年 6月10日,令和 8年議会運営委員会（ 6月10日）,委員,今竹大祐,M003
R080610B04,令和 8年 6月10日,令和 8年議会運営委員会（ 6月10日）,議長,川端宏明,M006
R080610B04,令和 8年 6月10日,令和 8年議会運営委員会（ 6月10日）,副議長,森秀樹,M017
R080617B02,令和 8年 6月17日,令和 8年文教厚生常任委員会（ 6月17日）,委員長,迫川高行,M009
R080617B02,令和 8年 6月17日,令和 8年文教厚生常任委員会（ 6月17日）,委員,鈴木利信,M012
R080617B02,令和 8年 6月17日,令和 8年文教厚生常任委員会（ 6月17日）,副委員長,入江啓太,M002
R080617B02,令和 8年 6月17日,令和 8年文教厚生常任委員会（ 6月17日）,委員,島津明香,M011
R080617B02,令和 8年 6月17日,令和 8年文教厚生常任委員会（ 6月17日）,委員,大西由紀,M005
R080617B02,令和 8年 6月17日,令和 8年文教厚生常任委員会（ 6月17日）,委員,鷹尾治久,M013
R080618B02,令和 8年 6月18日,令和 8年文教厚生常任委員会（ 6月18日）,委員長,迫川高行,M009
R080618B02,令和 8年 6月18日,令和 8年文教厚生常任委員会（ 6月18日）,委員,鈴木利信,M012
R080618B02,令和 8年 6月18日,令和 8年文教厚生常任委員会（ 6月18日）,副委員長,入江啓太,M002
R080618B02,令和 8年 6月18日,令和 8年文教厚生常任委員会（ 6月18日）,委員,島津明香,M011
R080618B02,令和 8年 6月18日,令和 8年文教厚生常任委員会（ 6月18日）,委員,大西由紀,M005
R080618B02,令和 8年 6月18日,令和 8年文教厚生常任委員会（ 6月18日）,委員,鷹尾治久,M013
R080622B02,令和 8年 6月22日,令和 8年文教厚生常任委員会（ 6月22日）,委員長,迫川高行,M009
R080622B02,令和 8年 6月22日,令和 8年文教厚生常任委員会（ 6月22日）,委員,鈴木利信,M012
R080622B02,令和 8年 6月22日,令和 8年文教厚生常任委員会（ 6月22日）,副委員長,入江啓太,M002
R080622B02,令和 8年 6月22日,令和 8年文教厚生常任委員会（ 6月22日）,委員,島津明香,M011
R080622B02,令和 8年 6月22日,令和 8年文教厚生常任委員会（ 6月22日）,委員,大西由紀,M005
R080622B02,令和 8年 6月22日,令和 8年文教厚生常任委員会（ 6月22日）,委員,鷹尾治久,M013
R080622B04,令和 8年 6月22日,令和 8年議会運営委員会（ 6月22日）,委員長,島津明香,M011
R080622B04,令和 8年 6月22日,令和 8年議会運営委員会（ 6月22日）,委員,迫川高行,M009
R080622B04,令和 8年 6月22日,令和 8年議会運営委員会（ 6月22日）,副委員長,山田光昭,M018
R080622B04,令和 8年 6月22日,令和 8年議会運営委員会（ 6月22日）,委員,坂本まり,M008
R080622B04,令和 8年 6月22日,令和 8年議会運営委員会（ 6月22日）,委員,北野誠一郎,M007
R080622B04,令和 8年 6月22日,令和 8年議会運営委員会（ 6月22日）,委員,鷹尾治久,M013
R080622B04,令和 8年 6月22日,令和 8年議会運営委員会（ 6月22日）,委員,今竹大祐,M003
R080622B04,令和 8年 6月22日,令和 8年議会運営委員会（ 6月22日）,議長,川端宏明,M006
R080622B04,令和 8年 6月22日,令和 8年議会運営委員会（ 6月22日）,副議長,森秀樹,M017
R080730B02,令和 8年 7月30日,令和 8年文教厚生常任委員会（ 7月30日）,委員長,迫川高行,M009
R080730B02,令和 8年 7月30日,令和 8年文教厚生常任委員会（ 7月30日）,委員,鈴木利信,M012
R080730B02,令和 8年 7月30日,令和 8年文教厚生常任委員会（ 7月30日）,副委員長,入江啓太,M002
R080730B02,令和 8年 7月30日,令和 8年文教厚生常任委員会（ 7月30日）,委員,島津明香,M011
R080730B02,令和 8年 7月30日,令和 8年文教厚生常任委員会（ 7月30日）,委員,大西由紀,M005
R080730B02,令和 8年 7月30日,令和 8年文教厚生常任委員会（ 7月30日）,委員,鷹尾治久,M013
