会議,ファイル,日程,議案番号,件名,採決区分,一括議題,反対討論語,賛成討論語,議題冒頭,決定語あり
令和4年9月定例会,R040920A,4,高議第34号,議長の選挙について,異議なし(全会一致),,0,0,高議第34号、議長の選挙について,
令和4年9月定例会,R040920A,5,高議第35号,副議長の選挙について,異議なし(全会一致),,0,0,高議第35号、副議長の選挙について,
令和4年9月定例会,R040920A,7,高議第36号,常任委員会委員の選任について,異議なし(全会一致),,0,0,高議第36号、常任委員会委員の選任について,はい
令和4年9月定例会,R040920A,8,高議第37号,議会運営委員会委員の定数及び選任について,異議なし(全会一致),,0,0,高議第37号、議会運営委員会委員の定数及び選任について,はい
令和4年9月定例会,R040926A,2,高報第8号|高専第1号,専決処分をしたものにつき承認を求めることについて 高専第1号、第2回令和4年度高砂市一般会計補正予算について,異議なし(全会一致),はい,0,0,高報第8号、専決処分をしたものにつき承認を求めることについて 高専第1号、第2回令和4年度高砂市一般会計補正予算について,はい
令和4年9月定例会,R040926A,3,高報第9号,健全化判断比率及び資本不足比率の報告について,判定不能,,0,0,高報第9号、健全化判断比率及び資本不足比率の報告について,
令和4年9月定例会,R040926A,4,高議第38号,財産の無償譲渡について,判定不能,,0,0,高議第38号、財産の無償譲渡について,
令和4年9月定例会,R040926A,5,高議第39号,財産の無償譲渡について,判定不能,,0,0,高議第39号、財産の無償譲渡について,
令和4年9月定例会,R040926A,6,高議第40号,市有土地の売却について,判定不能,,0,0,高議第40号、市有土地の売却について,
令和4年9月定例会,R040926A,7,高議第41号,高砂市職員の定年等に関する条例等の一部を改正する等の条例を定めることについて,判定不能,,0,0,高議第41号、高砂市職員の定年等に関する条例等の一部を改正する等の条例を定めることについて,
令和4年9月定例会,R040926A,8,高議第42号,高砂市職員の高齢者部分休業に関する条例を定めることについて,判定不能,,0,0,高議第42号、高砂市職員の高齢者部分休業に関する条例を定めることについて,
令和4年9月定例会,R040926A,9,高議第43号,高砂市職員の育児休業等に関する条例の一部を改正する条例を定めることについて,判定不能,,0,0,高議第43号、高砂市職員の育児休業等に関する条例の一部を改正する条例を定めることについて,
令和4年9月定例会,R040926A,10,高議第44号,東播臨海広域クリーンセンター運営基金条例の一部を改正する条例を定めることについて,判定不能,,0,0,高議第44号、東播臨海広域クリーンセンター運営基金条例の一部を改正する条例を定めることについて,
令和4年9月定例会,R040926A,11,高議第45号,高砂市手数料条例の一部を改正する条例を定めることについて,判定不能,,0,0,高議第45号、高砂市手数料条例の一部を改正する条例を定めることについて,
令和4年9月定例会,R040926A,12,高議第46号,高砂市建築手数料条例の一部を改正する条例を定めることについて,判定不能,,0,0,高議第46号、高砂市建築手数料条例の一部を改正する条例を定めることについて,
令和4年9月定例会,R040926A,13,高議第47号,高砂市学校給食費に関する条例を定めることについて,判定不能,,0,0,高議第47号、高砂市学校給食費に関する条例を定めることについて,
令和4年9月定例会,R040926A,14,高予第25号,第3回令和4年度高砂市一般会計補正予算,採決あり(起立),,0,0,高予第25号、第3回令和4年度高砂市一般会計補正予算,はい
令和4年9月定例会,R040927A,2,高予第25号,第3回令和4年度高砂市一般会計補正予算,判定不能,,0,0,高予第25号、第3回令和4年度高砂市一般会計補正予算,はい
令和4年9月定例会,R040927A,3,高予第26号,第1回令和4年度高砂市国民健康保険事業特別会計補正予算,判定不能,,0,0,高予第26号、第1回令和4年度高砂市国民健康保険事業特別会計補正予算,
令和4年9月定例会,R040927A,4,高予第27号,第1回令和4年度高砂市後期高齢者医療事業特別会計補正予算,判定不能,,0,0,高予第27号、第1回令和4年度高砂市後期高齢者医療事業特別会計補正予算,
令和4年9月定例会,R040927A,5,高予第28号,第1回令和4年度高砂市介護保険事業特別会計補正予算,判定不能,,0,0,高予第28号、第1回令和4年度高砂市介護保険事業特別会計補正予算,
令和4年9月定例会,R040927A,6,高予第29号,第2回令和4年度高砂市広域ごみ処理事業特別会計補正予算,判定不能,,0,0,高予第29号、第2回令和4年度高砂市広域ごみ処理事業特別会計補正予算,
令和4年9月定例会,R040927A,7,高予第30号,第2回令和4年度高砂市水道事業会計補正予算,判定不能,,0,0,高予第30号、第2回令和4年度高砂市水道事業会計補正予算,
令和4年9月定例会,R040927A,8,高予第31号,第1回令和4年度高砂市工業用水道事業会計補正予算,判定不能,,0,0,高予第31号、第1回令和4年度高砂市工業用水道事業会計補正予算,
令和4年9月定例会,R040927A,9,高予第32号,第1回令和4年度高砂市下水道事業会計補正予算,判定不能,,0,0,高予第32号、第1回令和4年度高砂市下水道事業会計補正予算,
令和4年9月定例会,R040927A,10,高予第33号,第1回令和4年度高砂市病院事業会計補正予算,異議なし(全会一致),,0,0,高予第33号、第1回令和4年度高砂市病院事業会計補正予算,はい
令和4年9月定例会,R041005A,2,高議第38号,財産の無償譲渡について,異議なし(全会一致),,0,0,高議第38号、財産の無償譲渡について,はい
令和4年9月定例会,R041005A,3,高議第39号,財産の無償譲渡について,異議なし(全会一致),,0,0,高議第39号、財産の無償譲渡について,はい
令和4年9月定例会,R041005A,4,高議第40号,市有土地の売却について,異議なし(全会一致),,0,0,高議第40号、市有土地の売却について,はい
令和4年9月定例会,R041005A,5,高議第41号,高砂市職員の定年等に関する条例等の一部を改正する等の条例を定めることについて,異議なし(全会一致),,0,0,高議第41号、高砂市職員の定年等に関する条例等の一部を改正する等の条例を定めることについて,はい
令和4年9月定例会,R041005A,6,高議第42号,高砂市職員の高齢者部分休業に関する条例を定めることについて,異議なし(全会一致),,0,0,高議第42号、高砂市職員の高齢者部分休業に関する条例を定めることについて,はい
令和4年9月定例会,R041005A,7,高議第43号,高砂市職員の育児休業等に関する条例の一部を改正する条例を定めることについて,異議なし(全会一致),,0,0,高議第43号、高砂市職員の育児休業等に関する条例の一部を改正する条例を定めることについて,はい
令和4年9月定例会,R041005A,8,高議第44号,東播臨海広域クリーンセンター運営基金条例の一部を改正する条例を定めることについて,異議なし(全会一致),,0,0,高議第44号、東播臨海広域クリーンセンター運営基金条例の一部を改正する条例を定めることについて,はい
令和4年9月定例会,R041005A,9,高議第45号,高砂市手数料条例の一部を改正する条例を定めることについて,異議なし(全会一致),,0,0,高議第45号、高砂市手数料条例の一部を改正する条例を定めることについて,はい
令和4年9月定例会,R041005A,10,高議第46号,高砂市建築手数料条例の一部を改正する条例を定めることについて,異議なし(全会一致),,0,0,高議第46号、高砂市建築手数料条例の一部を改正する条例を定めることについて,はい
令和4年9月定例会,R041005A,11,高議第47号,高砂市学校給食費に関する条例を定めることについて,異議なし(全会一致),,0,0,高議第47号、高砂市学校給食費に関する条例を定めることについて,はい
令和4年9月定例会,R041005A,12,高予第25号,第3回令和4年度高砂市一般会計補正予算,採決あり(電子表決、賛成多数),,0,0,高予第25号、第3回令和4年度高砂市一般会計補正予算,はい
令和4年9月定例会,R041005A,13,高予第26号,第1回令和4年度高砂市国民健康保険事業特別会計補正予算,異議なし(全会一致),,0,0,高予第26号 第1回令和4年度高砂市国民健康保険事業特別会計補正予算,はい
令和4年9月定例会,R041005A,14,高予第27号,第1回令和4年度高砂市後期高齢者医療事業特別会計補正予算,異議なし(全会一致),,0,0,高予第27号、第1回令和4年度高砂市後期高齢者医療事業特別会計補正予算,はい
令和4年9月定例会,R041005A,15,高予第28号,第1回令和4年度高砂市介護保険事業特別会計補正予算,異議なし(全会一致),,0,0,高予第28号、第1回令和4年度高砂市介護保険事業特別会計補正予算,はい
令和4年9月定例会,R041005A,16,高予第29号,第2回令和4年度高砂市広域ごみ処理事業特別会計補正予算,異議なし(全会一致),,0,0,高予第29号、第2回令和4年度高砂市広域ごみ処理事業特別会計補正予算,はい
令和4年9月定例会,R041005A,17,高予第30号,第2回令和4年度高砂市水道事業会計補正予算,異議なし(全会一致),,0,0,高予第30号、第2回令和4年度高砂市水道事業会計補正予算,はい
令和4年9月定例会,R041005A,18,高予第31号,第1回令和4年度高砂市工業用水道事業会計補正予算,異議なし(全会一致),,0,0,高予第31号、第1回令和4年度高砂市工業用水道事業会計補正予算,はい
令和4年9月定例会,R041005A,19,高予第32号,第1回令和4年度高砂市下水道事業会計補正予算,異議なし(全会一致),,0,0,高予第32号、第1回令和4年度高砂市下水道事業会計補正予算,はい
令和4年9月定例会,R041005A,20,高予第33号,第1回令和4年度高砂市病院事業会計補正予算,異議なし(全会一致),,0,0,高予第33号、第1回令和4年度高砂市病院事業会計補正予算,はい
令和4年9月定例会,R041005A,21,,陳情のこと,採決あり(電子表決、賛成多数),,1,0,陳情のこと,はい
令和4年9月定例会,R041005A,22,,陳情のこと,採決あり(電子表決、全員賛成),,0,2,陳情のこと,はい
令和4年9月定例会,R041005A,23,,陳情のこと,異議なし(全会一致),,0,0,陳情のこと,はい
令和4年9月定例会,R041005A,24,,陳情のこと,採決あり(電子表決、全員賛成),,0,0,陳情のこと,はい
令和4年9月定例会,R041005A,25,高議第57号,高砂市民病院経営改善対策特別委員会を設けることについて,異議なし(全会一致),,0,0,高議第57号、高砂市民病院経営改善対策特別委員会を設けることについて,はい
令和4年9月定例会,R041005A,26,高予第34号,第4回令和4年度高砂市一般会計補正予算,判定不能,,0,0,高予第34号、第4回令和4年度高砂市一般会計補正予算,
令和4年9月定例会,R041005A,26,高予第34号,第4回令和4年度高砂市一般会計補正予算,異議なし(全会一致),,0,0,高予第34号、第4回令和4年度高砂市一般会計補正予算,はい
令和4年9月定例会,R041005A,27,高議第58号,兵庫県後期高齢者医療広域連合議会議員の選挙について,異議なし(全会一致),,0,0,高議第58号、兵庫県後期高齢者医療広域連合議会議員の選挙について,
令和4年9月定例会,R041005A,36,高議第56号,"令和3年度高砂市病院事業会計決算認定についてまでを一括議題としたいと思いますが、ご異議ありませんか。 (「異議なし」の声あり) <PAGE=""414""> ○議長(今竹大祐君) ご異議なしと認め、日程第28から日程第36までの令和3年度高砂市各会計決算認定については一括議題とし、質疑を行います。 質疑順及び持ち時間については、代表者会議の申し合わせのとおり、1番目新政会50分、2番目公明党30分、3",採決あり(電子表決),,0,0,"高議第56号、令和3年度高砂市病院事業会計決算認定についてまでを一括議題としたいと思いますが、ご異議ありませんか。 (「異議なし」の声あり) <PAGE=""41",
令和4年9月定例会,R041005A,37,高議第59号,決算特別委員会を設けることについて,異議なし(全会一致),,0,0,高議第59号、決算特別委員会を設けることについて,はい
令和4年12月定例会,R041206A,2,高報第10号|高専第2号,専決処分をしたものにつき承認を求めることについて|第5回令和4年度高砂市一般会計補正予算について,異議なし(全会一致),はい,0,0,高報第10号、専決処分をしたものにつき承認を求めることについて、高専第2号、第5回令和4年度高砂市一般会計補正予算について,はい
令和4年12月定例会,R041206A,3,高報第11号|高専第3号,専決処分をしたものにつき承認を求めることについて|損害賠償の額を定めることについて,異議なし(全会一致),はい,0,0,高報第11号、専決処分をしたものにつき承認を求めることについて、高専第3号、損害賠償の額を定めることについて,はい
令和4年12月定例会,R041206A,4,高議第60号,財産の無償譲渡について,判定不能,,0,0,高議第60号、財産の無償譲渡について,
令和4年12月定例会,R041206A,5,高議第61号,指定管理者の指定について,判定不能,,0,0,高議第61号、指定管理者の指定について,
令和4年12月定例会,R041206A,6,高議第62号,姫路市及び高砂市における連携中枢都市圏形成に係る連携協約の一部を変更する連携協約の締結について,判定不能,,0,0,高議第62号、姫路市及び高砂市における連携中枢都市圏形成に係る連携協約の一部を変更する連携協約の締結について,
令和4年12月定例会,R041206A,7,高議第63号,高砂市職員の給与に関する条例の一部を改正する条例を定めることについて,判定不能,,0,0,高議第63号、高砂市職員の給与に関する条例の一部を改正する条例を定めることについて,
令和4年12月定例会,R041206A,8,高議第64号,特別職の職員で常勤のものの給与に関する条例の一部を改正する条例を定めることについて,判定不能,,0,0,高議第64号、特別職の職員で常勤のものの給与に関する条例の一部を改正する条例を定めることについて,
令和4年12月定例会,R041206A,9,高議第65号,議会議員の議員報酬及び費用弁償に関する条例の一部を改正する条例を定めることについて,判定不能,,0,0,高議第65号、議会議員の議員報酬及び費用弁償に関する条例の一部を改正する条例を定めることについて,
令和4年12月定例会,R041206A,10,高議第66号,高砂市会計年度任用職員の給与等に関する条例の一部を改正する条例を定めることについて,判定不能,,0,0,高議第66号、高砂市会計年度任用職員の給与等に関する条例の一部を改正する条例を定めることについて,
令和4年12月定例会,R041206A,11,高議第67号,高砂市個人情報の保護に関する条例を定めることについて,判定不能,,0,0,高議第67号、高砂市個人情報の保護に関する条例を定めることについて,
令和4年12月定例会,R041206A,12,高議第68号,高砂市文化会館条例の一部を改正する条例を定めることについて,判定不能,,0,0,高議第68号、高砂市文化会館条例の一部を改正する条例を定めることについて,
令和4年12月定例会,R041206A,13,高予第35号,第6回令和4年度高砂市一般会計補正予算,採決あり(起立),,0,0,高予第35号、第6回令和4年度高砂市一般会計補正予算,
令和4年12月定例会,R041207A,2,高予第35号,第6回令和4年度高砂市一般会計補正予算,判定不能,,0,0,高予第35号、第6回令和4年度高砂市一般会計補正予算,はい
令和4年12月定例会,R041207A,3,高予第36号,第2回令和4年度高砂市国民健康保険事業特別会計補正予算,判定不能,,0,0,高予第36号、第2回令和4年度高砂市国民健康保険事業特別会計補正予算,
令和4年12月定例会,R041207A,4,高予第37号,第2回令和4年度高砂市後期高齢者医療事業特別会計補正予算,判定不能,,0,0,高予第37号、第2回令和4年度高砂市後期高齢者医療事業特別会計補正予算,
令和4年12月定例会,R041207A,5,高予第38号,第2回令和4年度高砂市介護保険事業特別会計補正予算,判定不能,,0,0,高予第38号、第2回令和4年度高砂市介護保険事業特別会計補正予算,
令和4年12月定例会,R041207A,6,高予第39号,第3回令和4年度高砂市広域ごみ処理事業特別会計補正予算,判定不能,,0,0,高予第39号、第3回令和4年度高砂市広域ごみ処理事業特別会計補正予算,
令和4年12月定例会,R041207A,7,高予第40号,第3回令和4年度高砂市水道事業会計補正予算,判定不能,,0,0,高予第40号、第3回令和4年度高砂市水道事業会計補正予算,
令和4年12月定例会,R041207A,8,高予第41号,第2回令和4年度高砂市工業用水道事業会計補正予算,判定不能,,0,0,高予第41号、第2回令和4年度高砂市工業用水道事業会計補正予算,
令和4年12月定例会,R041207A,9,高予第42号,第2回令和4年度高砂市下水道事業会計補正予算,判定不能,,0,0,高予第42号、第2回令和4年度高砂市下水道事業会計補正予算,
令和4年12月定例会,R041207A,10,高予第43号,第2回令和4年度高砂市病院事業会計補正予算,異議なし(全会一致),,0,0,高予第43号、第2回令和4年度高砂市病院事業会計補正予算,はい
令和4年12月定例会,R041216A,2,高議第60号,財産の無償譲渡について,異議なし(全会一致),,0,0,高議第60号、財産の無償譲渡について,はい
令和4年12月定例会,R041216A,3,高議第61号,指定管理者の指定について,採決あり(電子表決、賛成多数),,0,0,高議第61号、指定管理者の指定について,はい
令和4年12月定例会,R041216A,4,高議第62号,姫路市及び高砂市における連携中枢都市圏形成に係る連携協約の一部を変更する連携協約の締結について,異議なし(全会一致),,0,0,高議第62号、姫路市及び高砂市における連携中枢都市圏形成に係る連携協約の一部を変更する連携協約の締結について,はい
令和4年12月定例会,R041216A,5,高議第63号,高砂市職員の給与に関する条例の一部を改正する条例を定めることについて,異議なし(全会一致),,0,0,高議第63号、高砂市職員の給与に関する条例の一部を改正する条例を定めることについて,はい
令和4年12月定例会,R041216A,6,高議第64号,特別職の職員で常勤のものの給与に関する条例の一部を改正する条例を定めることについて,採決あり(電子表決、賛成多数),,0,0,高議第64号、特別職の職員で常勤のものの給与に関する条例の一部を改正する条例を定めることについて,はい
令和4年12月定例会,R041216A,7,高議第65号,議会議員の議員報酬及び費用弁償に関する条例の一部を改正する条例を定めることについて,採決あり(電子表決、賛成多数),,0,0,高議第65号、議会議員の議員報酬及び費用弁償に関する条例の一部を改正する条例を定めることについて,はい
令和4年12月定例会,R041216A,8,高議第66号,高砂市会計年度任用職員の給与等に関する条例の一部を改正する条例を定めることについて,異議なし(全会一致),,0,0,高議第66号、高砂市会計年度任用職員の給与等に関する条例の一部を改正する条例を定めることについて,はい
令和4年12月定例会,R041216A,9,高議第67号,高砂市個人情報の保護に関する条例を定めることについて,採決あり(電子表決、賛成多数),,0,0,高議第67号、高砂市個人情報の保護に関する条例を定めることについて,はい
令和4年12月定例会,R041216A,10,高議第68号,高砂市文化会館条例の一部を改正する条例を定めることについて,異議なし(全会一致),,0,0,高議第68号、高砂市文化会館条例の一部を改正する条例を定めることについて,はい
令和4年12月定例会,R041216A,11,高予第35号,第6回令和4年度高砂市一般会計補正予算,採決あり(電子表決、賛成多数),,0,0,高予第35号、第6回令和4年度高砂市一般会計補正予算,はい
令和4年12月定例会,R041216A,12,高予第36号,第2回令和4年度高砂市国民健康保険事業特別会計補正予算,異議なし(全会一致),,0,0,高予第36号、第2回令和4年度高砂市国民健康保険事業特別会計補正予算,はい
令和4年12月定例会,R041216A,13,高予第37号,第2回令和4年度高砂市後期高齢者医療事業特別会計補正予算,異議なし(全会一致),,0,0,高予第37号、第2回令和4年度高砂市後期高齢者医療事業特別会計補正予算,はい
令和4年12月定例会,R041216A,14,高予第38号,第2回令和4年度高砂市介護保険事業特別会計補正予算,異議なし(全会一致),,0,0,高予第38号、第2回令和4年度高砂市介護保険事業特別会計補正予算,はい
令和4年12月定例会,R041216A,15,高予第39号,第3回令和4年度高砂市広域ごみ処理事業特別会計補正予算,異議なし(全会一致),,0,0,高予第39号、第3回令和4年度高砂市広域ごみ処理事業特別会計補正予算,はい
令和4年12月定例会,R041216A,16,高予第40号,第3回令和4年度高砂市水道事業会計補正予算,採決あり(電子表決、賛成多数),,0,0,高予第40号、第3回令和4年度高砂市水道事業会計補正予算,はい
令和4年12月定例会,R041216A,17,高予第41号,第2回令和4年度高砂市工業用水道事業会計補正予算,異議なし(全会一致),,0,0,高予第41号、第2回令和4年度高砂市工業用水道事業会計補正予算,はい
令和4年12月定例会,R041216A,18,高予第42号,第2回令和4年度高砂市下水道事業会計補正予算,異議なし(全会一致),,0,0,高予第42号、第2回令和4年度高砂市下水道事業会計補正予算,はい
令和4年12月定例会,R041216A,19,高予第43号,第2回令和4年度高砂市病院事業会計補正予算,異議なし(全会一致),,0,0,高予第43号、第2回令和4年度高砂市病院事業会計補正予算,はい
令和4年12月定例会,R041216A,20,,陳情のこと,採決あり(電子表決、全員賛成),,0,0,陳情のこと,はい
令和4年12月定例会,R041216A,21,,陳情のこと,採決あり(電子表決、賛成多数),,0,0,陳情のこと,はい
令和4年12月定例会,R041216A,22,,陳情のこと,採決あり(電子表決),,0,0,陳情のこと,はい
令和4年12月定例会,R041216A,23,,陳情のこと,異議なし(全会一致),,0,0,陳情のこと,はい
令和4年12月定例会,R041216A,24,,陳情のこと,採決あり(電子表決、賛成多数),,0,0,陳情のこと,
令和4年12月定例会,R041216A,25,,継続審査中の陳情のこと,採決あり(電子表決、賛成多数),,0,0,継続審査中の陳情のこと,はい
令和4年12月定例会,R041216A,26,,継続審査中の陳情のこと,採決あり(電子表決、賛成多数),,0,0,継続審査中の陳情のこと,はい
令和4年12月定例会,R041216A,36,高予第44号,第7回令和4年度高砂市一般会計補正予算,判定不能,,0,0,高予第44号、第7回令和4年度高砂市一般会計補正予算,
令和4年12月定例会,R041216A,36,高予第44号,第7回令和4年度高砂市一般会計補正予算,異議なし(全会一致),,0,0,高予第44号、第7回令和4年度高砂市一般会計補正予算,はい
令和4年12月定例会,R041216A,37,高議第69号,教育長を任命するにつき同意を求めることについて,異議なし(全会一致),,0,0,高議第69号、教育長を任命するにつき同意を求めることについて,はい
令和4年12月定例会,R041216A,38,高諮第14号,人権擁護委員の候補者の推薦につき意見を求めることについて,異議なし(全会一致),,0,0,高諮第14号、人権擁護委員の候補者の推薦につき意見を求めることについて,はい
令和5年3月定例会,R050224A,2,高報第1号,審査請求の却下について,判定不能,,0,0,高報第1号、審査請求の却下について,
令和5年3月定例会,R050224A,3,高議第1号,高砂市庁舎建設基金条例を廃止する条例を定めることについて,判定不能,,0,0,高議第1号、高砂市庁舎建設基金条例を廃止する条例を定めることについて,
令和5年3月定例会,R050224A,4,高議第2号,高砂市市営住宅条例の一部を改正する条例を定めることについて,判定不能,,0,0,高議第2号、高砂市市営住宅条例の一部を改正する条例を定めることについて,
令和5年3月定例会,R050224A,5,高予第1号,第8回令和4年度高砂市一般会計補正予算,採決あり(起立),,0,0,高予第1号、第8回令和4年度高砂市一般会計補正予算,
令和5年3月定例会,R050227A,2,高予第1号,第8回令和4年度高砂市一般会計補正予算,判定不能,,0,0,高予第1号、第8回令和4年度高砂市一般会計補正予算,はい
令和5年3月定例会,R050227A,3,高予第2号,第3回令和4年度高砂市国民健康保険事業特別会計補正予算,判定不能,,0,0,高予第2号、第3回令和4年度高砂市国民健康保険事業特別会計補正予算,
令和5年3月定例会,R050227A,4,高予第3号,第3回令和4年度高砂市後期高齢者医療事業特別会計補正予算,判定不能,,0,0,高予第3号、第3回令和4年度高砂市後期高齢者医療事業特別会計補正予算,
令和5年3月定例会,R050227A,5,高予第4号,第3回令和4年度高砂市介護保険事業特別会計補正予算,判定不能,,0,0,高予第4号、第3回令和4年度高砂市介護保険事業特別会計補正予算,
令和5年3月定例会,R050227A,6,高予第5号,第4回令和4年度高砂市広域ごみ処理事業特別会計補正予算,判定不能,,0,0,高予第5号、第4回令和4年度高砂市広域ごみ処理事業特別会計補正予算,
令和5年3月定例会,R050227A,7,高予第6号,第4回令和4年度高砂市水道事業会計補正予算,判定不能,,0,0,高予第6号、第4回令和4年度高砂市水道事業会計補正予算,
令和5年3月定例会,R050227A,8,高予第7号,第3回令和4年度高砂市下水道事業会計補正予算,判定不能,,0,0,高予第7号、第3回令和4年度高砂市下水道事業会計補正予算,
令和5年3月定例会,R050227A,9,高予第8号,第3回令和4年度高砂市病院事業会計補正予算,判定不能,,0,0,高予第8号、第3回令和4年度高砂市病院事業会計補正予算,
令和5年3月定例会,R050302A,2,高議第1号,高砂市庁舎建設基金条例を廃止する条例を定めることについて,異議なし(全会一致),,0,0,高議第1号、高砂市庁舎建設基金条例を廃止する条例を定めることについて,はい
令和5年3月定例会,R050302A,3,高議第2号,高砂市市営住宅条例の一部を改正する条例を定めることについて,異議なし(全会一致),,0,0,高議第2号、高砂市市営住宅条例の一部を改正する条例を定めることについて,はい
令和5年3月定例会,R050302A,4,高予第1号,第8回令和4年度高砂市一般会計補正予算,採決あり(電子表決、賛成多数),,0,0,高予第1号、第8回令和4年度高砂市一般会計補正予算,はい
令和5年3月定例会,R050302A,5,高予第2号,第3回令和4年度高砂市国民健康保険事業特別会計補正予算,採決あり(電子表決、賛成多数),,0,0,高予第2号、第3回令和4年度高砂市国民健康保険事業特別会計補正予算,はい
令和5年3月定例会,R050302A,6,高予第3号,第3回令和4年度高砂市後期高齢者医療事業特別会計補正予算,採決あり(電子表決、賛成多数),,1,0,高予第3号、第3回令和4年度高砂市後期高齢者医療事業特別会計補正予算,はい
令和5年3月定例会,R050302A,7,高予第4号,第3回令和4年度高砂市介護保険事業特別会計補正予算,採決あり(電子表決、賛成多数),,0,0,高予第4号、第3回令和4年度高砂市介護保険事業特別会計補正予算,はい
令和5年3月定例会,R050302A,8,高予第5号,第4回令和4年度高砂市広域ごみ処理事業特別会計補正予算,異議なし(全会一致),,0,0,高予第5号、第4回令和4年度高砂市広域ごみ処理事業特別会計補正予算,はい
令和5年3月定例会,R050302A,9,高予第6号,第4回令和4年度高砂市水道事業会計補正予算,異議なし(全会一致),,0,0,高予第6号、第4回令和4年度高砂市水道事業会計補正予算,はい
令和5年3月定例会,R050302A,10,高予第7号,第3回令和4年度高砂市下水道事業会計補正予算,異議なし(全会一致),,0,0,高予第7号、第3回令和4年度高砂市下水道事業会計補正予算,はい
令和5年3月定例会,R050302A,11,高予第8号,第3回令和4年度高砂市病院事業会計補正予算,異議なし(全会一致),,0,0,高予第8号、第3回令和4年度高砂市病院事業会計補正予算,はい
令和5年3月定例会,R050307A,2,高議第3号,市道路線の認定について,判定不能,,0,0,高議第3号、市道路線の認定について,
令和5年3月定例会,R050307A,3,高議第4号,市道路線の変更について,判定不能,,0,0,高議第4号、市道路線の変更について,
令和5年3月定例会,R050307A,4,高議第5号,姫路市道認定に関し承諾することについて,判定不能,,0,0,高議第5号、姫路市道認定に関し承諾することについて,
令和5年3月定例会,R050307A,5,高議第6号,高砂市民病院将来構想検討委員会条例を定めることについて,判定不能,,0,0,高議第6号、高砂市民病院将来構想検討委員会条例を定めることについて,
令和5年3月定例会,R050307A,6,高議第7号,高砂市職員の定年等に関する条例の一部を改正する条例を定めることについて,判定不能,,0,0,高議第7号、高砂市職員の定年等に関する条例の一部を改正する条例を定めることについて,
令和5年3月定例会,R050307A,7,高議第8号,高砂市見守りカメラの設置及び運用に関する条例を定めることについて,判定不能,,0,0,高議第8号、高砂市見守りカメラの設置及び運用に関する条例を定めることについて,
令和5年3月定例会,R050307A,8,高議第9号,高砂市医療費助成条例の一部を改正する条例を定めることについて,判定不能,,0,0,高議第9号、高砂市医療費助成条例の一部を改正する条例を定めることについて,
令和5年3月定例会,R050307A,9,高議第11号,高砂市保育所条例等の一部を改正する条例を定めるについて,判定不能,,0,0,高議第11号、高砂市保育所条例等の一部を改正する条例を定めるについて,
令和5年3月定例会,R050307A,10,高議第12号,高砂市特別会計条例の一部を改正する条例を定めることについて,判定不能,,0,0,高議第12号、高砂市特別会計条例の一部を改正する条例を定めることについて,
令和5年3月定例会,R050307A,11,高議第13号,高砂市手数料条例の一部を改正する条例を定めることについて,判定不能,,0,0,高議第13号、高砂市手数料条例の一部を改正する条例を定めることについて,
令和5年3月定例会,R050307A,12,高議第14号,高砂市建築手数料条例の一部を改正する条例を定めることについて,判定不能,,0,0,高議第14号、高砂市建築手数料条例の一部を改正する条例を定めることについて,
令和5年3月定例会,R050307A,13,高議第15号,高砂市水道事業給水条例及び高砂市水道を加古川市米田町地域へ市外給水をすることに関する条例の一部を改正する条例を定めることについて,判定不能,,0,0,高議第15号、高砂市水道事業給水条例及び高砂市水道を加古川市米田町地域へ市外給水をすることに関する条例の一部を改正する条例を定めることについて,
令和5年3月定例会,R050307A,14,高議第16号,高砂市消防団員の定員、任用、給与及び服務等に関する条例の一部を改正する条例を定めることについて,判定不能,,0,0,高議第16号、高砂市消防団員の定員、任用、給与及び服務等に関する条例の一部を改正する条例を定めることについて,
令和5年3月定例会,R050307A,15,高予第9号,令和5年度高砂市一般会計予算,採決あり(起立),,0,0,高予第9号、令和5年度高砂市一般会計予算,
令和5年3月定例会,R050308A,2,高予第9号,令和5年度高砂市一般会計予算,異議なし(全会一致),,0,0,高予第9号、令和5年度高砂市一般会計予算,
令和5年3月定例会,R050309A,2,高予第9号,令和5年度高砂市一般会計予算,採決あり(電子表決),,0,0,高予第9号、令和5年度高砂市一般会計予算,はい
令和5年3月定例会,R050310A,2,高予第9号,令和5年度高砂市一般会計予算,異議なし(全会一致),,0,0,高予第9号、令和5年度高砂市一般会計予算,はい
令和5年3月定例会,R050313A,2,高予第9号,令和5年度高砂市一般会計予算,異議なし(全会一致),,0,0,高予第9号、令和5年度高砂市一般会計予算,はい
令和5年3月定例会,R050314A,2,高予第9号,令和5年度高砂市一般会計予算,判定不能,,0,0,高予第9号、令和5年度高砂市一般会計予算,
令和5年3月定例会,R050314A,4,高予第10号,令和5年度高砂市国民健康保険事業特別会計予算を一括議題といたしたいと思いますが、ご異議ありませんか。 (「異議なし」の声あり) ○議長(今竹大祐君) ご異議なしと認め、,異議なし(全会一致),,0,0,高予第10号、令和5年度高砂市国民健康保険事業特別会計予算を一括議題といたしたいと思いますが、ご異議ありませんか。 (「異議なし」の声あり) ○議長(今竹大祐君,
令和5年3月定例会,R050314A,4,高予第10号|高議第10号,令和5年度高砂市国民健康保険事業特別会計予算を一括議題といたします。 当局の説明を求めます。 市民部長。 ○市民部長(川平貴儀君) 議案書事件議案・条例議案II、21ページをお願いいたします。 高議第10号、高砂市国民健康保険条例の一部を改正する条例を定めることについてでございます。参考資料で説明をさせていただきます。 定例会参考資料事件議案・条例議案IIの29ページをお願いいたします。 高砂市国,判定不能,はい,0,0,高予第10号、令和5年度高砂市国民健康保険事業特別会計予算を一括議題といたします。 当局の説明を求めます。 市民部長。 ○市民部長(川平貴儀君) 議案書事件議案,
令和5年3月定例会,R050314A,5,高予第11号,令和5年度高砂市後期高齢者医療事業特別会計予算,判定不能,,0,0,高予第11号、令和5年度高砂市後期高齢者医療事業特別会計予算,
令和5年3月定例会,R050314A,6,高予第12号,令和5年度高砂市介護保険事業特別会計予算,採決あり(電子表決),,0,0,高予第12号、令和5年度高砂市介護保険事業特別会計予算,
令和5年3月定例会,R050314A,7,高予第13号,令和5年度高砂市水道事業会計予算,判定不能,,0,0,高予第13号、令和5年度高砂市水道事業会計予算,
令和5年3月定例会,R050314A,8,高予第14号,令和5年度高砂市工業用水道事業会計予算,判定不能,,0,0,高予第14号、令和5年度高砂市工業用水道事業会計予算,
令和5年3月定例会,R050314A,9,高予第15号,令和5年度高砂市下水道事業会計予算,判定不能,,0,0,高予第15号、令和5年度高砂市下水道事業会計予算,
令和5年3月定例会,R050314A,10,高予第16号,令和5年度高砂市病院事業会計予算,判定不能,,0,0,高予第16号、令和5年度高砂市病院事業会計予算,
令和5年3月定例会,R050327A,2,高議第3号,市道路線の認定について,異議なし(全会一致),,0,0,高議第3号、市道路線の認定について,はい
令和5年3月定例会,R050327A,3,高議第4号,市道路線の変更について,異議なし(全会一致),,0,0,高議第4号、市道路線の変更について,はい
令和5年3月定例会,R050327A,4,高議第5号,姫路市道認定に関し承諾することについて,異議なし(全会一致),,0,0,高議第5号、姫路市道認定に関し承諾することについて,はい
令和5年3月定例会,R050327A,5,高議第6号,高砂市民病院将来構想検討委員会条例を定めることについて,採決あり(電子表決、賛成多数),,1,0,高議第6号、高砂市民病院将来構想検討委員会条例を定めることについて,はい
令和5年3月定例会,R050327A,6,高議第7号,高砂市職員の定年等に関する条例の一部を改正する条例を定めることについて,異議なし(全会一致),,0,0,高議第7号、高砂市職員の定年等に関する条例の一部を改正する条例を定めることについて,はい
令和5年3月定例会,R050327A,7,高議第8号,高砂市見守りカメラの設置及び運用に関する条例を定めることについて,採決あり(電子表決、賛成多数),,1,0,高議第8号、高砂市見守りカメラの設置及び運用に関する条例を定めることについて,はい
令和5年3月定例会,R050327A,8,高議第9号,高砂市医療費助成条例の一部を改正する条例を定めることについて,異議なし(全会一致),,0,1,高議第9号、高砂市医療費助成条例の一部を改正する条例を定めることについて,はい
令和5年3月定例会,R050327A,9,高議第10号,高砂市国民健康保険条例の一部を改正する条例を定めることについて,採決あり(電子表決、賛成多数),,1,0,高議第10号、高砂市国民健康保険条例の一部を改正する条例を定めることについて,はい
令和5年3月定例会,R050327A,10,高議第11号,高砂市保育所条例等の一部を改正する条例を定めることについて,採決あり(電子表決、賛成多数),,0,0,高議第11号、高砂市保育所条例等の一部を改正する条例を定めることについて,はい
令和5年3月定例会,R050327A,11,高議第12号,高砂市特別会計条例の一部を改正する条例を定めることについて,異議なし(全会一致),,0,0,高議第12号、高砂市特別会計条例の一部を改正する条例を定めることについて,はい
令和5年3月定例会,R050327A,12,高議第13号,高砂市手数料条例の一部を改正する条例を定めることについて,異議なし(全会一致),,0,0,高議第13号、高砂市手数料条例の一部を改正する条例を定めることについて,はい
令和5年3月定例会,R050327A,13,高議第14号,高砂市建築手数料条例の一部を改正する条例を定めることについて,異議なし(全会一致),,0,0,高議第14号、高砂市建築手数料条例の一部を改正する条例を定めることについて,はい
令和5年3月定例会,R050327A,14,高議第15号,高砂市水道事業給水条例及び高砂市水道を加古川市米田町地域へ市外給水をすることに関する条例の一部を改正する条例を定めることについて,採決あり(電子表決、賛成多数),,1,0,高議第15号、高砂市水道事業給水条例及び高砂市水道を加古川市米田町地域へ市外給水をすることに関する条例の一部を改正する条例を定めることについて,はい
令和5年3月定例会,R050327A,15,高議第16号,高砂市消防団員の定員、任用、給与及び服務等に関する条例の一部を改正する条例を定めることについて,異議なし(全会一致),,0,0,高議第16号、高砂市消防団員の定員、任用、給与及び服務等に関する条例の一部を改正する条例を定めることについて,はい
令和5年3月定例会,R050327A,16,高予第9号,令和5年度高砂市一般会計予算,採決あり(電子表決、賛成多数),,1,0,高予第9号、令和5年度高砂市一般会計予算,はい
令和5年3月定例会,R050327A,17,高予第10号,令和5年度高砂市国民健康保険事業特別会計予算,採決あり(電子表決、賛成多数),,1,0,高予第10号、令和5年度高砂市国民健康保険事業特別会計予算,はい
令和5年3月定例会,R050327A,18,高予第11号,令和5年度高砂市後期高齢者医療事業特別会計予算,採決あり(電子表決、賛成多数),,0,0,高予第11号、令和5年度高砂市後期高齢者医療事業特別会計予算,はい
令和5年3月定例会,R050327A,19,高予第12号,令和5年度高砂市介護保険事業特別会計予算,採決あり(電子表決、賛成多数),,1,0,高予第12号、令和5年度高砂市介護保険事業特別会計予算,はい
令和5年3月定例会,R050327A,20,高予第13号,令和5年度高砂市水道事業会計予算,採決あり(電子表決、賛成多数),,0,0,高予第13号、令和5年度高砂市水道事業会計予算,はい
令和5年3月定例会,R050327A,21,高予第14号,令和5年度高砂市工業用水道事業会計予算,異議なし(全会一致),,0,0,高予第14号、令和5年度高砂市工業用水道事業会計予算,はい
令和5年3月定例会,R050327A,22,高予第15号,令和5年度高砂市下水道事業会計予算,異議なし(全会一致),,0,0,高予第15号、令和5年度高砂市下水道事業会計予算,はい
令和5年3月定例会,R050327A,23,高予第16号,令和5年度高砂市病院事業会計予算,採決あり(電子表決、賛成多数),,0,0,高予第16号、令和5年度高砂市病院事業会計予算,はい
令和5年3月定例会,R050327A,24,,陳情のこと,採決あり(電子表決、賛成多数),,0,0,陳情のこと,はい
令和5年3月定例会,R050327A,25,,陳情のこと,異議なし(全会一致),,0,0,陳情のこと,
令和5年3月定例会,R050327A,26,,陳情のこと,採決あり(電子表決、賛成多数、全員賛成),,0,0,陳情のこと,はい
令和5年3月定例会,R050327A,27,,陳情のこと,採決あり(電子表決),,0,1,陳情のこと,はい
令和5年3月定例会,R050327A,28,,陳情のこと,採決あり(電子表決),,0,0,陳情のこと,はい
令和5年3月定例会,R050327A,29,,陳情のこと,異議なし(全会一致),,0,0,陳情のこと,はい
令和5年3月定例会,R050327A,30,,継続審査中の陳情のこと,採決あり(電子表決、全員賛成),,0,0,継続審査中の陳情のこと,はい
令和5年3月定例会,R050327A,31,,継続審査中の陳情のこと,採決あり(電子表決、賛成多数),,0,0,継続審査中の陳情のこと,はい
令和5年3月定例会,R050327A,32,,継続審査中の陳情のこと,採決あり(電子表決、賛成多数),,0,0,継続審査中の陳情のこと,はい
令和5年3月定例会,R050327A,33,,継続審査中の陳情のこと,採決あり(電子表決),,0,0,継続審査中の陳情のこと,はい
令和5年3月定例会,R050327A,34,,継続審査中の陳情のこと,採決あり(電子表決),,0,0,継続審査中の陳情のこと,はい
令和5年3月定例会,R050327A,35,高議第19号,高砂市議会個人情報の保護に関する条例を定めることについて,採決あり(電子表決、賛成多数),,1,0,高議第19号、高砂市議会個人情報の保護に関する条例を定めることについて,はい
令和5年3月定例会,R050327A,36,高議第17号,監査委員を選任するにつき同意を求めることについて,異議なし(全会一致),,0,0,高議第17号、監査委員を選任するにつき同意を求めることについて,はい
令和5年3月定例会,R050327A,37,高議第18号,固定資産評価審査委員会委員を選任するにつき同意を求めることについて,異議なし(全会一致),,0,0,高議第18号、固定資産評価審査委員会委員を選任するにつき同意を求めることについて,はい
令和5年3月定例会,R050327A,38,高議第20号,意見書提出のことについて,異議なし(全会一致),,0,0,高議第20号、意見書提出のことについて,はい
令和5年5月臨時会,R050522A,4,高報第2号|高専第1号,専決処分をしたものにつき承認を求めることについて 高専第1号、高砂市市税条例の一部を改正する条例を定めることについて,異議なし(全会一致),はい,0,0,高報第2号、専決処分をしたものにつき承認を求めることについて 高専第1号、高砂市市税条例の一部を改正する条例を定めることについて,はい
令和5年5月臨時会,R050522A,5,高報第3号|高専第2号,専決処分をしたものにつき承認を求めることについて|新築の住宅等に対して課する固定資産税軽減に関する条例の一部を改正する条例を定めることについて,異議なし(全会一致),はい,0,0,高報第3号、専決処分をしたものにつき承認を求めることについて、高専第2号、新築の住宅等に対して課する固定資産税軽減に関する条例の一部を改正する条例を定めることに,はい
令和5年5月臨時会,R050522A,6,高報第4号|高専第3号,専決処分をしたものにつき承認を求めることについて|高砂市職員の特殊勤務手当に関する条例の一部を改正する条例を定めることについて,異議なし(全会一致),はい,0,0,高報第4号、専決処分をしたものにつき承認を求めることについて、高専第3号、高砂市職員の特殊勤務手当に関する条例の一部を改正する条例を定めることについて,はい
令和5年5月臨時会,R050522A,7,高議第21号,工事請負契約を締結することについて,判定不能,,0,0,高議第21号、工事請負契約を締結することについて,
令和5年5月臨時会,R050522A,8,高議第22号,製造請負契約を締結することについて,判定不能,,0,0,高議第22号、製造請負契約を締結することについて,
令和5年5月臨時会,R050522A,9,高議第23号,高砂市市税条例の一部を改正する条例を定めることについて,判定不能,,0,0,高議第23号、高砂市市税条例の一部を改正する条例を定めることについて,
令和5年5月臨時会,R050522A,10,高予第17号,第1回令和5年度高砂市一般会計補正予算,判定不能,,0,0,高予第17号、第1回令和5年度高砂市一般会計補正予算,
令和5年5月臨時会,R050522A,7,高議第21号,工事請負契約締結することについて,異議なし(全会一致),,0,0,高議第21号、工事請負契約締結することについて,はい
令和5年5月臨時会,R050522A,8,高議第22号,製造請負契約を締結することについて,異議なし(全会一致),,0,0,高議第22号、製造請負契約を締結することについて,はい
令和5年5月臨時会,R050522A,9,高議第23号,高砂市市税条例の一部を改正する条例を定めることについて,異議なし(全会一致),,0,0,高議第23号、高砂市市税条例の一部を改正する条例を定めることについて,はい
令和5年5月臨時会,R050522A,10,高予第17号,第1回令和5年度高砂市一般会計補正予算,異議なし(全会一致),,0,0,高予第17号、第1回令和5年度高砂市一般会計補正予算,はい
令和5年6月定例会,R050620A,2,高報第5号|高専第4号,専決処分をしたものにつき承認を求めることについて|第1回令和5年度高砂市水道事業会計補正予算について,異議なし(全会一致),はい,0,0,高報第5号、専決処分をしたものにつき承認を求めることについて、高専第4号、第1回令和5年度高砂市水道事業会計補正予算について,はい
令和5年6月定例会,R050620A,3,高報第6号|高専第5号,専決処分をしたものにつき承認を求めることについて|損害賠償の額を定めることについて,異議なし(全会一致),はい,0,0,高報第6号、専決処分をしたものにつき承認を求めることについて、高専第5号、損害賠償の額を定めることについて,はい
令和5年6月定例会,R050620A,4,高報第7号,令和4年度高砂市一般会計繰越明許費繰越計算書について,判定不能,,0,0,高報第7号、令和4年度高砂市一般会計繰越明許費繰越計算書について,
令和5年6月定例会,R050620A,5,高報第8号,令和4年度高砂市一般会計事故繰越し繰越計算書について,判定不能,,0,0,高報第8号、令和4年度高砂市一般会計事故繰越し繰越計算書について,
令和5年6月定例会,R050620A,6,高報第9号,令和4年度高砂市水道事業会計予算繰越計算書について,判定不能,,0,0,高報第9号、令和4年度高砂市水道事業会計予算繰越計算書について,
令和5年6月定例会,R050620A,7,高報第10号,令和4年度高砂市下水道事業会計予算繰越計算書について,判定不能,,0,0,高報第10号、令和4年度高砂市下水道事業会計予算繰越計算書について,
令和5年6月定例会,R050620A,8,高報第11号,一般財団法人高砂市勤労福祉財団の経営状況の報告について,判定不能,,0,0,高報第11号、一般財団法人高砂市勤労福祉財団の経営状況の報告について,
令和5年6月定例会,R050620A,9,高報第12号,公益財団法人高砂市施設利用振興財団の経営状況の報告について,判定不能,,0,0,高報第12号、公益財団法人高砂市施設利用振興財団の経営状況の報告について,はい
令和5年6月定例会,R050620A,10,高議第24号,工事請負契約を締結することについて,判定不能,,0,0,高議第24号、工事請負契約を締結することについて,
令和5年6月定例会,R050620A,11,高議第25号,高砂市特別職報酬等審議会条例の一部を改正する条例を定めることについて,判定不能,,0,0,高議第25号、高砂市特別職報酬等審議会条例の一部を改正する条例を定めることについて,
令和5年6月定例会,R050620A,12,高議第26号,高砂市新型コロナウイルス対策基金条例を廃止する条例を定めることについて,判定不能,,0,0,高議第26号、高砂市新型コロナウイルス対策基金条例を廃止する条例を定めることについて,
令和5年6月定例会,R050620A,13,高議第27号,高砂市生石体育センター条例を廃止する条例を定めることについて,判定不能,,0,0,高議第27号、高砂市生石体育センター条例を廃止する条例を定めることについて,
令和5年6月定例会,R050620A,14,高議第28号,高砂市総合運動公園体育施設管理条例の一部を改正する条例を定めることについて,判定不能,,0,0,高議第28号、高砂市総合運動公園体育施設管理条例の一部を改正する条例を定めることについて,
令和5年6月定例会,R050620A,15,高議第29号,高砂市火災予防条例の一部を改正する条例を定めることについて,判定不能,,0,0,高議第29号、高砂市火災予防条例の一部を改正する条例を定めることについて,
令和5年6月定例会,R050620A,16,高予第18号,第2回令和5年度高砂市一般会計補正予算,採決あり(起立),,0,0,高予第18号、第2回令和5年度高砂市一般会計補正予算,はい
令和5年6月定例会,R050621A,2,高予第18号,第2回令和5年度高砂市一般会計補正予算,判定不能,,0,0,高予第18号、第2回令和5年度高砂市一般会計補正予算,はい
令和5年6月定例会,R050621A,3,高予第19号,第2回令和5年度高砂市水道事業会計補正予算,判定不能,,0,0,高予第19号、第2回令和5年度高砂市水道事業会計補正予算,
令和5年6月定例会,R050621A,4,高予第20号,第1回令和5年度高砂市病院事業会計補正予算,異議なし(全会一致),,0,0,高予第20号、第1回令和5年度高砂市病院事業会計補正予算,はい
令和5年6月定例会,R050626A,2,,一般質問を行います。 通告順に質問を許可いたします。 9番目、3番、松野優也議員。 (3番 松野優也君 登壇) ○3番(松野優也君) 皆様、おはようございます。3番、民主クラブの松野優也です。通告順に従いまして、一般質問をさせていただきます。 今回の一般質問は、農業者支援の取組について、地域とともにある学校についてを議題としまして一般質問させていただきます。 まず、一つ目の農業者支援の取組について,判定不能,,0,0,一般質問を行います。 通告順に質問を許可いたします。 9番目、3番、松野優也議員。 (3番 松野優也君 登壇) ○3番(松野優也君) 皆様、おはようございます。,
令和5年6月定例会,R050630A,2,高議第24号,工事請負契約を締結することについて,採決あり(電子表決、賛成多数),,0,0,高議第24号、工事請負契約を締結することについて,はい
令和5年6月定例会,R050630A,3,高議第25号,高砂市特別職報酬等審議会条例の一部を改正する条例を定めることについて,異議なし(全会一致),,0,0,高議第25号、高砂市特別職報酬等審議会条例の一部を改正する条例を定めることについて,はい
令和5年6月定例会,R050630A,4,高議第26号,高砂市新型コロナウイルス対策基金条例を廃止する条例を定めることについて,異議なし(全会一致),,0,0,高議第26号、高砂市新型コロナウイルス対策基金条例を廃止する条例を定めることについて,はい
令和5年6月定例会,R050630A,5,高議第27号,高砂市生石体育センター条例を廃止する条例を定めることについて,異議なし(全会一致),,0,0,高議第27号、高砂市生石体育センター条例を廃止する条例を定めることについて,はい
令和5年6月定例会,R050630A,6,高議第28号,高砂市総合運動公園体育施設管理条例の一部を改正する条例を定めることについて,異議なし(全会一致),,0,0,高議第28号、高砂市総合運動公園体育施設管理条例の一部を改正する条例を定めることについて,はい
令和5年6月定例会,R050630A,7,高議第29号,高砂市火災予防条例の一部を改正する条例を定めることについて,異議なし(全会一致),,0,0,高議第29号、高砂市火災予防条例の一部を改正する条例を定めることについて,はい
令和5年6月定例会,R050630A,8,高予第18号,第2回令和5年度高砂市一般会計補正予算,異議なし(全会一致),,0,0,高予第18号、第2回令和5年度高砂市一般会計補正予算,はい
令和5年6月定例会,R050630A,9,高予第19号,第2回令和5年度高砂市水道事業会計補正予算,異議なし(全会一致),,0,0,高予第19号、第2回令和5年度高砂市水道事業会計補正予算,はい
令和5年6月定例会,R050630A,10,高予第20号,第1回令和5年度高砂市病院事業会計補正予算,異議なし(全会一致),,0,0,高予第20号、第1回令和5年度高砂市病院事業会計補正予算,はい
令和5年6月定例会,R050630A,11,,陳情のこと,異議なし(全会一致),,0,0,陳情のこと,はい
令和5年6月定例会,R050630A,12,,陳情のこと,採決あり(電子表決、全員賛成),,0,0,陳情のこと,はい
令和5年6月定例会,R050630A,13,,陳情のこと,異議なし(全会一致),,0,0,陳情のこと,はい
令和5年6月定例会,R050630A,14,,陳情のこと,異議なし(全会一致),,0,0,陳情のこと,はい
令和5年6月定例会,R050630A,15,,陳情のこと,異議なし(全会一致),,0,0,陳情のこと,はい
令和5年6月定例会,R050630A,16,,陳情のこと,採決あり(電子表決、全員賛成),,0,0,陳情のこと,はい
令和5年6月定例会,R050630A,17,,継続審査中の陳情のこと,採決あり(電子表決、賛成多数),,0,0,継続審査中の陳情のこと,はい
令和5年6月定例会,R050630A,18,,継続審査中の陳情のこと,異議なし(全会一致),,0,0,継続審査中の陳情のこと,はい
令和5年6月定例会,R050630A,19,,継続審査中の陳情のこと,採決あり(電子表決、全員賛成),,0,0,継続審査中の陳情のこと,はい
令和5年6月定例会,R050630A,20,高議第30号,農業委員会委員を任命するにつき同意を求めることについて,異議なし(全会一致),,0,0,高議第30号、農業委員会委員を任命するにつき同意を求めることについて,はい
令和5年6月定例会,R050630A,21,高議第31号,公平委員会委員を選任するにつき同意を求めることについて,異議なし(全会一致),,0,0,高議第31号、公平委員会委員を選任するにつき同意を求めることについて,はい
令和5年6月定例会,R050630A,22,高諮第7号,人権擁護委員の候補者の推薦につき意見を求めることについて,異議なし(全会一致),,0,0,高諮第7号、人権擁護委員の候補者の推薦につき意見を求めることについて,はい
令和5年6月定例会,R050630A,23,高議第32号,意見書提出のことについて,異議なし(全会一致),,0,0,高議第32号、意見書提出のことについて,はい
令和5年6月定例会,R050630A,24,高議第33号,意見書提出のことについて,異議なし(全会一致),,0,0,高議第33号、意見書提出のことについて,はい
令和5年9月定例会,R050913A,2,高議第46号,議長の選挙について,異議なし(全会一致),,0,0,高議第46号、議長の選挙について,はい
令和5年9月定例会,R050913A,3,高議第47号,副議長の選挙について,異議なし(全会一致),,0,0,高議第47号、副議長の選挙について,
令和5年9月定例会,R050913A,5,高議第48号,常任委員会委員の選任について,異議なし(全会一致),,0,0,高議第48号、常任委員会委員の選任について,はい
令和5年9月定例会,R050913A,6,高議第49号,議会運営委員会委員の定数及び選任について,異議なし(全会一致),,0,0,高議第49号、議会運営委員会委員の定数及び選任について,はい
令和5年9月定例会,R050913A,7,,高砂市民病院経営改善対策特別委員会委員の辞任について,異議なし(全会一致),,0,0,高砂市民病院経営改善対策特別委員会委員の辞任について,はい
令和5年9月定例会,R050913A,8,,高砂市民病院経営改善対策特別委員会委員の選任について,異議なし(全会一致),,0,0,高砂市民病院経営改善対策特別委員会委員の選任について,はい
令和5年9月定例会,R050913A,9,,高義第50号、高砂市選挙管理委員及び補充員の選挙について,異議なし(全会一致),,0,0,高義第50号、高砂市選挙管理委員及び補充員の選挙について,
令和5年9月定例会,R050913A,10,高議第51号,兵庫県後期高齢者医療広域連合議会議員の選挙について,異議なし(全会一致),,0,0,高議第51号、兵庫県後期高齢者医療広域連合議会議員の選挙について,
令和5年9月定例会,R050914A,2,高議第52号,損害賠償の額を定めることについて,判定不能,,0,0,高議第52号、損害賠償の額を定めることについて,
令和5年9月定例会,R050914A,2,高議第52号,損害賠償の額を定めることについて,異議なし(全会一致),,0,0,高議第52号、損害賠償の額を定めることについて,はい
令和5年9月定例会,R050914A,3,高報第13号,健全化判断比率及び資金不足比率の報告について,判定不能,,0,0,高報第13号、健全化判断比率及び資金不足比率の報告について,
令和5年9月定例会,R050914A,4,高議第34号,高砂市印鑑条例の一部を改正する条例を定めることについて,判定不能,,0,0,高議第34号、高砂市印鑑条例の一部を改正する条例を定めることについて,
令和5年9月定例会,R050914A,5,高議第35号,高砂市廃棄物の処理及び清掃に関する条例の一部を改正する条例を定めることについて,判定不能,,0,0,高議第35号、高砂市廃棄物の処理及び清掃に関する条例の一部を改正する条例を定めることについて,
令和5年9月定例会,R050914A,6,高議第36号,高砂市火災予防条例の一部を改正する条例を定めることについて,判定不能,,0,0,高議第36号、高砂市火災予防条例の一部を改正する条例を定めることについて,
令和5年9月定例会,R050914A,7,高予第21号,第3回令和5年度高砂市一般会計補正予算,採決あり(起立),,0,0,高予第21号、第3回令和5年度高砂市一般会計補正予算,はい
令和5年9月定例会,R050915A,2,高予第21号,第3回令和5年度高砂市一般会計補正予算,判定不能,,0,0,高予第21号、第3回令和5年度高砂市一般会計補正予算,はい
令和5年9月定例会,R050915A,3,高予第22号,第1回令和5年度高砂市国民健康保険事業特別会計補正予算,判定不能,,0,0,高予第22号、第1回令和5年度高砂市国民健康保険事業特別会計補正予算,
令和5年9月定例会,R050915A,4,高予第23号,第1回令和5年度高砂市後期高齢者医療事業特別会計補正予算,判定不能,,0,0,高予第23号、第1回令和5年度高砂市後期高齢者医療事業特別会計補正予算,
令和5年9月定例会,R050915A,5,高予第24号,第1回令和5年度高砂市介護保険事業特別会計補正予算,判定不能,,0,0,高予第24号、第1回令和5年度高砂市介護保険事業特別会計補正予算,
令和5年9月定例会,R050915A,6,高予第25号,第3回令和5年度高砂市水道事業会計補正予算,判定不能,,0,0,高予第25号、第3回令和5年度高砂市水道事業会計補正予算,
令和5年9月定例会,R050915A,7,高予第26号,第1回令和5年度高砂市工業用水道事業会計補正予算,判定不能,,0,0,高予第26号、第1回令和5年度高砂市工業用水道事業会計補正予算,
令和5年9月定例会,R050915A,8,高予第27号,第1回令和5年度高砂市下水道事業会計補正予算,異議なし(全会一致),,0,0,高予第27号、第1回令和5年度高砂市下水道事業会計補正予算,はい
令和5年9月定例会,R050927A,2,高議第34号,高砂市印鑑条例の一部を改正する条例を定めることについて,採決あり(電子表決、賛成多数),,0,0,高議第34号、高砂市印鑑条例の一部を改正する条例を定めることについて,はい
令和5年9月定例会,R050927A,3,高議第35号,高砂市廃棄物の処理及び清掃に関する条例の一部を改正する条例を定めることについて,採決あり(電子表決、賛成多数),,0,0,高議第35号、高砂市廃棄物の処理及び清掃に関する条例の一部を改正する条例を定めることについて,はい
令和5年9月定例会,R050927A,4,高議第36号,高砂市火災予防条例の一部を改正する条例を定めることについて,異議なし(全会一致),,0,0,高議第36号、高砂市火災予防条例の一部を改正する条例を定めることについて,はい
令和5年9月定例会,R050927A,5,高予第21号,第3回令和5年度高砂市一般会計補正予算,採決あり(電子表決、賛成多数),,0,0,高予第21号、第3回令和5年度高砂市一般会計補正予算,はい
令和5年9月定例会,R050927A,6,高予第22号,第1回令和5年度高砂市国民健康保険事業特別会計補正予算,異議なし(全会一致),,0,0,高予第22号、第1回令和5年度高砂市国民健康保険事業特別会計補正予算,はい
令和5年9月定例会,R050927A,7,高予第23号,第1回令和5年度高砂市後期高齢者医療事業特別会計補正予算,採決あり(電子表決、賛成多数),,0,0,高予第23号、第1回令和5年度高砂市後期高齢者医療事業特別会計補正予算,はい
令和5年9月定例会,R050927A,8,高予第24号,第1回令和5年度高砂市介護保険事業特別会計補正予算,採決あり(電子表決、賛成多数),,0,0,高予第24号、第1回令和5年度高砂市介護保険事業特別会計補正予算,はい
令和5年9月定例会,R050927A,9,高予第25号,第3回令和5年度高砂市水道事業会計補正予算,異議なし(全会一致),,0,0,高予第25号、第3回令和5年度高砂市水道事業会計補正予算,はい
令和5年9月定例会,R050927A,10,高予第26号,第1回令和5年度高砂市工業用水道事業会計補正予算,異議なし(全会一致),,0,0,高予第26号、第1回令和5年度高砂市工業用水道事業会計補正予算,はい
令和5年9月定例会,R050927A,11,高予第27号,第1回令和5年度高砂市下水道事業会計補正予算,異議なし(全会一致),,0,0,高予第27号、第1回令和5年度高砂市下水道事業会計補正予算,はい
令和5年9月定例会,R050927A,12,,陳情のこと,採決あり(電子表決、賛成多数),,0,0,陳情のこと,はい
令和5年9月定例会,R050927A,13,,継続審査中の陳情のこと,採決あり(電子表決、賛成多数),,0,0,継続審査中の陳情のこと,はい
令和5年9月定例会,R050927A,14,高予第28号,第4回令和5年度高砂市一般会計補正予算,異議なし(全会一致),,0,0,高予第28号、第4回令和5年度高砂市一般会計補正予算,はい
令和5年9月定例会,R050927A,23,高議第45号,令和4年度高砂市病院事業会計決算認定についてまでを一括議題といたしたいと思いますが、ご異議ありませんか。 (「異議なし」の声あり) ○議長(藤森 誠君) ご異議なしと認め、日程第15から日程第23までの令和4年度高砂市各会計決算認定につきましては一括議題とし、質疑を行います。 質疑順及び持ち時間につきましては、議会運営委員会の申合せのとおり、1番目公明党30分、2番目明風会30分、3番目未来ネット,異議なし(全会一致),,0,0,高議第45号、令和4年度高砂市病院事業会計決算認定についてまでを一括議題といたしたいと思いますが、ご異議ありませんか。 (「異議なし」の声あり) ○議長(藤森 ,
令和5年9月定例会,R050927A,24,高議第53号,決算特別委員会を設けることについて,異議なし(全会一致),,0,0,高議第53号、決算特別委員会を設けることについて,はい
令和5年12月定例会,R051206A,2,高報第14号|高専第6号,専決処分をしたものにつき承認を求めることについて|第5回令和5年度高砂市一般会計補正予算について,異議なし(全会一致),はい,0,0,高報第14号、専決処分をしたものにつき承認を求めることについて、高専第6号、第5回令和5年度高砂市一般会計補正予算について,はい
令和5年12月定例会,R051206A,3,高報第15号|高専第7号,専決処分をしたものにつき承認を求めることについて|第6回令和5年度高砂市一般会計補正予算について,異議なし(全会一致),はい,0,0,高報第15号、専決処分をしたものにつき承認を求めることについて、高専第7号、第6回令和5年度高砂市一般会計補正予算について,はい
令和5年12月定例会,R051206A,4,高議第54号,指定管理者の指定について,判定不能,,0,0,高議第54号、指定管理者の指定について,
令和5年12月定例会,R051206A,5,高議第55号,指定管理者の指定について,判定不能,,0,0,高議第55号、指定管理者の指定について,
令和5年12月定例会,R051206A,6,高議第56号,指定管理者の指定について,判定不能,,0,0,高議第56号、指定管理者の指定について,
令和5年12月定例会,R051206A,7,高議第57号,指定管理者の指定について,判定不能,,0,0,高議第57号、指定管理者の指定について,はい
令和5年12月定例会,R051206A,8,高議第58号,指定管理者の指定について,判定不能,,0,0,高議第58号、指定管理者の指定について,
令和5年12月定例会,R051206A,9,高議第59号,指定管理者の指定について,判定不能,,0,0,高議第59号、指定管理者の指定について,
令和5年12月定例会,R051206A,10,高議第60号,指定管理者の指定について,判定不能,,0,0,高議第60号、指定管理者の指定について,
令和5年12月定例会,R051206A,11,高議第61号,高砂市職員の給与に関する条例の一部を改正する条例を定めることについて,判定不能,,0,0,高議第61号、高砂市職員の給与に関する条例の一部を改正する条例を定めることについて,
令和5年12月定例会,R051206A,12,高議第62号,特別職の職員で常勤のものの給与に関する条例の一部を改正する条例を定めることについて,異議なし(全会一致),,0,0,高議第62号、特別職の職員で常勤のものの給与に関する条例の一部を改正する条例を定めることについて,
令和5年12月定例会,R051207A,2,高議第63号,高砂市会計年度任用職員の給与等に関する条例の一部を改正する条例を定めることについて,判定不能,,0,0,高議第63号、高砂市会計年度任用職員の給与等に関する条例の一部を改正する条例を定めることについて,
令和5年12月定例会,R051207A,3,高議第64号,高砂市減債基金条例の一部を改正する条例を定めることについて,判定不能,,0,0,高議第64号、高砂市減債基金条例の一部を改正する条例を定めることについて,
令和5年12月定例会,R051207A,4,高議第65号,高砂市地域交流センター条例を定めることについて,判定不能,,0,0,高議第65号、高砂市地域交流センター条例を定めることについて,
令和5年12月定例会,R051207A,5,高議第66号,高砂市市民サービスコーナー及び市民コーナー設置条例の一部を改正する条例を定めることについて,判定不能,,0,0,高議第66号、高砂市市民サービスコーナー及び市民コーナー設置条例の一部を改正する条例を定めることについて,
令和5年12月定例会,R051207A,6,高議第67号,高砂市子育て支援センター条例の一部を改正する条例を定めることについて,判定不能,,0,0,高議第67号、高砂市子育て支援センター条例の一部を改正する条例を定めることについて,
令和5年12月定例会,R051207A,7,高議第68号,高砂市立幼保連携型認定こども園条例の一部を改正する等の条例を定めることについて,判定不能,,0,0,高議第68号、高砂市立幼保連携型認定こども園条例の一部を改正する等の条例を定めることについて,
令和5年12月定例会,R051207A,8,高議第69号,高砂市文化会館条例の一部を改正する条例を定めることについて,判定不能,,0,0,高議第69号、高砂市文化会館条例の一部を改正する条例を定めることについて,
令和5年12月定例会,R051207A,9,高議第70号,高砂市福祉総合相談センター条例を定めることについて,判定不能,,0,0,高議第70号、高砂市福祉総合相談センター条例を定めることについて,
令和5年12月定例会,R051207A,10,高議第71号,高砂市駐車場条例を廃止する条例を定めることについて,判定不能,,0,0,高議第71号、高砂市駐車場条例を廃止する条例を定めることについて,
令和5年12月定例会,R051207A,11,高議第72号,高砂市緑丘二丁目地区再開発等促進区地区計画に係る公園整備基金条例の一部を改正する条例を定めることについて,判定不能,,0,0,高議第72号、高砂市緑丘二丁目地区再開発等促進区地区計画に係る公園整備基金条例の一部を改正する条例を定めることについて,
令和5年12月定例会,R051207A,12,高議第73号,高砂市手数料条例の一部を改正する条例を定めることについて,判定不能,,0,0,高議第73号、高砂市手数料条例の一部を改正する条例を定めることについて,
令和5年12月定例会,R051207A,13,高議第74号,高砂市建築手数料条例の一部を改正する条例を定めることについて,判定不能,,0,0,高議第74号、高砂市建築手数料条例の一部を改正する条例を定めることについて,
令和5年12月定例会,R051207A,14,高議第75号,高砂市空家等の適正な管理に関する条例の一部を改正する条例を定めることについて,判定不能,,0,0,高議第75号、高砂市空家等の適正な管理に関する条例の一部を改正する条例を定めることについて,
令和5年12月定例会,R051207A,15,高議第76号,高砂市立公民館条例を廃止する条例を定めることについて,判定不能,,0,0,高議第76号、高砂市立公民館条例を廃止する条例を定めることについて,
令和5年12月定例会,R051207A,16,高議第77号,高砂市水道事業給水条例の一部を改正する条例を定めることについて,判定不能,,0,0,高議第77号、高砂市水道事業給水条例の一部を改正する条例を定めることについて,
令和5年12月定例会,R051207A,17,高予第29号,第7回令和5年度、高砂市一般会計補正予算,採決あり(起立),,0,0,高予第29号、第7回令和5年度、高砂市一般会計補正予算,
令和5年12月定例会,R051208A,2,高予第29号,第7回令和5年度高砂市一般会計補正予算,判定不能,,0,0,高予第29号、第7回令和5年度高砂市一般会計補正予算,
令和5年12月定例会,R051208A,3,高予第30号,第2回令和5年度高砂市国民健康保険事業特別会計補正予算,判定不能,,0,0,高予第30号、第2回令和5年度高砂市国民健康保険事業特別会計補正予算,
令和5年12月定例会,R051208A,4,高予第31号,第2回令和5年度高砂市後期高齢者医療事業特別会計補正予算,判定不能,,0,0,高予第31号、第2回令和5年度高砂市後期高齢者医療事業特別会計補正予算,
令和5年12月定例会,R051208A,5,高予第32号,第2回令和5年度高砂市介護保険事業特別会計補正予算,判定不能,,0,0,高予第32号、第2回令和5年度高砂市介護保険事業特別会計補正予算,
令和5年12月定例会,R051208A,6,高予第33号,第4回令和5年度高砂市水道事業会計補正予算,判定不能,,0,0,高予第33号、第4回令和5年度高砂市水道事業会計補正予算,
令和5年12月定例会,R051208A,7,高予第34号,第2回令和5年度高砂市工業用水道事業会計補正予算,判定不能,,0,0,高予第34号、第2回令和5年度高砂市工業用水道事業会計補正予算,
令和5年12月定例会,R051208A,8,高予第35号,第2回令和5年度高砂市下水道事業会計補正予算,判定不能,,0,0,高予第35号、第2回令和5年度高砂市下水道事業会計補正予算,
令和5年12月定例会,R051208A,9,高予第36号,第2回令和5年度高砂市病院事業会計補正予算,判定不能,,0,0,高予第36号、第2回令和5年度高砂市病院事業会計補正予算,
令和5年12月定例会,R051218A,2,,一般質問を行います。 通告順に質問を許可いたします。 8番目、2番、松野優也議員。 (2番 松野優也君 登壇) ○2番(松野優也君) 皆様、おはようございます。2番、民主クラブの松野優也でございます。 一般質問が1週間延びたということで、1週間ずっと緊張しっ放しでした。しかし、通告順に従いまして、一般質問させていただきます。 今回の一般質問は、次の100年へと続く水道事業に向けてを議題として質問さ,判定不能,,0,0,一般質問を行います。 通告順に質問を許可いたします。 8番目、2番、松野優也議員。 (2番 松野優也君 登壇) ○2番(松野優也君) 皆様、おはようございます。,はい
令和5年12月定例会,R051218A,3,高議第54号,指定管理者の指定について,採決あり(電子表決、賛成多数),,0,0,高議第54号、指定管理者の指定について,はい
令和5年12月定例会,R051218A,4,高議第55号,指定管理者の指定について,採決あり(電子表決、賛成多数),,0,0,高議第55号、指定管理者の指定について,はい
令和5年12月定例会,R051218A,5,高議第56号,指定管理者の指定について,異議なし(全会一致),,0,0,高議第56号、指定管理者の指定について,はい
令和5年12月定例会,R051218A,6,高議第57号,指定管理者の指定について,採決あり(電子表決、賛成多数),,0,0,高議第57号、指定管理者の指定について,はい
令和5年12月定例会,R051218A,7,高議第58号,指定管理者の指定について,異議なし(全会一致),,0,0,高議第58号、指定管理者の指定について,はい
令和5年12月定例会,R051218A,8,高議第59号,指定管理者の指定について,異議なし(全会一致),,0,0,高議第59号、指定管理者の指定について,はい
令和5年12月定例会,R051218A,9,高議第60号,指定管理者の指定について,異議なし(全会一致),,0,0,高議第60号、指定管理者の指定について,はい
令和5年12月定例会,R051218A,10,高議第61号,高砂市職員の給与に関する条例の一部を改正する条例を定めることについて,採決あり(電子表決、賛成多数),,0,0,高議第61号、高砂市職員の給与に関する条例の一部を改正する条例を定めることについて,はい
令和5年12月定例会,R051218A,12,高議第63号,高砂市会計年度任用職員の給与等に関する条例の一部を改正する条例を定めることについて,異議なし(全会一致),,0,0,高議第63号、高砂市会計年度任用職員の給与等に関する条例の一部を改正する条例を定めることについて,はい
令和5年12月定例会,R051218A,14,高議第65号,高砂市地域交流センター条例を定めることについて,採決あり(電子表決、賛成多数),,1,0,高議第65号、高砂市地域交流センター条例を定めることについて,はい
令和5年12月定例会,R051218A,15,高議第66号,高砂市市民サービスコーナー及び市民コーナー設置条例の一部を改正する条例を定めることについて,採決あり(電子表決、賛成多数),,0,0,高議第66号、高砂市市民サービスコーナー及び市民コーナー設置条例の一部を改正する条例を定めることについて,はい
令和5年12月定例会,R051218A,16,高議第67号,高砂市子育て支援センター条例の一部を改正する条例を定めることについて,異議なし(全会一致),,0,0,高議第67号、高砂市子育て支援センター条例の一部を改正する条例を定めることについて,はい
令和5年12月定例会,R051218A,17,高議第68号,高砂市立幼保連携型認定こども園条例の一部を改正する等の条例を定めることについて,採決あり(電子表決、賛成多数),,0,0,高議第68号、高砂市立幼保連携型認定こども園条例の一部を改正する等の条例を定めることについて,はい
令和5年12月定例会,R051218A,19,高議第70号,高砂市福祉総合相談センター条例を定めることについて,採決あり(電子表決、賛成多数),,0,0,高議第70号、高砂市福祉総合相談センター条例を定めることについて,はい
令和5年12月定例会,R051218A,20,高議第71号,高砂市駐車場条例を廃止する条例を定めることについて,異議なし(全会一致),,0,0,高議第71号、高砂市駐車場条例を廃止する条例を定めることについて,はい
令和5年12月定例会,R051218A,21,高議第72号,高砂市緑丘二丁目地区再開発等促進区地区計画に係る公園整備基金条例の一部を改正する条例を定めることについて,異議なし(全会一致),,0,0,高議第72号、高砂市緑丘二丁目地区再開発等促進区地区計画に係る公園整備基金条例の一部を改正する条例を定めることについて,はい
令和5年12月定例会,R051218A,22,高議第73号,高砂市手数料条例の一部を改正する条例を定めることについて,異議なし(全会一致),,0,0,高議第73号、高砂市手数料条例の一部を改正する条例を定めることについて,はい
令和5年12月定例会,R051218A,23,高議第74号,高砂市建築手数料条例の一部を改正する条例を定めることについて,異議なし(全会一致),,0,0,高議第74号、高砂市建築手数料条例の一部を改正する条例を定めることについて,はい
令和5年12月定例会,R051218A,24,高議第75号,高砂市空家等の適正な管理に関する条例の一部を改正する条例を定めることについて,異議なし(全会一致),,0,0,高議第75号、高砂市空家等の適正な管理に関する条例の一部を改正する条例を定めることについて,はい
令和5年12月定例会,R051218A,25,高議第76号,高砂市立公民館条例を廃止する条例を定めることについて,採決あり(電子表決、賛成多数),,0,0,高議第76号、高砂市立公民館条例を廃止する条例を定めることについて,はい
令和5年12月定例会,R051218A,26,高議第77号,高砂市水道事業給水条例の一部を改正する条例を定めることについて,採決あり(電子表決、賛成多数),,0,0,高議第77号、高砂市水道事業給水条例の一部を改正する条例を定めることについて,はい
令和5年12月定例会,R051218A,27,高予第29号,第7回令和5年度高砂市一般会計補正予算,採決あり(電子表決、賛成多数),,0,0,高予第29号、第7回令和5年度高砂市一般会計補正予算,はい
令和5年12月定例会,R051218A,28,高予第30号,第2回令和5年度高砂市国民健康保険事業特別会計補正予算,採決あり(電子表決、賛成多数),,0,0,高予第30号、第2回令和5年度高砂市国民健康保険事業特別会計補正予算,はい
令和5年12月定例会,R051218A,29,高予第31号,第2回令和5年度高砂市後期高齢者医療事業特別会計補正予算,採決あり(電子表決、賛成多数),,0,0,高予第31号、第2回令和5年度高砂市後期高齢者医療事業特別会計補正予算,はい
令和5年12月定例会,R051218A,30,高予第32号,第2回令和5年度高砂市介護保険事業特別会計補正予算,採決あり(電子表決、賛成多数),,0,0,高予第32号、第2回令和5年度高砂市介護保険事業特別会計補正予算,はい
令和5年12月定例会,R051218A,31,高予第33号,第4回令和5年度高砂市水道事業会計補正予算,異議なし(全会一致),,0,0,高予第33号、第4回令和5年度高砂市水道事業会計補正予算,はい
令和5年12月定例会,R051218A,32,高予第34号,第2回令和5年度高砂市工業用水道事業会計補正予算,異議なし(全会一致),,0,0,高予第34号、第2回令和5年度高砂市工業用水道事業会計補正予算,はい
令和5年12月定例会,R051218A,33,高予第35号,第2回令和5年度高砂市下水道事業会計補正予算,異議なし(全会一致),,0,0,高予第35号、第2回令和5年度高砂市下水道事業会計補正予算,はい
令和5年12月定例会,R051218A,34,高予第36号,第2回令和5年度高砂市病院事業会計補正予算,採決あり(電子表決、賛成多数),,0,0,高予第36号、第2回令和5年度高砂市病院事業会計補正予算,はい
令和5年12月定例会,R051218A,35,,陳情のこと,採決あり(電子表決、賛成多数),,0,0,陳情のこと,はい
令和5年12月定例会,R051218A,36,,陳情のこと,採決あり(電子表決),,0,0,陳情のこと,はい
令和5年12月定例会,R051218A,37,,継続審査中の陳情のこと,採決あり(電子表決、賛成多数),,0,0,継続審査中の陳情のこと,はい
令和5年12月定例会,R051218A,38,,継続審査中の陳情のこと,採決あり(電子表決、賛成多数、全員賛成),,3,0,継続審査中の陳情のこと,はい
令和5年12月定例会,R051218A,48,高議第78号,教育委員会委員を任命するにつき同意を求めることについて,異議なし(全会一致),,0,0,高議第78号、教育委員会委員を任命するにつき同意を求めることについて,はい
令和5年12月定例会,R051219A,3,高議第79号,損害賠償の額を定めることについて,判定不能,,0,0,高議第79号、損害賠償の額を定めることについて,
令和5年12月定例会,R051219A,4,,高議題80号、高砂市国民健康保険条例の一部を改正する条例を定めることについて,判定不能,,0,0,高議題80号、高砂市国民健康保険条例の一部を改正する条例を定めることについて,
令和5年12月定例会,R051219A,5,高予第37号,第8回令和5年度高砂市一般会計補正予算,判定不能,,0,0,高予第37号、第8回令和5年度高砂市一般会計補正予算,
令和5年12月定例会,R051219A,6,高予第38号,第3回令和5年度高砂市国民健康保険事業特別会計補正予算,判定不能,,0,0,高予第38号、第3回令和5年度高砂市国民健康保険事業特別会計補正予算,
令和5年12月定例会,R051219A,3,高議第79号,損害賠償の額を定めることについて,異議なし(全会一致),,0,0,高議第79号、損害賠償の額を定めることについて,はい
令和5年12月定例会,R051219A,4,高議第80号,高砂市国民健康保険条例の一部を改正する条例を定めることについて,異議なし(全会一致),,0,0,高議第80号、高砂市国民健康保険条例の一部を改正する条例を定めることについて,はい
令和5年12月定例会,R051219A,5,高予第37号,第8回令和5年度高砂市一般会計補正予算,異議なし(全会一致),,0,0,高予第37号、第8回令和5年度高砂市一般会計補正予算,はい
令和5年12月定例会,R051219A,6,高予第38号,第3回令和5年度高砂市国民健康保険事業特別会計補正予算,異議なし(全会一致),,0,0,高予第38号、第3回令和5年度高砂市国民健康保険事業特別会計補正予算,はい
令和6年2月臨時会,R060205A,4,高報第1号|高専第1号,専決処分をしたものにつき承認を求めることについて 高専第1号、損害賠償の額を定めることについて,異議なし(全会一致),はい,0,0,高報第1号、専決処分をしたものにつき承認を求めることについて 高専第1号、損害賠償の額を定めることについて,はい
令和6年2月臨時会,R060205A,5,高予第1号,第9回令和5年度高砂市一般会計補正予算,判定不能,,0,0,高予第1号、第9回令和5年度高砂市一般会計補正予算,
令和6年2月臨時会,R060205A,5,高予第1号,第9回令和5年度高砂市一般会計補正予算,異議なし(全会一致),,0,0,高予第1号、第9回令和5年度高砂市一般会計補正予算,はい
令和6年3月定例会,R060226A,4,高議第1号,高砂市手数料条例の一部を改正する条例を定めることについて,判定不能,,0,0,高議第1号、高砂市手数料条例の一部を改正する条例を定めることについて,
令和6年3月定例会,R060226A,4,高議第1号,高砂市手数料条例の一部を改正する条例を定めることについて,異議なし(全会一致),,0,0,高議第1号、高砂市手数料条例の一部を改正する条例を定めることについて,はい
令和6年3月定例会,R060227A,2,高議第2号,高砂市市営住宅条例の一部を改正する条例を定めることについて,判定不能,,0,0,高議第2号、高砂市市営住宅条例の一部を改正する条例を定めることについて,
令和6年3月定例会,R060227A,3,高予第2号,第10回令和5年度高砂市一般会計補正予算,採決あり(起立),,0,0,高予第2号、第10回令和5年度高砂市一般会計補正予算,
令和6年3月定例会,R060228A,2,高予第3号,第4回令和5年度高砂市国民健康保険事業特別会計補正予算,判定不能,,0,0,高予第3号、第4回令和5年度高砂市国民健康保険事業特別会計補正予算,
令和6年3月定例会,R060228A,3,高予第4号,第3回令和5年度高砂市後期高齢者医療事業特別会計補正予算,判定不能,,0,0,高予第4号、第3回令和5年度高砂市後期高齢者医療事業特別会計補正予算,
令和6年3月定例会,R060228A,4,高予第5号,第3回令和5年度高砂市介護保険事業特別会計補正予算,判定不能,,0,0,高予第5号、第3回令和5年度高砂市介護保険事業特別会計補正予算,
令和6年3月定例会,R060228A,5,高予第6号,第5回令和5年度高砂市水道事業会計補正予算,判定不能,,0,0,高予第6号、第5回令和5年度高砂市水道事業会計補正予算,
令和6年3月定例会,R060228A,6,高予第7号,第3回令和5年度高砂市下水道事業会計補正予算,判定不能,,0,0,高予第7号、第3回令和5年度高砂市下水道事業会計補正予算,
令和6年3月定例会,R060228A,7,高予第8号,第3回令和5年度高砂市病院事業会計補正予算,判定不能,,0,0,高予第8号、第3回令和5年度高砂市病院事業会計補正予算,
令和6年3月定例会,R060301A,2,高議第2号,高砂市市営住宅条例の一部を改正する条例を定めることについて,異議なし(全会一致),,0,0,高議第2号、高砂市市営住宅条例の一部を改正する条例を定めることについて,はい
令和6年3月定例会,R060301A,3,高予第2号,第10回令和5年度高砂市一般会計補正予算,採決あり(電子表決、賛成多数),,0,0,高予第2号、第10回令和5年度高砂市一般会計補正予算,はい
令和6年3月定例会,R060301A,4,高予第3号,第4回令和5年度高砂市国民健康保険事業特別会計補正予算,異議なし(全会一致),,0,0,高予第3号、第4回令和5年度高砂市国民健康保険事業特別会計補正予算,はい
令和6年3月定例会,R060301A,5,高予第4号,第3回令和5年度高砂市後期高齢者医療事業特別会計補正予算,異議なし(全会一致),,0,0,高予第4号、第3回令和5年度高砂市後期高齢者医療事業特別会計補正予算,はい
令和6年3月定例会,R060301A,6,高予第5号,第3回令和5年度高砂市介護保険事業特別会計補正予算,異議なし(全会一致),,0,0,高予第5号、第3回令和5年度高砂市介護保険事業特別会計補正予算,はい
令和6年3月定例会,R060301A,7,高予第6号,第5回令和5年度高砂市水道事業会計補正予算,採決あり(電子表決、賛成多数),,0,0,高予第6号、第5回令和5年度高砂市水道事業会計補正予算,はい
令和6年3月定例会,R060301A,8,高予第7号,第3回令和5年度高砂市下水道事業会計補正予算,異議なし(全会一致),,0,0,高予第7号、第3回令和5年度高砂市下水道事業会計補正予算,はい
令和6年3月定例会,R060301A,9,高予第8号,第3回令和5年度高砂市病院事業会計補正予算,異議なし(全会一致),,0,0,高予第8号、第3回令和5年度高砂市病院事業会計補正予算,はい
令和6年3月定例会,R060304A,2,高議第3号,市道路線の認定について,判定不能,,0,0,高議第3号、市道路線の認定について,
令和6年3月定例会,R060304A,3,高議第4号,市道路線の変更について,判定不能,,0,0,高議第4号、市道路線の変更について,
令和6年3月定例会,R060304A,4,高議第5号,兵庫県市町村職員退職手当組合を組織する地方公共団体の数の増減及び規約の変更について,判定不能,,0,0,高議第5号、兵庫県市町村職員退職手当組合を組織する地方公共団体の数の増減及び規約の変更について,
令和6年3月定例会,R060304A,5,高議第6号,行政手続における特定の個人を識別するための番号の利用等に関する法律に基づく個人番号の利用及び特定個人情報の提供に関する条例の一部を改正する条例を定めることについて,判定不能,,0,0,高議第6号、行政手続における特定の個人を識別するための番号の利用等に関する法律に基づく個人番号の利用及び特定個人情報の提供に関する条例の一部を改正する条例を定め,
令和6年3月定例会,R060304A,6,高議第7号,高砂市公益的法人等への職員の派遣等に関する条例の一部を改正する条例を定めることについて,判定不能,,0,0,高議第7号、高砂市公益的法人等への職員の派遣等に関する条例の一部を改正する条例を定めることについて,
令和6年3月定例会,R060304A,7,高議第8号,高砂市会計年度任用職員の給与等に関する条例及び高砂市企業職員の給与に関する条例の一部を改正する条例を定めることについて,判定不能,,0,0,高議第8号、高砂市会計年度任用職員の給与等に関する条例及び高砂市企業職員の給与に関する条例の一部を改正する条例を定めることについて,
令和6年3月定例会,R060304A,8,高議第9号,高砂市手数料条例の一部を改正する条例を定めることについて,判定不能,,0,0,高議第9号、高砂市手数料条例の一部を改正する条例を定めることについて,
令和6年3月定例会,R060304A,9,高議第12号,高砂市指定地域密着型サービスの事業に関する基準等を定める条例等の一部を改正する条例を定めることについて,判定不能,,0,0,高議第12号、高砂市指定地域密着型サービスの事業に関する基準等を定める条例等の一部を改正する条例を定めることについて,
令和6年3月定例会,R060304A,10,高議第13号,高砂市立高砂児童学園条例の一部を改正する条例を定めることについて,判定不能,,0,0,高議第13号、高砂市立高砂児童学園条例の一部を改正する条例を定めることについて,
令和6年3月定例会,R060304A,11,高議第14号,高砂市市営住宅条例の一部を改正する条例を定めることについて,判定不能,,0,0,高議第14号、高砂市市営住宅条例の一部を改正する条例を定めることについて,
令和6年3月定例会,R060304A,13,高議第16号,高砂市病院事業の設置等に関する条例の一部を改正する条例を定めることについてを一括議題といたしたいと思いますが、ご異議ありませんか。 (「異議なし」の声あり) ○議長(藤森 誠君) ご異議なしと認め、,異議なし(全会一致),,0,0,高議第16号、高砂市病院事業の設置等に関する条例の一部を改正する条例を定めることについてを一括議題といたしたいと思いますが、ご異議ありませんか。 (「異議なし」,
令和6年3月定例会,R060304A,13,高議第16号|高議第15号|高議第16号,高砂市病院事業の設置等に関する条例の一部を改正する条例を定めることについてを一括議題といたします。 当局の説明を求めます。 上下水道部長。 ○上下水道部長(井上陽介君) 議案書の41ページをお願いいたします。 高議第15号、高砂市水道事業及び工業用水道事業並びに下水道事業の設置等に関する条例の一部を改正する条例を定めることについてご説明いたします。 定例会参考資料65ページをお願いいたします。 新,判定不能,はい,0,0,高議第16号、高砂市病院事業の設置等に関する条例の一部を改正する条例を定めることについてを一括議題といたします。 当局の説明を求めます。 上下水道部長。 ○上下,
令和6年3月定例会,R060304A,14,高議第17号,高砂市消防団員等公務災害補償条例の一部を改正する条例を定めることについて,判定不能,,0,0,高議第17号、高砂市消防団員等公務災害補償条例の一部を改正する条例を定めることについて,
令和6年3月定例会,R060304A,15,高議第18号,高砂市消防手数料条例の一部を改正する条例を定めることについて,判定不能,,0,0,高議第18号、高砂市消防手数料条例の一部を改正する条例を定めることについて,
令和6年3月定例会,R060304A,16,高予第9号,令和6年度高砂市一般会計予算,採決あり(起立),,0,0,高予第9号、令和6年度高砂市一般会計予算,
令和6年3月定例会,R060305A,2,高予第9号,令和6年度高砂市一般会計予算,異議なし(全会一致),,0,0,高予第9号、令和6年度高砂市一般会計予算,はい
令和6年3月定例会,R060306A,2,高予第9号,令和6年度高砂市一般会計予算,判定不能,,0,0,高予第9号、令和6年度高砂市一般会計予算,はい
令和6年3月定例会,R060306A,3,高予第16号,令和6年度高砂市病院事業会計予算,判定不能,,0,0,高予第16号、令和6年度高砂市病院事業会計予算,
令和6年3月定例会,R060306A,5,高予第10号,"令和6年度高砂市国民健康保険事業特別会計予算を一括議題といたしたいと思いますが、ご異議ありませんか。 (「異議なし」の声あり) <PAGE=""463""> ○議長(藤森 誠君) ご異議なしと認め、",異議なし(全会一致),,0,0,"高予第10号、令和6年度高砂市国民健康保険事業特別会計予算を一括議題といたしたいと思いますが、ご異議ありませんか。 (「異議なし」の声あり) <PAGE=""46",
令和6年3月定例会,R060306A,5,高予第10号|高議第10号,令和6年度高砂市国民健康保険事業特別会計予算を一括議題といたします。 休憩いたします。 (午後 5時26分 休憩) ―――――――――――――――― (午後 5時26分 再開) ○議長(藤森 誠君) 再開いたします。 当局の説明を求めます。 市民部長。 ○市民部長(川平貴儀君) 議案書21ページをお願いいたします。 高議第10号、高砂市国民健康保険条例の一部を改正する条例を定めることについてでござ,判定不能,はい,0,0,高予第10号、令和6年度高砂市国民健康保険事業特別会計予算を一括議題といたします。 休憩いたします。 (午後 5時26分 休憩) ―――――――――――――――,
令和6年3月定例会,R060306A,6,高予第11号,令和6年度高砂市後期高齢者医療事業特別会計予算,判定不能,,0,0,高予第11号、令和6年度高砂市後期高齢者医療事業特別会計予算,
令和6年3月定例会,R060306A,8,高予第12号,令和6年度高砂市介護保険事業特別会計予算を一括議題といたしたいと思いますが、ご異議ありませんか。 (「異議なし」の声あり) ○議長(藤森 誠君) ご異議なしと認め、,異議なし(全会一致),,0,0,高予第12号、令和6年度高砂市介護保険事業特別会計予算を一括議題といたしたいと思いますが、ご異議ありませんか。 (「異議なし」の声あり) ○議長(藤森 誠君) ,
令和6年3月定例会,R060306A,8,高予第12号|高議第11号,令和6年度高砂市介護保険事業特別会計予算を一括議題といたします。 当局の説明を求めます。 市民部長。 ○市民部長(川平貴儀君) 議案書23ページをお願いいたします。 高議第11号、高砂市介護保険条例の一部を改正する条例を定めることについてでございます。 参考資料のほうで説明させていただきます。参考資料、条例議案の44ページをお願いいたします。介護保険条例の一部を改正する条例の新旧対照表をお示しして,判定不能,はい,0,0,高予第12号、令和6年度高砂市介護保険事業特別会計予算を一括議題といたします。 当局の説明を求めます。 市民部長。 ○市民部長(川平貴儀君) 議案書23ページを,
令和6年3月定例会,R060306A,9,高予第13号,令和6年度高砂市水道事業会計予算,判定不能,,0,0,高予第13号、令和6年度高砂市水道事業会計予算,
令和6年3月定例会,R060306A,10,高予第14号,令和6年度高砂市工業用水道事業会計予算,判定不能,,0,0,高予第14号、令和6年度高砂市工業用水道事業会計予算,
令和6年3月定例会,R060306A,11,高予第15号,令和6年度高砂市下水道事業会計予算,判定不能,,0,0,高予第15号、令和6年度高砂市下水道事業会計予算,
令和6年3月定例会,R060306A,12,,陳情を議題とし、お手元に配付いたしております議案等付託表のとおり、所管の常任委員会に付託いたします。 以上で本日の日程は全て終了いたしました。 本日はこれで散会いたします。 明7日、午前10時から再開し、一般質問を行いますのでご参集願います。 (午後 6時53分 散会) 地方自治法第123条第2項の規定により次に署名する。 令和6年3月6日 市議会議長 藤 森 誠 署名議員 大 西 由 紀 署名議,判定不能,,0,0,陳情を議題とし、お手元に配付いたしております議案等付託表のとおり、所管の常任委員会に付託いたします。 以上で本日の日程は全て終了いたしました。 本日はこれで散会,
令和6年3月定例会,R060313A,2,高議第3号,市道路線の認定について,異議なし(全会一致),,0,0,高議第3号、市道路線の認定について,はい
令和6年3月定例会,R060313A,3,高議第4号,市道路線の変更について,異議なし(全会一致),,0,0,高議第4号、市道路線の変更について,はい
令和6年3月定例会,R060313A,4,高議第5号,兵庫県市町村職員退職手当組合を組織する地方公共団体の数の増減及び規約の変更について,異議なし(全会一致),,0,0,高議第5号、兵庫県市町村職員退職手当組合を組織する地方公共団体の数の増減及び規約の変更について,はい
令和6年3月定例会,R060313A,5,高議第6号,行政手続における特定の個人を識別するための番号の利用等に関する法律に基づく個人番号の利用及び特定個人情報の提供に関する条例の一部を改正する条例を定めることについて,異議なし(全会一致),,0,0,高議第6号、行政手続における特定の個人を識別するための番号の利用等に関する法律に基づく個人番号の利用及び特定個人情報の提供に関する条例の一部を改正する条例を定め,はい
令和6年3月定例会,R060313A,6,高議第7号,高砂市公益的法人等への職員の派遣等に関する条例の一部を改正する条例を定めることについて,異議なし(全会一致),,0,0,高議第7号、高砂市公益的法人等への職員の派遣等に関する条例の一部を改正する条例を定めることについて,はい
令和6年3月定例会,R060313A,7,高議第8号,高砂市会計年度任用職員の給与等に関する条例及び高砂市企業職員の給与に関する条例の一部を改正する条例を定めることについて,異議なし(全会一致),,0,0,高議第8号、高砂市会計年度任用職員の給与等に関する条例及び高砂市企業職員の給与に関する条例の一部を改正する条例を定めることについて,はい
令和6年3月定例会,R060313A,8,高議第9号,高砂市手数料条例の一部を改正する条例を定めることについて,異議なし(全会一致),,0,0,高議第9号、高砂市手数料条例の一部を改正する条例を定めることについて,はい
令和6年3月定例会,R060313A,9,高議第10号,高砂市国民健康保険条例の一部を改正する条例を定めることについて,採決あり(電子表決、賛成多数),,0,0,高議第10号、高砂市国民健康保険条例の一部を改正する条例を定めることについて,はい
令和6年3月定例会,R060313A,11,高議第12号,高砂市指定地域密着型サービスの事業に関する基準等を定める条例等の一部を改正する条例を定めることについて,異議なし(全会一致),,0,0,高議第12号、高砂市指定地域密着型サービスの事業に関する基準等を定める条例等の一部を改正する条例を定めることについて,はい
令和6年3月定例会,R060313A,13,高議第14号,高砂市市営住宅条例の一部を改正する条例を定めることについて,異議なし(全会一致),,0,0,高議第14号、高砂市市営住宅条例の一部を改正する条例を定めることについて,はい
令和6年3月定例会,R060313A,14,高議第15号,高砂市水道事業及び工業用水道事業並びに下水道事業の設置等に関する条例の一部を改正する条例を定めることについて,異議なし(全会一致),,0,0,高議第15号、高砂市水道事業及び工業用水道事業並びに下水道事業の設置等に関する条例の一部を改正する条例を定めることについて,はい
令和6年3月定例会,R060313A,15,高議第16号,高砂市病院事業の設置等に関する条例の一部を改正する条例を定めることについて,異議なし(全会一致),,0,0,高議第16号、高砂市病院事業の設置等に関する条例の一部を改正する条例を定めることについて,はい
令和6年3月定例会,R060313A,16,高議第17号,高砂市消防団員等公務災害補償条例の一部を改正する条例を定めることについて,異議なし(全会一致),,0,0,高議第17号、高砂市消防団員等公務災害補償条例の一部を改正する条例を定めることについて,はい
令和6年3月定例会,R060313A,18,高予第9号,令和6年度高砂市一般会計予算,採決あり(電子表決、賛成多数),,0,0,高予第9号、令和6年度高砂市一般会計予算,はい
令和6年3月定例会,R060313A,19,,決議のこと、令和6年度高砂市一般会計予算の議決にあたっての附帯決議,異議なし(全会一致),,0,0,決議のこと、令和6年度高砂市一般会計予算の議決にあたっての附帯決議,
令和6年3月定例会,R060313A,20,高予第10号,令和6年度高砂市国民健康保険事業特別会計予算,採決あり(電子表決、賛成多数),,0,0,高予第10号、令和6年度高砂市国民健康保険事業特別会計予算,はい
令和6年3月定例会,R060313A,21,高予第11号,令和6年度高砂市後期高齢者医療事業特別会計予算,採決あり(電子表決、賛成多数),,0,0,高予第11号、令和6年度高砂市後期高齢者医療事業特別会計予算,はい
令和6年3月定例会,R060313A,22,高予第12号,令和6年度高砂市介護保険事業特別会計予算,採決あり(電子表決、賛成多数),,0,0,高予第12号、令和6年度高砂市介護保険事業特別会計予算,はい
令和6年3月定例会,R060313A,23,高予第13号,令和6年度高砂市水道事業会計予算,異議なし(全会一致),,0,0,高予第13号、令和6年度高砂市水道事業会計予算,はい
令和6年3月定例会,R060313A,24,高予第14号,令和6年度高砂市工業用水道事業会計予算,異議なし(全会一致),,0,0,高予第14号、令和6年度高砂市工業用水道事業会計予算,はい
令和6年3月定例会,R060313A,25,高予第15号,令和6年度高砂市下水道事業会計予算,異議なし(全会一致),,0,0,高予第15号、令和6年度高砂市下水道事業会計予算,はい
令和6年3月定例会,R060313A,26,高予第16号,令和6年度高砂市病院事業会計予算,異議なし(全会一致),,0,0,高予第16号、令和6年度高砂市病院事業会計予算,はい
令和6年3月定例会,R060313A,27,,陳情のこと,異議なし(全会一致),,0,0,陳情のこと,はい
令和6年3月定例会,R060313A,28,,継続審査中の陳情のこと,採決あり(電子表決、賛成多数),,0,0,継続審査中の陳情のこと,はい
令和6年3月定例会,R060313A,29,,継続審査中の陳情のこと,採決あり(電子表決、賛成多数),,0,0,継続審査中の陳情のこと,はい
令和6年3月定例会,R060313A,30,高議第19号,損害賠償の額を定めることについて,判定不能,,0,0,高議第19号、損害賠償の額を定めることについて,
令和6年3月定例会,R060313A,31,高議第20号,高砂市市税条例の一部を改正する条例を定めることについて,判定不能,,0,0,高議第20号、高砂市市税条例の一部を改正する条例を定めることについて,
令和6年3月定例会,R060313A,32,高予第17号,第11回令和5年度高砂市一般会計補正予算,判定不能,,0,0,高予第17号、第11回令和5年度高砂市一般会計補正予算,はい
令和6年3月定例会,R060313A,30,高議第19号,損害賠償の額を定めることについて,異議なし(全会一致),,0,0,高議第19号、損害賠償の額を定めることについて,はい
令和6年3月定例会,R060313A,31,高議第20号,高砂市市税条例の一部を改正する条例を定めることについて,異議なし(全会一致),,0,0,高議第20号、高砂市市税条例の一部を改正する条例を定めることについて,はい
令和6年3月定例会,R060313A,32,高予第17号,第11回令和5年度高砂市一般会計補正予算,異議なし(全会一致),,0,0,高予第17号、第11回令和5年度高砂市一般会計補正予算,はい
令和6年3月定例会,R060313A,33,高議第21号,固定資産評価審査委員会委員を選任にするにつき同意を求めることについて,異議なし(全会一致),,0,0,高議第21号、固定資産評価審査委員会委員を選任にするにつき同意を求めることについて,はい
令和6年3月定例会,R060313A,34,高議第22号,教育委員会委員を任命するにつき同意を求めることについて,異議なし(全会一致),,0,0,高議第22号、教育委員会委員を任命するにつき同意を求めることについて,はい
令和6年3月定例会,R060313A,35,高議第23号,意見書提出のことについて,異議なし(全会一致),,0,0,高議第23号、意見書提出のことについて,はい
令和6年6月定例会,R060606A,2,高報第2号|高専第2号,専決処分をしたものにつき承認を求めることについて|高砂市市税条例の一部を改正する条例を定めることについて,異議なし(全会一致),はい,0,0,高報第2号、専決処分をしたものにつき承認を求めることについて、高専第2号、高砂市市税条例の一部を改正する条例を定めることについて,はい
令和6年6月定例会,R060606A,3,高報第3号|高専第3号,専決処分をしたものにつき承認を求めることについて|新築の住宅等に対して課する固定資産税軽減に関する条例の一部を改正する条例を定めることについて,異議なし(全会一致),はい,0,0,高報第3号、専決処分をしたものにつき承認を求めることについて、高専第3号、新築の住宅等に対して課する固定資産税軽減に関する条例の一部を改正する条例を定めることに,はい
令和6年6月定例会,R060606A,4,高報第4号,令和5年度高砂市一般会計繰越明許費繰越計算書について,判定不能,,0,0,高報第4号、令和5年度高砂市一般会計繰越明許費繰越計算書について,
令和6年6月定例会,R060606A,5,高報第5号,令和5年度高砂市下水道事業会計予算繰越計算書について,判定不能,,0,0,高報第5号、令和5年度高砂市下水道事業会計予算繰越計算書について,
令和6年6月定例会,R060606A,6,高報第6号,令和5年度高砂市病院事業会計予算繰越計算書について,判定不能,,0,0,高報第6号、令和5年度高砂市病院事業会計予算繰越計算書について,
令和6年6月定例会,R060606A,7,高報第7号,一般財団法人高砂市勤労福祉財団の経営状況の報告について,判定不能,,0,0,高報第7号、一般財団法人高砂市勤労福祉財団の経営状況の報告について,
令和6年6月定例会,R060606A,8,高報第8号,公益財団法人高砂市施設利用振興財団の経営状況の報告について,判定不能,,0,0,高報第8号、公益財団法人高砂市施設利用振興財団の経営状況の報告について,
令和6年6月定例会,R060606A,9,高議第24号,委託基本協定を締結することについて,判定不能,,0,0,高議第24号、委託基本協定を締結することについて,はい
令和6年6月定例会,R060606A,10,高議第25号,指定管理者の指定期間の延長について,判定不能,,0,0,高議第25号、指定管理者の指定期間の延長について,
令和6年6月定例会,R060606A,11,高議第26号,兵庫県市町村職員退職手当組合規約の変更について,判定不能,,0,0,高議第26号、兵庫県市町村職員退職手当組合規約の変更について,
令和6年6月定例会,R060606A,12,高議第27号,兵庫県後期高齢者医療広域連合規約の変更について,判定不能,,0,0,高議第27号、兵庫県後期高齢者医療広域連合規約の変更について,
令和6年6月定例会,R060606A,13,高議第28号,高砂市工楽松右衛門旧宅条例の一部を改正する条例を定めることについて,判定不能,,0,0,高議第28号、高砂市工楽松右衛門旧宅条例の一部を改正する条例を定めることについて,
令和6年6月定例会,R060606A,14,高議第29号,高砂市コミュニティ基金条例を廃止する条例を定めることについて,判定不能,,0,0,高議第29号、高砂市コミュニティ基金条例を廃止する条例を定めることについて,
令和6年6月定例会,R060606A,15,高議第30号,高砂市医療費助成条例の一部を改正する条例を定めることについて,判定不能,,0,0,高議第30号、高砂市医療費助成条例の一部を改正する条例を定めることについて,
令和6年6月定例会,R060606A,16,高議第31号,高砂市勤労者総合福祉センター条例を廃止する条例を定めることについて,判定不能,,0,0,高議第31号、高砂市勤労者総合福祉センター条例を廃止する条例を定めることについて,
令和6年6月定例会,R060606A,17,高議第32号,高砂市空家等の適正な管理に関する条例の一部を改正する条例を定めることについて,判定不能,,0,0,高議第32号、高砂市空家等の適正な管理に関する条例の一部を改正する条例を定めることについて,
令和6年6月定例会,R060606A,18,高議第33号,高砂市新たな学校づくり推進審議会条例を定めることについて,判定不能,,0,0,高議第33号、高砂市新たな学校づくり推進審議会条例を定めることについて,はい
令和6年6月定例会,R060606A,19,高議第34号,高砂市いじめ問題調査委員会条例を定めることについて,異議なし(全会一致),,0,0,高議第34号、高砂市いじめ問題調査委員会条例を定めることについて,
令和6年6月定例会,R060607A,2,高議第34号,高砂市いじめ問題調査委員会条例を定めることについて,判定不能,,0,0,高議第34号、高砂市いじめ問題調査委員会条例を定めることについて,
令和6年6月定例会,R060607A,3,高議第35号,特別職の職員で非常勤のものの報酬及び費用弁償に関する条例の一部を改正する条例を定めることについて,判定不能,,0,0,高議第35号、特別職の職員で非常勤のものの報酬及び費用弁償に関する条例の一部を改正する条例を定めることについて,はい
令和6年6月定例会,R060607A,4,高議第36号,高砂市下水道条例の一部を改正する条例を定めることについて,判定不能,,0,0,高議第36号、高砂市下水道条例の一部を改正する条例を定めることについて,
令和6年6月定例会,R060607A,5,高予第18号,第1回令和6年度高砂市一般会計補正予算,採決あり(起立),,0,0,高予第18号、第1回令和6年度高砂市一般会計補正予算,はい
令和6年6月定例会,R060610A,2,高予第18号,第1回令和6年度高砂市一般会計補正予算,判定不能,,0,0,高予第18号、第1回令和6年度高砂市一般会計補正予算,はい
令和6年6月定例会,R060610A,3,高予第19号,第1回令和6年度高砂市水道事業会計補正予算,判定不能,,0,0,高予第19号、第1回令和6年度高砂市水道事業会計補正予算,
令和6年6月定例会,R060618A,2,高議第24号,委託基本協定を締結することについて,異議なし(全会一致),,0,0,高議第24号、委託基本協定を締結することについて,はい
令和6年6月定例会,R060618A,3,高議第25号,指定管理者の指定期間の延長について,異議なし(全会一致),,0,0,高議第25号、指定管理者の指定期間の延長について,はい
令和6年6月定例会,R060618A,4,高議第26号,兵庫県市町村職員退職手当組合規約の変更について,異議なし(全会一致),,0,0,高議第26号、兵庫県市町村職員退職手当組合規約の変更について,はい
令和6年6月定例会,R060618A,5,高議第27号,兵庫県後期高齢者医療広域連合規約の変更について,採決あり(電子表決、賛成多数),,0,0,高議第27号、兵庫県後期高齢者医療広域連合規約の変更について,はい
令和6年6月定例会,R060618A,6,高議第28号,高砂市工楽松右衛門旧宅条例の一部を改正する条例を定めることについて,異議なし(全会一致),,0,0,高議第28号、高砂市工楽松右衛門旧宅条例の一部を改正する条例を定めることについて,はい
令和6年6月定例会,R060618A,7,高議第29号,高砂市コミュニティ基金条例を廃止する条例を定めることについて,異議なし(全会一致),,0,0,高議第29号、高砂市コミュニティ基金条例を廃止する条例を定めることについて,はい
令和6年6月定例会,R060618A,8,高議第30号,高砂市医療費助成条例の一部を改正する条例を定めることについて,異議なし(全会一致),,0,0,高議第30号、高砂市医療費助成条例の一部を改正する条例を定めることについて,はい
令和6年6月定例会,R060618A,9,高議第31号,高砂市勤労者総合福祉センター条例を廃止する条例を定めることについて,異議なし(全会一致),,0,0,高議第31号、高砂市勤労者総合福祉センター条例を廃止する条例を定めることについて,はい
令和6年6月定例会,R060618A,11,高議第33号,高砂市新たな学校づくり推進審議会条例を定めることについて,採決あり(電子表決、賛成多数),,1,0,高議第33号、高砂市新たな学校づくり推進審議会条例を定めることについて,はい
令和6年6月定例会,R060618A,13,高議第35号,特別職の職員で非常勤のものの報酬及び費用弁償に関する条例の一部を改正する条例を定めることについて,採決あり(電子表決、賛成多数),,1,0,高議第35号、特別職の職員で非常勤のものの報酬及び費用弁償に関する条例の一部を改正する条例を定めることについて,はい
令和6年6月定例会,R060618A,14,高議第36号,高砂市下水道条例の一部を改正する条例を定めることについて,異議なし(全会一致),,0,0,高議第36号、高砂市下水道条例の一部を改正する条例を定めることについて,はい
令和6年6月定例会,R060618A,15,高予第18号,第1回令和6年度高砂市一般会計補正予算,採決あり(電子表決、賛成多数),,1,0,高予第18号、第1回令和6年度高砂市一般会計補正予算,はい
令和6年6月定例会,R060618A,16,高予第19号,第1回令和6年度高砂市水道事業会計補正予算,異議なし(全会一致),,0,0,高予第19号、第1回令和6年度高砂市水道事業会計補正予算,はい
令和6年6月定例会,R060618A,17,,陳情のこと,異議なし(全会一致),,0,0,陳情のこと,はい
令和6年6月定例会,R060618A,18,,陳情のこと,異議なし(全会一致),,0,0,陳情のこと,はい
令和6年6月定例会,R060618A,19,,陳情のこと,採決あり(電子表決、賛成多数),,0,0,陳情のこと,はい
令和6年6月定例会,R060618A,20,,継続審査中の陳情のこと,採決あり(電子表決),,0,0,継続審査中の陳情のこと,はい
令和6年6月定例会,R060618A,21,,継続審査中の陳情のこと,採決あり(電子表決、全員賛成),,0,0,継続審査中の陳情のこと,はい
令和6年6月定例会,R060618A,22,高議第37号,工事請負契約を締結することについて,判定不能,,0,0,高議第37号、工事請負契約を締結することについて,
令和6年6月定例会,R060618A,23,高議第38号,業務委託契約を締結することについて,判定不能,,0,0,高議第38号、業務委託契約を締結することについて,
令和6年6月定例会,R060618A,22,高議第37号,工事請負契約を締結することについて,異議なし(全会一致),,0,0,高議第37号、工事請負契約を締結することについて,はい
令和6年6月定例会,R060618A,23,高議第38号,業務委託契約を締結することについて,異議なし(全会一致),,0,0,高議第38号、業務委託契約を締結することについて,はい
令和6年6月定例会,R060618A,24,高議第39号,公平委員会委員を選任するにつき同意を求めることについて,異議なし(全会一致),,0,0,高議第39号、公平委員会委員を選任するにつき同意を求めることについて,はい
令和6年6月定例会,R060618A,25,高諮第3号,人権擁護委員の候補者の推薦につき意見を求めることについて,異議なし(全会一致),,0,0,高諮第3号、人権擁護委員の候補者の推薦につき意見を求めることについて,はい
令和6年6月定例会,R060618A,26,,決議のこと、ガザ地区からのイスラエル軍撤退など速やかな平和的解決を求める決議,異議なし(全会一致),,0,0,決議のこと、ガザ地区からのイスラエル軍撤退など速やかな平和的解決を求める決議,はい
令和6年6月定例会,R060618A,27,高議第40号,意見書提出のことについて,異議なし(全会一致),,0,0,高議第40号、意見書提出のことについて,はい
令和6年6月定例会,R060618A,28,高議第41号,意見書提出のことについて,採決あり(電子表決、賛成多数),,0,0,高議第41号、意見書提出のことについて,はい
令和6年9月定例会,R060911A,2,高議第57号,議長の選挙について,異議なし(全会一致),,0,0,高議第57号、議長の選挙について,はい
令和6年9月定例会,R060911A,3,高議第58号,副議長の選挙について,異議なし(全会一致),,0,0,高議第58号、副議長の選挙について,
令和6年9月定例会,R060911A,5,高議第59号,常任委員会委員の選任について,異議なし(全会一致),,0,0,高議第59号、常任委員会委員の選任について,はい
令和6年9月定例会,R060911A,6,高議第60号,議会運営委員会委員の定数及び選任について,異議なし(全会一致),,0,0,高議第60号、議会運営委員会委員の定数及び選任について,はい
令和6年9月定例会,R060912A,2,高報第9号,健全化判断比率及び資金不足比率の報告について,判定不能,,0,0,高報第9号、健全化判断比率及び資金不足比率の報告について,
令和6年9月定例会,R060912A,3,高議第42号,工事請負契約を締結することについて,判定不能,,0,0,高議第42号、工事請負契約を締結することについて,
令和6年9月定例会,R060912A,4,高議第43号,財産の無償譲渡について,判定不能,,0,0,高議第43号、財産の無償譲渡について,
令和6年9月定例会,R060912A,5,高議第44号,財産の無償譲渡について,判定不能,,0,0,高議第44号、財産の無償譲渡について,
令和6年9月定例会,R060912A,6,高議第45号,高砂市国民健康保険条例の一部を改正する条例を定めることについて,判定不能,,0,0,高議第45号、高砂市国民健康保険条例の一部を改正する条例を定めることについて,
令和6年9月定例会,R060912A,7,高議第46号,行政手続における特定の個人を識別するための番号の利用等に関する法律に基づく個人番号の利用及び特定個人情報の提供に関する条例の一部を改正する条例を定めることについて,判定不能,,0,0,高議第46号、行政手続における特定の個人を識別するための番号の利用等に関する法律に基づく個人番号の利用及び特定個人情報の提供に関する条例の一部を改正する条例を定,
令和6年9月定例会,R060912A,8,高議第47号,高砂市急傾斜地崩壊対策事業分担金徴収条例を定めることについて,判定不能,,0,0,高議第47号、高砂市急傾斜地崩壊対策事業分担金徴収条例を定めることについて,はい
令和6年9月定例会,R060912A,9,高議第48号,高砂市立学校条例等の一部を改正する条例を定めることについて,判定不能,,0,0,高議第48号、高砂市立学校条例等の一部を改正する条例を定めることについて,はい
令和6年9月定例会,R060912A,10,高予第20号,第2回令和6年度高砂市一般会計補正予算,採決あり(起立),,0,0,高予第20号、第2回令和6年度高砂市一般会計補正予算,
令和6年9月定例会,R060913A,2,高予第20号,第2回令和6年度高砂市一般会計補正予算,判定不能,,0,0,高予第20号、第2回令和6年度高砂市一般会計補正予算,はい
令和6年9月定例会,R060913A,3,高予第21号,第1回令和6年度高砂市国民健康保険事業特別会計補正予算,判定不能,,0,0,高予第21号、第1回令和6年度高砂市国民健康保険事業特別会計補正予算,
令和6年9月定例会,R060913A,4,高予第22号,第1回令和6年度高砂市後期高齢者医療事業特別会計補正予算,判定不能,,0,0,高予第22号、第1回令和6年度高砂市後期高齢者医療事業特別会計補正予算,
令和6年9月定例会,R060913A,5,高予第23号,第1回令和6年度高砂市介護保険事業特別会計補正予算,判定不能,,0,0,高予第23号、第1回令和6年度高砂市介護保険事業特別会計補正予算,
令和6年9月定例会,R060913A,6,高予第24号,第2回令和6年度高砂市水道事業会計補正予算,判定不能,,0,0,高予第24号、第2回令和6年度高砂市水道事業会計補正予算,
令和6年9月定例会,R060913A,7,高予第25号,第1回令和6年度高砂市下水道事業会計補正予算,異議なし(全会一致),,0,0,高予第25号、第1回令和6年度高砂市下水道事業会計補正予算,はい
令和6年9月定例会,R060926A,2,高議第42号,工事請負契約を締結することについて,異議なし(全会一致),,0,0,高議第42号、工事請負契約を締結することについて,はい
令和6年9月定例会,R060926A,3,高議第43号,財産の無償譲渡について,異議なし(全会一致),,0,0,高議第43号、財産の無償譲渡について,はい
令和6年9月定例会,R060926A,4,高議第44号,財産の無償譲渡について,異議なし(全会一致),,0,0,高議第44号、財産の無償譲渡について,はい
令和6年9月定例会,R060926A,5,高議第45号,高砂市国民健康保険条例の一部を改正する条例を定めることについて,採決あり(電子表決、賛成多数),,0,0,高議第45号、高砂市国民健康保険条例の一部を改正する条例を定めることについて,はい
令和6年9月定例会,R060926A,6,高議第46号,行政手続における特定の個人を識別するための番号の利用等に関する法律に基づく個人番号の利用及び特定個人情報の提供に関する条例の一部を改正する条例を定めることについて,異議なし(全会一致),,0,0,高議第46号、行政手続における特定の個人を識別するための番号の利用等に関する法律に基づく個人番号の利用及び特定個人情報の提供に関する条例の一部を改正する条例を定,はい
令和6年9月定例会,R060926A,7,高議第47号,高砂市急傾斜地崩壊対策事業分担金徴収条例を定めることについて,採決あり(電子表決、賛成多数),,0,0,高議第47号、高砂市急傾斜地崩壊対策事業分担金徴収条例を定めることについて,はい
令和6年9月定例会,R060926A,8,高議第48号,高砂市立学校条例等の一部を改正する条例を定めることについて,採決あり(電子表決、賛成多数),,0,0,高議第48号、高砂市立学校条例等の一部を改正する条例を定めることについて,はい
令和6年9月定例会,R060926A,9,高予第20号,第2回令和6年度高砂市一般会計補正予算,採決あり(電子表決、賛成多数),,0,0,高予第20号、第2回令和6年度高砂市一般会計補正予算,はい
令和6年9月定例会,R060926A,10,高予第21号,第1回令和6年度高砂市国民健康保険事業特別会計補正予算,採決あり(電子表決、賛成多数),,0,0,高予第21号、第1回令和6年度高砂市国民健康保険事業特別会計補正予算,はい
令和6年9月定例会,R060926A,11,高予第22号,第1回令和6年度高砂市後期高齢者医療事業特別会計補正予算,採決あり(電子表決、賛成多数),,0,0,高予第22号、第1回令和6年度高砂市後期高齢者医療事業特別会計補正予算,はい
令和6年9月定例会,R060926A,12,高予第23号,第1回令和6年度高砂市介護保険事業特別会計補正予算,採決あり(電子表決、賛成多数),,0,0,高予第23号、第1回令和6年度高砂市介護保険事業特別会計補正予算,はい
令和6年9月定例会,R060926A,13,高予第24号,第2回令和6年度高砂市水道事業会計補正予算,異議なし(全会一致),,0,0,高予第24号、第2回令和6年度高砂市水道事業会計補正予算,はい
令和6年9月定例会,R060926A,14,高予第25号,第1回令和6年度高砂市下水道事業会計補正予算,採決あり(電子表決、全員賛成),,0,0,高予第25号、第1回令和6年度高砂市下水道事業会計補正予算,はい
令和6年9月定例会,R060926A,16,高議第62号,行政課題等調査検討特別委員会を設けることについて,異議なし(全会一致),,0,0,高議第62号、行政課題等調査検討特別委員会を設けることについて,はい
令和6年9月定例会,R060926A,17,高議第61号,公平委員会委員を選任するにつき同意を求めることについて,異議なし(全会一致),,0,0,高議第61号、公平委員会委員を選任するにつき同意を求めることについて,はい
令和6年9月定例会,R060926A,25,高議第56号,令和5年度高砂市病院事業会計決算認定についてまでを一括議題といたしたいと思いますが、ご異議ありませんか。 (「異議なし」の声あり) ○議長(迫川高行君) ご異議なしと認め、日程第18から日程第25までの令和5年度高砂市各会計決算認定については一括議題とし、質疑を行います。 質疑順及び持ち時間については、議会運営委員会の申合せのとおり、1番目、明風会、21分、2番目、未来ネット、14分、3番目、民主,異議なし(全会一致),,0,0,高議第56号、令和5年度高砂市病院事業会計決算認定についてまでを一括議題といたしたいと思いますが、ご異議ありませんか。 (「異議なし」の声あり) ○議長(迫川高,
令和6年9月定例会,R060926A,26,高議第63号,決算特別委員会を設けることについて,異議なし(全会一致),,0,0,高議第63号、決算特別委員会を設けることについて,はい
令和6年12月定例会,R061204A,2,高報第10号|高専第4号,専決処分をしたものにつき承認を求めることについて|第3回令和6年度高砂市一般会計補正予算について,異議なし(全会一致),はい,0,0,高報第10号、専決処分をしたものにつき承認を求めることについて、高専第4号、第3回令和6年度高砂市一般会計補正予算について,はい
令和6年12月定例会,R061204A,3,高報第11号|高専第5号,専決処分をしたものにつき承認を求めることについて|第4回令和6年度高砂市一般会計補正予算について,異議なし(全会一致),はい,0,0,高報第11号、専決処分をしたものにつき承認を求めることについて、高専第5号、第4回令和6年度高砂市一般会計補正予算について,はい
令和6年12月定例会,R061204A,4,高報第12号|高専第6号,専決処分をしたものにつき承認を求めることについて|第5回令和6年度高砂市一般会計補正予算について,異議なし(全会一致),はい,0,0,高報第12号、専決処分をしたものにつき承認を求めることについて、高専第6号、第5回令和6年度高砂市一般会計補正予算について,はい
令和6年12月定例会,R061204A,5,高議第64号,指定管理者の指定について,判定不能,,0,0,高議第64号、指定管理者の指定について,
令和6年12月定例会,R061204A,6,高議第65号,指定管理者の指定について,判定不能,,0,0,高議第65号、指定管理者の指定について,
令和6年12月定例会,R061204A,7,高議第66号,姫路市及び高砂市における連携中枢都市圏形成に係る連携協約の一部を変更する連携協約の締結について,判定不能,,0,0,高議第66号、姫路市及び高砂市における連携中枢都市圏形成に係る連携協約の一部を変更する連携協約の締結について,
令和6年12月定例会,R061204A,8,高議第67号,高砂市建築手数料条例の一部を改正する条例を定めることについて,判定不能,,0,0,高議第67号、高砂市建築手数料条例の一部を改正する条例を定めることについて,
令和6年12月定例会,R061204A,9,高予第26号,第6回令和6年度高砂市一般会計補正予算,採決あり(起立、賛成多数),,0,0,高予第26号、第6回令和6年度高砂市一般会計補正予算,はい
令和6年12月定例会,R061205A,3,高予第30号,第1回令和6年度高砂市病院事業会計補正予算を一括議題といたしたいと思いますが、ご異議ありませんか。 (「異議なし」の声あり) ○議長(迫川高行君) ご異議なしと認め、,異議なし(全会一致),,0,0,高予第30号、第1回令和6年度高砂市病院事業会計補正予算を一括議題といたしたいと思いますが、ご異議ありませんか。 (「異議なし」の声あり) ○議長(迫川高行君),
令和6年12月定例会,R061205A,3,高予第30号,第1回令和6年度高砂市病院事業会計補正予算を一括議題といたします。 当局より発言の申出がありますので、許可いたします。 病院事業管理者。 ○病院事業管理者(渡部宜久君) 12月1日付で都倉市長より高砂市病院事業管理者の任命をしていただきましたので、お受けして2期目を務めさせていただきます。 少し時間をいただきまして、1期目の振り返りも含めてご挨拶をさせていただきたいと思います。 1期目は、20年の,判定不能,,0,0,高予第30号、第1回令和6年度高砂市病院事業会計補正予算を一括議題といたします。 当局より発言の申出がありますので、許可いたします。 病院事業管理者。 ○病院事,
令和6年12月定例会,R061205A,2,高予第26号,第6回令和6年度高砂市一般会計補正予算,判定不能,,0,0,高予第26号、第6回令和6年度高砂市一般会計補正予算,はい
令和6年12月定例会,R061205A,4,高予第27号,第2回令和6年度高砂市介護保険事業特別会計補正予算,判定不能,,0,0,高予第27号、第2回令和6年度高砂市介護保険事業特別会計補正予算,
令和6年12月定例会,R061205A,5,高予第28号,第3回令和6年度高砂市水道事業会計補正予算,判定不能,,0,0,高予第28号、第3回令和6年度高砂市水道事業会計補正予算,
令和6年12月定例会,R061205A,6,高予第29号,第2回令和6年度高砂市下水道事業会計補正予算,異議なし(全会一致),,0,0,高予第29号、第2回令和6年度高砂市下水道事業会計補正予算,はい
令和6年12月定例会,R061213A,2,高議第64号,指定管理者の指定について,採決あり(電子表決、賛成多数),,0,0,高議第64号、指定管理者の指定について,はい
令和6年12月定例会,R061213A,3,高議第65号,指定管理者の指定について,採決あり(電子表決、賛成多数),,0,0,高議第65号、指定管理者の指定について,はい
令和6年12月定例会,R061213A,4,高議第66号,姫路市及び高砂市における連携中枢都市圏形成に係る連携協約の一部を変更する連携協約の締結について,採決あり(電子表決、賛成多数),,0,0,高議第66号、姫路市及び高砂市における連携中枢都市圏形成に係る連携協約の一部を変更する連携協約の締結について,はい
令和6年12月定例会,R061213A,5,高議第67号,高砂市建築手数料条例の一部を改正する条例を定めることについて,異議なし(全会一致),,0,0,高議第67号、高砂市建築手数料条例の一部を改正する条例を定めることについて,はい
令和6年12月定例会,R061213A,6,高予第26号,第6回令和6年度高砂市一般会計補正予算,採決あり(電子表決、賛成多数),,0,0,高予第26号、第6回令和6年度高砂市一般会計補正予算,はい
令和6年12月定例会,R061213A,7,高予第27号,第2回令和6年度高砂市介護保険事業特別会計補正予算,異議なし(全会一致),,0,0,高予第27号、第2回令和6年度高砂市介護保険事業特別会計補正予算,はい
令和6年12月定例会,R061213A,8,高予第28号,第3回令和6年度高砂市水道事業会計補正予算,異議なし(全会一致),,0,0,高予第28号、第3回令和6年度高砂市水道事業会計補正予算,はい
令和6年12月定例会,R061213A,9,高予第29号,第2回令和6年度高砂市下水道事業会計補正予算,異議なし(全会一致),,0,0,高予第29号、第2回令和6年度高砂市下水道事業会計補正予算,はい
令和6年12月定例会,R061213A,11,,陳情のこと,採決あり(電子表決、賛成多数),,1,0,陳情のこと,はい
令和6年12月定例会,R061213A,20,高諮第8号,人権擁護委員の候補者の推薦につき意見を求めることについて,異議なし(全会一致),,0,0,高諮第8号、人権擁護委員の候補者の推薦につき意見を求めることについて,はい
令和6年12月定例会,R061216A,2,高議第68号,高砂市職員の給与に関する条例の一部を改正する条例を定めることについて,判定不能,,0,0,高議第68号、高砂市職員の給与に関する条例の一部を改正する条例を定めることについて,
令和6年12月定例会,R061216A,3,高議第69号,特別職の職員で常勤のものの給与に関する条例の一部を改正する条例を定めることについて,判定不能,,0,0,高議第69号、特別職の職員で常勤のものの給与に関する条例の一部を改正する条例を定めることについて,
令和6年12月定例会,R061216A,4,高議第70号,議会議員の議員報酬及び費用弁償に関する条例の一部を改正する条例を定めることについて,判定不能,,0,0,高議第70号、議会議員の議員報酬及び費用弁償に関する条例の一部を改正する条例を定めることについて,
令和6年12月定例会,R061216A,5,高議第71号,高砂市会計年度任用職員の給与等に関する条例の一部を改正する条例を定めることについて,判定不能,,0,0,高議第71号、高砂市会計年度任用職員の給与等に関する条例の一部を改正する条例を定めることについて,
令和6年12月定例会,R061216A,6,高予第31号,第7回令和6年度高砂市一般会計補正予算,判定不能,,0,0,高予第31号、第7回令和6年度高砂市一般会計補正予算,
令和6年12月定例会,R061216A,7,高予第32号,第2回令和6年度高砂市国民健康保険事業特別会計補正予算,判定不能,,0,0,高予第32号、第2回令和6年度高砂市国民健康保険事業特別会計補正予算,
令和6年12月定例会,R061216A,8,高予第33号,第2回令和6年度高砂市後期高齢者医療事業特別会計補正予算,判定不能,,0,0,高予第33号、第2回令和6年度高砂市後期高齢者医療事業特別会計補正予算,
令和6年12月定例会,R061216A,9,高予第34号,第3回令和6年度高砂市介護保険事業特別会計補正予算,判定不能,,0,0,高予第34号、第3回令和6年度高砂市介護保険事業特別会計補正予算,
令和6年12月定例会,R061216A,10,高予第35号,第4回令和6年度高砂市水道事業会計補正予算,判定不能,,0,0,高予第35号、第4回令和6年度高砂市水道事業会計補正予算,
令和6年12月定例会,R061216A,11,高予第36号,第1回令和6年度高砂市工業用水道事業会計補正予算,判定不能,,0,0,高予第36号、第1回令和6年度高砂市工業用水道事業会計補正予算,
令和6年12月定例会,R061216A,12,高予第37号,第3回令和6年度高砂市下水道事業会計補正予算,判定不能,,0,0,高予第37号、第3回令和6年度高砂市下水道事業会計補正予算,
令和6年12月定例会,R061216A,13,高予第38号,第2回令和6年度高砂市病院事業会計補正予算,判定不能,,0,0,高予第38号、第2回令和6年度高砂市病院事業会計補正予算,
令和6年12月定例会,R061216A,2,高議第68号,高砂市職員の給与に関する条例の一部を改正する条例を定めることについて,異議なし(全会一致),,0,0,高議第68号、高砂市職員の給与に関する条例の一部を改正する条例を定めることについて,はい
令和6年12月定例会,R061216A,3,高議第69号,特別職の職員で常勤のものの給与に関する条例の一部を改正する条例を定めることについて,採決あり(電子表決、賛成多数),,0,0,高議第69号、特別職の職員で常勤のものの給与に関する条例の一部を改正する条例を定めることについて,はい
令和6年12月定例会,R061216A,4,高議第70号,議会議員の議員報酬及び費用弁償に関する条例の一部を改正する条例を定めることについて,採決あり(電子表決、賛成多数),,0,0,高議第70号、議会議員の議員報酬及び費用弁償に関する条例の一部を改正する条例を定めることについて,はい
令和6年12月定例会,R061216A,5,高議第71号,高砂市会計年度任用職員の給与等に関する条例の一部を改正する条例を定めることについて,異議なし(全会一致),,0,0,高議第71号、高砂市会計年度任用職員の給与等に関する条例の一部を改正する条例を定めることについて,はい
令和6年12月定例会,R061216A,6,高予第31号,第7回令和6年度高砂市一般会計補正予算,採決あり(電子表決、賛成多数),,0,0,高予第31号、第7回令和6年度高砂市一般会計補正予算,はい
令和6年12月定例会,R061216A,7,高予第32号,第2回令和6年度高砂市国民健康保険事業特別会計補正予算,異議なし(全会一致),,0,0,高予第32号、第2回令和6年度高砂市国民健康保険事業特別会計補正予算,はい
令和6年12月定例会,R061216A,8,高予第33号,第2回令和6年度高砂市後期高齢者医療事業特別会計補正予算,異議なし(全会一致),,0,0,高予第33号、第2回令和6年度高砂市後期高齢者医療事業特別会計補正予算,はい
令和6年12月定例会,R061216A,9,高予第34号,第3回令和6年度高砂市介護保険事業特別会計補正予算,異議なし(全会一致),,0,0,高予第34号、第3回令和6年度高砂市介護保険事業特別会計補正予算,はい
令和6年12月定例会,R061216A,10,高予第35号,第4回令和6年度高砂市水道事業会計補正予算,採決あり(電子表決、賛成多数),,0,0,高予第35号、第4回令和6年度高砂市水道事業会計補正予算,はい
令和6年12月定例会,R061216A,11,高予第36号,第1回令和6年度高砂市工業用水道事業会計補正予算,異議なし(全会一致),,0,0,高予第36号、第1回令和6年度高砂市工業用水道事業会計補正予算,はい
令和6年12月定例会,R061216A,12,高予第37号,第3回令和6年度高砂市下水道事業会計補正予算,異議なし(全会一致),,0,0,高予第37号、第3回令和6年度高砂市下水道事業会計補正予算,はい
令和6年12月定例会,R061216A,13,高予第38号,第2回令和6年度高砂市病院事業会計補正予算,採決あり(電子表決、賛成多数),,0,0,高予第38号、第2回令和6年度高砂市病院事業会計補正予算,はい
令和7年1月臨時会,R070121A,4,高報第1号|高専第7号,専決処分をしたものにつき承認を求めることについて 高専第7号、損害賠償の額を定めることについて,異議なし(全会一致),はい,0,0,高報第1号、専決処分をしたものにつき承認を求めることについて 高専第7号、損害賠償の額を定めることについて,はい
令和7年1月臨時会,R070121A,5,高予第1号,第8回令和6年度高砂市一般会計補正予算,判定不能,,0,0,高予第1号、第8回令和6年度高砂市一般会計補正予算,
令和7年1月臨時会,R070121A,5,高予第1号,第8回令和6年度高砂市一般会計補正予算,異議なし(全会一致),,0,0,高予第1号、第8回令和6年度高砂市一般会計補正予算,はい
令和7年3月定例会,R070226A,2,高報第2号|高専第1号,専決処分をしたものにつき承認を求めることについて|第9回令和6年度高砂市一般会計補正予算について,異議なし(全会一致),はい,0,0,高報第2号、専決処分をしたものにつき承認を求めることについて、高専第1号、第9回令和6年度高砂市一般会計補正予算について,はい
令和7年3月定例会,R070226A,3,高報第3号|高専第2号,専決処分をしたものにつき承認を求めることについて|損害賠償の額を定めることについて,異議なし(全会一致),はい,0,0,高報第3号、専決処分をしたものにつき承認を求めることについて、高専第2号、損害賠償の額を定めることについて,はい
令和7年3月定例会,R070226A,4,高報第4号|高専第3号,専決処分をしたものにつき承認を求めることについて|損害賠償の額を定めることについて,異議なし(全会一致),はい,0,0,高報第4号、専決処分をしたものにつき承認を求めることについて、高専第3号、損害賠償の額を定めることについて,はい
令和7年3月定例会,R070226A,5,高議第1号,財産の無償譲渡について,判定不能,,0,0,高議第1号、財産の無償譲渡について,
令和7年3月定例会,R070226A,6,高議第2号,権利の放棄について,判定不能,,0,0,高議第2号、権利の放棄について,
令和7年3月定例会,R070226A,7,高議第3号,高砂市市営住宅条例の一部を改正する条例を定めることについて,判定不能,,0,0,高議第3号、高砂市市営住宅条例の一部を改正する条例を定めることについて,
令和7年3月定例会,R070226A,8,高予第2号,第10回令和6年度高砂市一般会計補正予算,採決あり(起立),,0,0,高予第2号、第10回令和6年度高砂市一般会計補正予算,
令和7年3月定例会,R070227A,3,高予第8号,第3回令和6年度高砂市病院事業会計補正予算を一括議題といたしたいと思いますが、ご異議ありませんか。 (「異議なし」の声あり) ○議長(迫川高行君) ご異議なしと認め、,異議なし(全会一致),,0,0,高予第8号、第3回令和6年度高砂市病院事業会計補正予算を一括議題といたしたいと思いますが、ご異議ありませんか。 (「異議なし」の声あり) ○議長(迫川高行君) ,
令和7年3月定例会,R070227A,3,高予第8号|高予第8号,第3回令和6年度高砂市病院事業会計補正予算を一括議題といたします。 当局の説明を求めます。 市民病院事務局長。 ○市民病院事務局長(高橋文彦君) 高予第8号、第3回令和6年度高砂市病院事業会計補正予算につきましてご説明申し上げます。 定例会議案令和6年度補正予算書279ページをお願いいたします。 第2条、予算第3条に定めた収益的収入及び支出の額につきまして、第1款第4項特別利益におきまして、7億円,判定不能,はい,0,0,高予第8号、第3回令和6年度高砂市病院事業会計補正予算を一括議題といたします。 当局の説明を求めます。 市民病院事務局長。 ○市民病院事務局長(高橋文彦君) 高,
令和7年3月定例会,R070227A,2,高予第2号,第10回令和6年度高砂市一般会計補正予算,判定不能,,0,0,高予第2号、第10回令和6年度高砂市一般会計補正予算,
令和7年3月定例会,R070227A,4,高予第3号,第3回令和6年度高砂市国民健康保険事業特別会計補正予算,判定不能,,0,0,高予第3号、第3回令和6年度高砂市国民健康保険事業特別会計補正予算,
令和7年3月定例会,R070227A,5,高予第4号,第3回令和6年度高砂市後期高齢者医療事業特別会計補正予算,判定不能,,0,0,高予第4号、第3回令和6年度高砂市後期高齢者医療事業特別会計補正予算,
令和7年3月定例会,R070227A,6,高予第5号,第4回令和6年度高砂市介護保険事業特別会計補正予算,判定不能,,0,0,高予第5号、第4回令和6年度高砂市介護保険事業特別会計補正予算,
令和7年3月定例会,R070227A,7,高予第6号,第5回令和6年度高砂市水道事業会計補正予算,判定不能,,0,0,高予第6号、第5回令和6年度高砂市水道事業会計補正予算,
令和7年3月定例会,R070227A,8,高予第7号,第4回令和6年度高砂市下水道事業会計補正予算,判定不能,,0,0,高予第7号、第4回令和6年度高砂市下水道事業会計補正予算,
令和7年3月定例会,R070304A,2,高議第1号,財産の無償譲渡について,異議なし(全会一致),,0,0,高議第1号、財産の無償譲渡について,はい
令和7年3月定例会,R070304A,3,高議第2号,権利の放棄について,異議なし(全会一致),,0,0,高議第2号、権利の放棄について,はい
令和7年3月定例会,R070304A,4,高議第3号,高砂市市営住宅条例の一部を改正する条例を定めることについて,異議なし(全会一致),,0,0,高議第3号、高砂市市営住宅条例の一部を改正する条例を定めることについて,はい
令和7年3月定例会,R070304A,5,高予第2号,第10回令和6年度高砂市一般会計補正予算,採決あり(電子表決、賛成多数),,0,0,高予第2号、第10回令和6年度高砂市一般会計補正予算,はい
令和7年3月定例会,R070304A,6,高予第3号,第3回令和6年度高砂市国民健康保険事業特別会計補正予算,異議なし(全会一致),,0,0,高予第3号、第3回令和6年度高砂市国民健康保険事業特別会計補正予算,はい
令和7年3月定例会,R070304A,7,高予第4号,第3回令和6年度高砂市後期高齢者医療事業特別会計補正予算,異議なし(全会一致),,0,0,高予第4号、第3回令和6年度高砂市後期高齢者医療事業特別会計補正予算,はい
令和7年3月定例会,R070304A,8,高予第5号,第4回令和6年度高砂市介護保険事業特別会計補正予算,異議なし(全会一致),,0,0,高予第5号、第4回令和6年度高砂市介護保険事業特別会計補正予算,はい
令和7年3月定例会,R070304A,9,高予第6号,第5回令和6年度高砂市水道事業会計補正予算,異議なし(全会一致),,0,0,高予第6号、第5回令和6年度高砂市水道事業会計補正予算,はい
令和7年3月定例会,R070304A,10,高予第7号,第4回令和6年度高砂市下水道事業会計補正予算,異議なし(全会一致),,0,0,高予第7号、第4回令和6年度高砂市下水道事業会計補正予算,はい
令和7年3月定例会,R070304A,11,高予第8号,第3回令和6年度高砂市病院事業会計補正予算,異議なし(全会一致),,0,0,高予第8号、第3回令和6年度高砂市病院事業会計補正予算,はい
令和7年3月定例会,R070307A,2,高議第4号,市道路線の認定について,判定不能,,0,0,高議第4号、市道路線の認定について,
令和7年3月定例会,R070307A,3,高議第5号,市道路線の変更について,判定不能,,0,0,高議第5号、市道路線の変更について,
令和7年3月定例会,R070307A,4,高議第6号,行政手続における特定の個人を識別するための番号の利用等に関する法律に基づく個人番号の利用及び特定個人情報の提供に関する条例の一部を改正する条例を定めることについて,判定不能,,0,0,高議第6号、行政手続における特定の個人を識別するための番号の利用等に関する法律に基づく個人番号の利用及び特定個人情報の提供に関する条例の一部を改正する条例を定め,
令和7年3月定例会,R070307A,5,高議第7号,刑法等の一部を改正する法律の施行に伴う関係条例の整理に関する条例を定めることについて,判定不能,,0,0,高議第7号、刑法等の一部を改正する法律の施行に伴う関係条例の整理に関する条例を定めることについて,
令和7年3月定例会,R070307A,6,高議第8号,高砂市職員の給与に関する条例等の一部を改正する条例を定めることについて,判定不能,,0,0,高議第8号、高砂市職員の給与に関する条例等の一部を改正する条例を定めることについて,
令和7年3月定例会,R070307A,7,高議第9号,高砂市職員の勤務時間その他の勤務条件に関する条例及び高砂市職員の育児休業等に関する条例の一部を改正する条例を定めることについて,判定不能,,0,0,高議第9号、高砂市職員の勤務時間その他の勤務条件に関する条例及び高砂市職員の育児休業等に関する条例の一部を改正する条例を定めることについて,
令和7年3月定例会,R070307A,8,高議第10号,高砂市地域交流センター条例の一部を改正する条例を定めることについて,判定不能,,0,0,高議第10号、高砂市地域交流センター条例の一部を改正する条例を定めることについて,はい
令和7年3月定例会,R070307A,9,高議第12号,高砂市自転車等の放置の防止に関する条例の一部を改正する条例を定めることについて,判定不能,,0,0,高議第12号、高砂市自転車等の放置の防止に関する条例の一部を改正する条例を定めることについて,
令和7年3月定例会,R070307A,10,高議第13号,高砂市手数料条例の一部を改正する条例を定めることについて,判定不能,,0,0,高議第13号、高砂市手数料条例の一部を改正する条例を定めることについて,
令和7年3月定例会,R070307A,11,高議第14号,高砂市建築手数料条例の一部を改正する条例を定めることについて,判定不能,,0,0,高議第14号、高砂市建築手数料条例の一部を改正する条例を定めることについて,
令和7年3月定例会,R070307A,12,高議第15号,高砂市消防団員退職報償金に関する条例の一部を改正する条例を定めることについて,判定不能,,0,0,高議第15号、高砂市消防団員退職報償金に関する条例の一部を改正する条例を定めることについて,
令和7年3月定例会,R070307A,13,高予第9号,令和7年度高砂市一般会計予算,採決あり(起立),,0,0,高予第9号、令和7年度高砂市一般会計予算,
令和7年3月定例会,R070310A,2,高予第9号,令和7年度高砂市一般会計予算,採決あり(電子表決),,0,0,高予第9号、令和7年度高砂市一般会計予算,
令和7年3月定例会,R070311A,2,高予第9号,令和7年度高砂市一般会計予算,採決あり(起立),,0,0,高予第9号、令和7年度高砂市一般会計予算,
令和7年3月定例会,R070312A,2,高予第9号,令和7年度高砂市一般会計予算,異議なし(全会一致),,0,0,高予第9号、令和7年度高砂市一般会計予算,はい
令和7年3月定例会,R070313A,3,高予第16号,令和7年度高砂市病院事業会計予算を一括議題といたしたいと思いますが、ご異議ありませんか。 (「異議なし」の声あり) ○議長(迫川高行君) ご異議なしと認め、,異議なし(全会一致),,0,0,高予第16号、令和7年度高砂市病院事業会計予算を一括議題といたしたいと思いますが、ご異議ありませんか。 (「異議なし」の声あり) ○議長(迫川高行君) ご異議な,
令和7年3月定例会,R070313A,3,高予第16号|高予第16号,令和7年度高砂市病院事業会計予算を一括議題といたします。 当局の説明を求めます。 市民病院事務局長。 ○市民病院事務局長(高橋文彦君) おはようございます。 高予第16号、令和7年度高砂市病院事業会計予算につきましてご説明申し上げます。 予算書1ページをお願いいたします。 第2条業務の予定量につきまして、1日平均入院患者数は126人、外来患者数は426人となっております。 第3条収益的収入及び支出,判定不能,はい,0,0,高予第16号、令和7年度高砂市病院事業会計予算を一括議題といたします。 当局の説明を求めます。 市民病院事務局長。 ○市民病院事務局長(高橋文彦君) おはようご,
令和7年3月定例会,R070313A,2,高予第9号,令和7年度高砂市一般会計予算,異議なし(全会一致),,0,0,高予第9号、令和7年度高砂市一般会計予算,
令和7年3月定例会,R070314A,2,高予第9号,令和7年度高砂市一般会計予算,判定不能,,0,0,高予第9号、令和7年度高砂市一般会計予算,はい
令和7年3月定例会,R070314A,4,高予第10号,"令和7年度高砂市国民健康保険事業特別会計予算を一括議題といたしたいと思いますが、ご異議ありませんか。 (「異議なし」の声あり) <PAGE=""828""> ○議長(迫川高行君) ご異議なしと認め、",異議なし(全会一致),,0,0,"高予第10号、令和7年度高砂市国民健康保険事業特別会計予算を一括議題といたしたいと思いますが、ご異議ありませんか。 (「異議なし」の声あり) <PAGE=""82",
令和7年3月定例会,R070314A,4,高予第10号|高議第11号,令和7年度高砂市国民健康保険事業特別会計予算を一括議題といたします。 当局の説明を求めます。 市民部長。 ○市民部長(川平貴儀君) それでは、議案書、事件議案II・条例議案IIの33ページをお願いいたします。 高議第11号、高砂市国民健康保険条例の一部を改正する条例を定めることについてでございます。 参考資料のほうで説明させていただきます。定例会参考資料、事件議案II・条例議案IIの50ページをお,判定不能,はい,0,0,高予第10号、令和7年度高砂市国民健康保険事業特別会計予算を一括議題といたします。 当局の説明を求めます。 市民部長。 ○市民部長(川平貴儀君) それでは、議案,
令和7年3月定例会,R070314A,5,高予第11号,令和7年度高砂市後期高齢者医療事業特別会計予算,判定不能,,0,0,高予第11号、令和7年度高砂市後期高齢者医療事業特別会計予算,
令和7年3月定例会,R070314A,6,高予第12号,令和7年度高砂市介護保険事業特別会計予算,判定不能,,0,0,高予第12号、令和7年度高砂市介護保険事業特別会計予算,
令和7年3月定例会,R070314A,7,高予第13号,令和7年度高砂市水道事業会計予算,判定不能,,0,0,高予第13号、令和7年度高砂市水道事業会計予算,
令和7年3月定例会,R070314A,8,高予第14号,令和7年度高砂市工業用水道事業会計予算,判定不能,,0,0,高予第14号、令和7年度高砂市工業用水道事業会計予算,
令和7年3月定例会,R070314A,9,高予第15号,令和7年度高砂市下水道事業会計予算,判定不能,,0,0,高予第15号、令和7年度高砂市下水道事業会計予算,
令和7年3月定例会,R070327A,2,高議第4号,市道路線の認定について,異議なし(全会一致),,0,0,高議第4号、市道路線の認定について,はい
令和7年3月定例会,R070327A,3,高議第5号,市道路線の変更について,異議なし(全会一致),,0,0,高議第5号、市道路線の変更について,はい
令和7年3月定例会,R070327A,4,高議第6号,行政手続における特定の個人を識別するための番号の利用等に関する法律に基づく個人番号の利用及び特定個人情報の提供に関する条例の一部を改正する条例を定めることについて,採決あり(電子表決、賛成多数),,0,0,高議第6号、行政手続における特定の個人を識別するための番号の利用等に関する法律に基づく個人番号の利用及び特定個人情報の提供に関する条例の一部を改正する条例を定め,はい
令和7年3月定例会,R070327A,5,高議第7号,刑法等の一部を改正する法律の施行に伴う関係条例の整理に関する条例を定めることについて,採決あり(電子表決、賛成多数),,1,0,高議第7号、刑法等の一部を改正する法律の施行に伴う関係条例の整理に関する条例を定めることについて,はい
令和7年3月定例会,R070327A,6,高議第8号,高砂市職員の給与に関する条例等の一部を改正する条例を定めることについて,異議なし(全会一致),,0,0,高議第8号、高砂市職員の給与に関する条例等の一部を改正する条例を定めることについて,はい
令和7年3月定例会,R070327A,7,高議第9号,高砂市職員の勤務時間その他の勤務条件に関する条例及び高砂市職員の育児休業等に関する条例の一部を改正する条例を定めることについて,異議なし(全会一致),,0,0,高議第9号、高砂市職員の勤務時間その他の勤務条件に関する条例及び高砂市職員の育児休業等に関する条例の一部を改正する条例を定めることについて,はい
令和7年3月定例会,R070327A,8,高議第10号,高砂市地域交流センター条例の一部を改正する条例を定めることについて,異議なし(全会一致),,0,0,高議第10号、高砂市地域交流センター条例の一部を改正する条例を定めることについて,はい
令和7年3月定例会,R070327A,9,高議第11号,高砂市国民健康保険条例の一部を改正する条例を定めることについて,採決あり(電子表決、賛成多数),,0,0,高議第11号、高砂市国民健康保険条例の一部を改正する条例を定めることについて,はい
令和7年3月定例会,R070327A,10,高議第12号,高砂市自転車等の放置の防止に関する条例の一部を改正する条例を定めることについて,異議なし(全会一致),,0,0,高議第12号、高砂市自転車等の放置の防止に関する条例の一部を改正する条例を定めることについて,はい
令和7年3月定例会,R070327A,11,高議第13号,高砂市手数料条例の一部を改正する条例を定めることについて,異議なし(全会一致),,0,0,高議第13号、高砂市手数料条例の一部を改正する条例を定めることについて,はい
令和7年3月定例会,R070327A,12,高議第14号,高砂市建築手数料条例の一部を改正する条例を定めることについて,異議なし(全会一致),,0,0,高議第14号、高砂市建築手数料条例の一部を改正する条例を定めることについて,はい
令和7年3月定例会,R070327A,13,高議第15号,高砂市消防団員退職報償金に関する条例の一部を改正する条例を定めることについて,異議なし(全会一致),,0,0,高議第15号、高砂市消防団員退職報償金に関する条例の一部を改正する条例を定めることについて,はい
令和7年3月定例会,R070327A,14,高予第9号,令和7年度高砂市一般会計予算,採決あり(電子表決、賛成多数),,1,0,高予第9号、令和7年度高砂市一般会計予算,はい
令和7年3月定例会,R070327A,15,高予第10号,令和7年度高砂市国民健康保険事業特別会計予算,採決あり(電子表決、賛成多数),,0,0,高予第10号、令和7年度高砂市国民健康保険事業特別会計予算,はい
令和7年3月定例会,R070327A,16,高予第11号,令和7年度高砂市後期高齢者医療事業特別会計予算,採決あり(電子表決、賛成多数),,1,0,高予第11号、令和7年度高砂市後期高齢者医療事業特別会計予算,はい
令和7年3月定例会,R070327A,17,高予第12号,令和7年度高砂市介護保険事業特別会計予算,採決あり(電子表決、賛成多数),,0,0,高予第12号、令和7年度高砂市介護保険事業特別会計予算,はい
令和7年3月定例会,R070327A,18,高予第13号,令和7年度高砂市水道事業会計予算,異議なし(全会一致),,0,0,高予第13号、令和7年度高砂市水道事業会計予算,はい
令和7年3月定例会,R070327A,19,高予第14号,令和7年度高砂市工業用水道事業会計予算,異議なし(全会一致),,0,0,高予第14号、令和7年度高砂市工業用水道事業会計予算,はい
令和7年3月定例会,R070327A,20,高予第15号,令和7年度高砂市下水道事業会計予算,異議なし(全会一致),,0,0,高予第15号、令和7年度高砂市下水道事業会計予算,はい
令和7年3月定例会,R070327A,21,高予第16号,令和7年度高砂市病院事業会計予算,異議なし(全会一致),,0,0,高予第16号、令和7年度高砂市病院事業会計予算,はい
令和7年3月定例会,R070327A,22,,継続審査中の陳情のこと,採決あり(電子表決、賛成多数),,0,0,継続審査中の陳情のこと,はい
令和7年3月定例会,R070327A,23,高議第21号,高砂市議会個人情報の保護に関する条例の一部を改正する条例を定めることについて,採決あり(電子表決、賛成多数),,1,0,高議第21号、高砂市議会個人情報の保護に関する条例の一部を改正する条例を定めることについて,はい
令和7年3月定例会,R070327A,24,高議第16号,動産の買入れについて,判定不能,,0,0,高議第16号、動産の買入れについて,
令和7年3月定例会,R070327A,25,高議第17号,高砂市消防団員等公務災害補償条例の一部を改正する条例を定めることについて,判定不能,,0,0,高議第17号、高砂市消防団員等公務災害補償条例の一部を改正する条例を定めることについて,
令和7年3月定例会,R070327A,24,高議第16号,動産の買入れについて,異議なし(全会一致),,0,0,高議第16号、動産の買入れについて,はい
令和7年3月定例会,R070327A,25,高議第17号,高砂市消防団員等公務災害補償条例の一部を改正する条例を定めることについて,異議なし(全会一致),,0,0,高議第17号、高砂市消防団員等公務災害補償条例の一部を改正する条例を定めることについて,はい
令和7年3月定例会,R070327A,26,高議第18号,教育委員会委員を任命するにつき同意を求めることについて,異議なし(全会一致),,0,0,高議第18号、教育委員会委員を任命するにつき同意を求めることについて,はい
令和7年3月定例会,R070327A,27,高議第19号,副市長を選任するにつき同意を求めることについて,異議なし(全会一致),,0,0,高議第19号、副市長を選任するにつき同意を求めることについて,はい
令和7年3月定例会,R070327A,28,高議第20号,固定資産評価員を選任するにつき同意を求めることについて,異議なし(全会一致),,0,0,高議第20号、固定資産評価員を選任するにつき同意を求めることについて,はい
令和7年3月定例会,R070327A,29,高議第22号,意見書提出のことについて,採決あり(電子表決、賛成多数),,0,0,高議第22号、意見書提出のことについて,はい
令和7年6月定例会,R070612A,5,高予第17号,第1回令和7年度高砂市一般会計補正予算,判定不能,,0,0,高予第17号、第1回令和7年度高砂市一般会計補正予算,
令和7年6月定例会,R070612A,5,高予第17号,第1回令和7年度高砂市一般会計補正予算,異議なし(全会一致),,0,0,高予第17号、第1回令和7年度高砂市一般会計補正予算,はい
令和7年6月定例会,R070613A,2,高報第5号|高専第4号,専決処分をしたものにつき承認を求めることについて|高砂市市税条例の一部を改正する条例を定めることについて,異議なし(全会一致),はい,0,0,高報第5号、専決処分をしたものにつき承認を求めることについて、高専第4号、高砂市市税条例の一部を改正する条例を定めることについて,はい
令和7年6月定例会,R070613A,3,高報第6号|高専第5号,専決処分をしたものにつき承認を求めることについて|新築の住宅等に対して課する固定資産税軽減に関する条例の一部を改正する条例を定めることについて,異議なし(全会一致),はい,0,0,高報第6号、専決処分をしたものにつき承認を求めることについて、高専第5号、新築の住宅等に対して課する固定資産税軽減に関する条例の一部を改正する条例を定めることに,はい
令和7年6月定例会,R070613A,4,高報第7号,令和6年度高砂市一般会計繰越明許費繰越計算書について,判定不能,,0,0,高報第7号、令和6年度高砂市一般会計繰越明許費繰越計算書について,
令和7年6月定例会,R070613A,5,高報第8号,令和6年度高砂市水道事業会計予算繰越計算書について,判定不能,,0,0,高報第8号、令和6年度高砂市水道事業会計予算繰越計算書について,
令和7年6月定例会,R070613A,6,高報第9号,令和6年度高砂市下水道事業会計予算繰越計算書について,判定不能,,0,0,高報第9号、令和6年度高砂市下水道事業会計予算繰越計算書について,
令和7年6月定例会,R070613A,7,高報第10号,令和6年度高砂市病院事業会計予算繰越計算書について,判定不能,,0,0,高報第10号、令和6年度高砂市病院事業会計予算繰越計算書について,
令和7年6月定例会,R070613A,8,高報第11号,一般財団法人高砂市勤労福祉財団の経営状況の報告について,判定不能,,0,0,高報第11号、一般財団法人高砂市勤労福祉財団の経営状況の報告について,はい
令和7年6月定例会,R070613A,9,高報第12号,公益財団法人高砂市施設利用振興財団の経営状況の報告について,判定不能,,0,0,高報第12号、公益財団法人高砂市施設利用振興財団の経営状況の報告について,
令和7年6月定例会,R070613A,12,高議第25号,工事請負契約を締結することについて,判定不能,,0,0,高議第25号、工事請負契約を締結することについて,
令和7年6月定例会,R070613A,13,高議第26号,工事請負契約を締結することについて,判定不能,,0,0,高議第26号、工事請負契約を締結することについて,
令和7年6月定例会,R070613A,14,高議第27号,市有土地の売却について,判定不能,,0,0,高議第27号、市有土地の売却について,
令和7年6月定例会,R070613A,15,高議第28号,高砂市市税条例の一部を改正する条例を定めることについて,判定不能,,0,0,高議第28号、高砂市市税条例の一部を改正する条例を定めることについて,
令和7年6月定例会,R070613A,16,高議第29号,高砂市医療費助成条例の一部を改正する条例を定めることについて,判定不能,,0,0,高議第29号、高砂市医療費助成条例の一部を改正する条例を定めることについて,
令和7年6月定例会,R070613A,17,高予第18号,第2回令和7年度高砂市一般会計補正予算,採決あり(起立),,0,0,高予第18号、第2回令和7年度高砂市一般会計補正予算,はい
令和7年6月定例会,R070616A,2,高予第18号,第2回令和7年度高砂市一般会計補正予算,判定不能,,0,0,高予第18号、第2回令和7年度高砂市一般会計補正予算,はい
令和7年6月定例会,R070616A,3,高予第19号,第1回令和7年度高砂市国民健康保険事業特別会計補正予算,判定不能,,0,0,高予第19号、第1回令和7年度高砂市国民健康保険事業特別会計補正予算,
令和7年6月定例会,R070616A,4,高予第20号,第1回令和7年度高砂市介護保険事業特別会計補正予算,異議なし(全会一致),,0,0,高予第20号、第1回令和7年度高砂市介護保険事業特別会計補正予算,はい
令和7年6月定例会,R070618A,2,,一般質問を行います。 一般質問については、議会運営委員会の申合せのとおり、答弁を含めて1人40分以内で行います。 通告順に質問を許可いたします。 1番目、1番、松野優也議員。 (1番 松野優也君 登壇) ○1番(松野優也君) 皆さん、おはようございます。1番、民主クラブの松野優也でございます。 通告に従い、一般質問させていただきます。 今回の一般質問は、大項目で2点、AIスマートコーチの活用につい,異議なし(全会一致),,0,0,一般質問を行います。 一般質問については、議会運営委員会の申合せのとおり、答弁を含めて1人40分以内で行います。 通告順に質問を許可いたします。 1番目、1番、,
令和7年6月定例会,R070625A,2,高議第23号,工事請負契約を締結することについて,異議なし(全会一致),,0,0,高議第23号、工事請負契約を締結することについて,はい
令和7年6月定例会,R070625A,3,高議第24号,工事請負契約を締結することについて,異議なし(全会一致),,0,0,高議第24号、工事請負契約を締結することについて,はい
令和7年6月定例会,R070625A,4,高議第25号,工事請負契約を締結することについて,異議なし(全会一致),,0,0,高議第25号、工事請負契約を締結することについて,はい
令和7年6月定例会,R070625A,5,高議第26号,工事請負契約を締結することについて,異議なし(全会一致),,0,0,高議第26号、工事請負契約を締結することについて,はい
令和7年6月定例会,R070625A,6,高議第27号,市有土地の売却について,異議なし(全会一致),,0,0,高議第27号、市有土地の売却について,はい
令和7年6月定例会,R070625A,7,高議第28号,高砂市市税条例の一部を改正する条例を定めることについて,異議なし(全会一致),,0,0,高議第28号、高砂市市税条例の一部を改正する条例を定めることについて,はい
令和7年6月定例会,R070625A,8,高議第29号,高砂市医療費助成条例の一部を改正する条例を定めることについて,異議なし(全会一致),,0,0,高議第29号、高砂市医療費助成条例の一部を改正する条例を定めることについて,はい
令和7年6月定例会,R070625A,9,高予第18号,第2回令和7年度高砂市一般会計補正予算,異議なし(全会一致),,0,0,高予第18号、第2回令和7年度高砂市一般会計補正予算,はい
令和7年6月定例会,R070625A,10,高予第19号,第1回令和7年度高砂市国民健康保険事業特別会計補正予算,異議なし(全会一致),,0,0,高予第19号、第1回令和7年度高砂市国民健康保険事業特別会計補正予算,はい
令和7年6月定例会,R070625A,11,高予第20号,第1回令和7年度高砂市介護保険事業特別会計補正予算,異議なし(全会一致),,0,0,高予第20号、第1回令和7年度高砂市介護保険事業特別会計補正予算,はい
令和7年6月定例会,R070625A,12,,陳情のこと,異議なし(全会一致),,0,0,陳情のこと,はい
令和7年6月定例会,R070625A,13,高議第30号,動産の買入れについて,判定不能,,0,0,高議第30号、動産の買入れについて,
令和7年6月定例会,R070625A,14,高予第21号,第3回令和7年度高砂市一般会計補正予算,判定不能,,0,0,高予第21号、第3回令和7年度高砂市一般会計補正予算,
令和7年6月定例会,R070625A,13,高議第30号,動産の買入れについて,異議なし(全会一致),,0,0,高議第30号、動産の買入れについて,はい
令和7年6月定例会,R070625A,14,高予第21号,第3回令和7年度高砂市一般会計補正予算,異議なし(全会一致),,0,0,高予第21号、第3回令和7年度高砂市一般会計補正予算,はい
令和7年6月定例会,R070625A,15,高議第31号,兵庫県後期高齢者医療広域連合議会議員の選挙について,異議なし(全会一致),,0,0,高議第31号、兵庫県後期高齢者医療広域連合議会議員の選挙について,
令和7年6月定例会,R070625A,16,高諮第5号,人権擁護委員の候補者の推薦につき意見を求めることについて,異議なし(全会一致),,0,0,高諮第5号、人権擁護委員の候補者の推薦につき意見を求めることについて,はい
令和7年6月定例会,R070625A,17,高議第32号,意見書提出のことについて,異議なし(全会一致),,0,0,高議第32号、意見書提出のことについて,はい
令和7年7月臨時会,R070717A,4,高議第33号,動産の買入れについて,判定不能,,0,0,高議第33号、動産の買入れについて,
令和7年7月臨時会,R070717A,4,高議第33号,動産の買入れについて,異議なし(全会一致),,0,0,高議第33号、動産の買入れについて,はい
令和7年9月定例会,R070909A,5,高議第50号,高砂市議会ハラスメント防止条例を定めることについて,異議なし(全会一致),,0,0,高議第50号、高砂市議会ハラスメント防止条例を定めることについて,はい
令和7年9月定例会,R070909A,6,高議第51号,高砂市議会議員政治倫理条例の一部を改正する条例を定めることについて,異議なし(全会一致),,0,0,高議第51号、高砂市議会議員政治倫理条例の一部を改正する条例を定めることについて,はい
令和7年9月定例会,R070909A,7,高議第36号,高砂市職員等のハラスメントの防止等に関する条例を定めることについて,異議なし(全会一致),,0,0,高議第36号、高砂市職員等のハラスメントの防止等に関する条例を定めることについて,はい
令和7年9月定例会,R070910A,2,高議第52号,議長の選挙について,異議なし(全会一致),,0,0,高議第52号、議長の選挙について,はい
令和7年9月定例会,R070910A,3,高議第53号,副議長の選挙について,異議なし(全会一致),,0,0,高議第53号、副議長の選挙について,
令和7年9月定例会,R070910A,5,高議第54号,常任委員会委員の選任について,異議なし(全会一致),,0,0,高議第54号、常任委員会委員の選任について,はい
令和7年9月定例会,R070910A,6,高議第55号,議会運営委員会委員の定数及び選任について,異議なし(全会一致),,0,0,高議第55号、議会運営委員会委員の定数及び選任について,はい
令和7年9月定例会,R070910A,7,,行政課題等調査検討特別委員会委員の辞任について,異議なし(全会一致),,0,0,行政課題等調査検討特別委員会委員の辞任について,はい
令和7年9月定例会,R070910A,8,,行政課題等調査検討特別委員会委員の選任について,異議なし(全会一致),,0,0,行政課題等調査検討特別委員会委員の選任について,はい
令和7年9月定例会,R070911A,2,高報第13号|高専第6号,専決処分をしたものにつき承認を求めることについて|第4回令和7年度高砂市一般会計補正予算について,異議なし(全会一致),はい,0,0,高報第13号、専決処分をしたものにつき承認を求めることについて、高専第6号、第4回令和7年度高砂市一般会計補正予算について,はい
令和7年9月定例会,R070911A,3,高報第14号,健全化判断比率及び資金不足比率の報告について,判定不能,,0,0,高報第14号、健全化判断比率及び資金不足比率の報告について,
令和7年9月定例会,R070911A,4,高議第34号,動産の買入れについて,判定不能,,0,0,高議第34号、動産の買入れについて,
令和7年9月定例会,R070911A,5,高議第35号,高砂市部設置条例の一部を改正する条例を定めることについて,判定不能,,0,0,高議第35号、高砂市部設置条例の一部を改正する条例を定めることについて,
令和7年9月定例会,R070911A,6,高議第37号,高砂市職員の勤務時間その他の勤務条件に関する条例の一部を改正する条例を定めることについて,判定不能,,0,0,高議第37号、高砂市職員の勤務時間その他の勤務条件に関する条例の一部を改正する条例を定めることについて,
令和7年9月定例会,R070911A,7,高議第38号,高砂市職員の育児休業等に関する条例及び高砂市企業職員の給与に関する条例の一部を改正する条例を定めることについて,判定不能,,0,0,高議第38号、高砂市職員の育児休業等に関する条例及び高砂市企業職員の給与に関する条例の一部を改正する条例を定めることについて,
令和7年9月定例会,R070911A,8,高議第39号,高砂市議会議員及び高砂市長の選挙における選挙運動用自動車の使用並びに選挙運動用ビラ及び選挙運動用ポスターの作成の公営に関する条例の一部を改正する条例を定めることについて,判定不能,,0,0,高議第39号、高砂市議会議員及び高砂市長の選挙における選挙運動用自動車の使用並びに選挙運動用ビラ及び選挙運動用ポスターの作成の公営に関する条例の一部を改正する条,
令和7年9月定例会,R070911A,9,高議第40号,高砂市水道事業給水条例の一部を改正する条例を定めることについて,判定不能,,0,0,高議第40号、高砂市水道事業給水条例の一部を改正する条例を定めることについて,
令和7年9月定例会,R070911A,10,高議第41号,高砂市下水道条例の一部を改正する条例を定めることについて,判定不能,,0,0,高議第41号、高砂市下水道条例の一部を改正する条例を定めることについて,
令和7年9月定例会,R070911A,11,高予第22号,第5回令和7年度高砂市一般会計補正予算,採決あり(起立),,0,0,高予第22号、第5回令和7年度高砂市一般会計補正予算,
令和7年9月定例会,R070912A,2,高予第22号,第5回令和7年度高砂市一般会計補正予算,判定不能,,0,0,高予第22号、第5回令和7年度高砂市一般会計補正予算,はい
令和7年9月定例会,R070912A,3,高予第23号,第2回令和7年度高砂市国民健康保険事業特別会計補正予算,判定不能,,0,0,高予第23号、第2回令和7年度高砂市国民健康保険事業特別会計補正予算,
令和7年9月定例会,R070912A,4,高予第24号,第1回令和7年度高砂市後期高齢者医療事業特別会計補正予算,判定不能,,0,0,高予第24号、第1回令和7年度高砂市後期高齢者医療事業特別会計補正予算,
令和7年9月定例会,R070912A,5,高予第25号,第2回令和7年度高砂市介護保険事業特別会計補正予算,判定不能,,0,0,高予第25号、第2回令和7年度高砂市介護保険事業特別会計補正予算,
令和7年9月定例会,R070912A,6,高予第26号,第1回令和7年度高砂市水道事業会計補正予算,判定不能,,0,0,高予第26号、第1回令和7年度高砂市水道事業会計補正予算,
令和7年9月定例会,R070912A,7,高予第27号,第1回令和7年度高砂市下水道事業会計補正予算,判定不能,,0,0,高予第27号、第1回令和7年度高砂市下水道事業会計補正予算,
令和7年9月定例会,R070912A,8,高予第28号,第1回令和7年度高砂市病院事業会計補正予算,異議なし(全会一致),,0,0,高予第28号、第1回令和7年度高砂市病院事業会計補正予算,はい
令和7年9月定例会,R070926A,2,高議第34号,動産の買入れについて,異議なし(全会一致),,0,0,高議第34号、動産の買入れについて,はい
令和7年9月定例会,R070926A,3,高議第35号,高砂市部設置条例の一部を改正する条例を定めることについて,採決あり(電子表決、賛成多数),,0,0,高議第35号、高砂市部設置条例の一部を改正する条例を定めることについて,はい
令和7年9月定例会,R070926A,4,高議第37号,高砂市職員の勤務時間その他の勤務条件に関する条例の一部を改正する条例を定めることについて,異議なし(全会一致),,0,0,高議第37号、高砂市職員の勤務時間その他の勤務条件に関する条例の一部を改正する条例を定めることについて,はい
令和7年9月定例会,R070926A,5,高議第38号,高砂市職員の育児休業等に関する条例及び高砂市企業職員の給与に関する条例の一部を改正する条例を定めることについて,異議なし(全会一致),,0,0,高議第38号、高砂市職員の育児休業等に関する条例及び高砂市企業職員の給与に関する条例の一部を改正する条例を定めることについて,はい
令和7年9月定例会,R070926A,6,高議第39号,高砂市議会議員及び高砂市長の選挙における選挙運動用自動車の使用並びに選挙運動用ビラ及び選挙運動用ポスターの作成の公営に関する条例の一部を改正する条例を定めることについて,異議なし(全会一致),,0,0,高議第39号、高砂市議会議員及び高砂市長の選挙における選挙運動用自動車の使用並びに選挙運動用ビラ及び選挙運動用ポスターの作成の公営に関する条例の一部を改正する条,はい
令和7年9月定例会,R070926A,7,高議第40号,高砂市水道事業給水条例の一部を改正する条例を定めることについて,異議なし(全会一致),,0,0,高議第40号、高砂市水道事業給水条例の一部を改正する条例を定めることについて,はい
令和7年9月定例会,R070926A,8,高議第41号,高砂市下水道条例の一部を改正する条例を定めることについて,異議なし(全会一致),,0,0,高議第41号、高砂市下水道条例の一部を改正する条例を定めることについて,はい
令和7年9月定例会,R070926A,9,高予第22号,第5回令和7年度高砂市一般会計補正予算,採決あり(電子表決、賛成多数),,0,0,高予第22号、第5回令和7年度高砂市一般会計補正予算,はい
令和7年9月定例会,R070926A,10,高予第23号,第2回令和7年度高砂市国民健康保険事業特別会計補正予算,採決あり(電子表決、賛成多数),,0,0,高予第23号、第2回令和7年度高砂市国民健康保険事業特別会計補正予算,はい
令和7年9月定例会,R070926A,11,高予第24号,第1回令和7年度高砂市後期高齢者医療事業特別会計補正予算,採決あり(電子表決、賛成多数),,0,0,高予第24号、第1回令和7年度高砂市後期高齢者医療事業特別会計補正予算,はい
令和7年9月定例会,R070926A,12,高予第25号,第2回令和7年度高砂市介護保険事業特別会計補正予算,採決あり(電子表決、賛成多数),,0,0,高予第25号、第2回令和7年度高砂市介護保険事業特別会計補正予算,はい
令和7年9月定例会,R070926A,13,高予第26号,第1回令和7年度高砂市水道事業会計補正予算,異議なし(全会一致),,0,0,高予第26号、第1回令和7年度高砂市水道事業会計補正予算,はい
令和7年9月定例会,R070926A,14,高予第27号,第1回令和7年度高砂市下水道事業会計補正予算,異議なし(全会一致),,0,0,高予第27号、第1回令和7年度高砂市下水道事業会計補正予算,はい
令和7年9月定例会,R070926A,15,高予第28号,第1回令和7年度高砂市病院事業会計補正予算,採決あり(電子表決、賛成多数、全員賛成),,0,0,高予第28号、第1回令和7年度高砂市病院事業会計補正予算,はい
令和7年9月定例会,R070926A,20,,陳情のこと,採決あり(電子表決、全員賛成),,0,0,陳情のこと,はい
令和7年9月定例会,R070926A,22,高議第56号,公平委員会委員を選任するにつき同意を求めることについて,異議なし(全会一致),,0,0,高議第56号、公平委員会委員を選任するにつき同意を求めることについて,はい
令和7年9月定例会,R070926A,30,高議第49号,"令和6年度高砂市病院事業会計決算認定についてまでを一括議題といたしたいと思いますが、ご異議ありませんか。 (「異議なし」の声あり) <PAGE=""382""> ○議長(川端宏明君) ご異議なしと認め、日程第23から日程第30までの令和6年度高砂市各会計決算認定については一括議題とし、質疑を行います。 質疑順及び持ち時間については、議会運営委員会の申合せのとおり、1番目、未来ネット、14分、2番目、民",異議なし(全会一致),,0,0,"高議第49号、令和6年度高砂市病院事業会計決算認定についてまでを一括議題といたしたいと思いますが、ご異議ありませんか。 (「異議なし」の声あり) <PAGE=""",
令和7年9月定例会,R070926A,31,高議第57号,決算特別委員会を設けることについて,異議なし(全会一致),,0,0,高議第57号、決算特別委員会を設けることについて,はい
令和7年12月定例会,R071208A,3,高議第67号,高砂市市税条例の一部を改正する条例を定めることについてを一括議題といたしたいと思いますが、ご異議ありませんか。 (「異議なし」の声あり) ○議長(川端宏明君) ご異議なしと認め、,異議なし(全会一致),,0,0,高議第67号、高砂市市税条例の一部を改正する条例を定めることについてを一括議題といたしたいと思いますが、ご異議ありませんか。 (「異議なし」の声あり) ○議長(,
令和7年12月定例会,R071208A,3,高議第67号|高議第58号|高議第67号,高砂市市税条例の一部を改正する条例を定めることについてを一括議題といたします。 当局の説明を求めます。 財務部長。 ○財務部長(月嶹 真君) それでは、議案書の1ページ、2ページをお願いいたします。 高議第58号、高砂市市民税減免基準等の廃止についてでございます。 当該議案につきましては、税の公平性、市民の信頼性の確保をより一層図るため、要綱で定めていた減免に関する規定を規則化することに伴い、高砂,判定不能,はい,0,0,高議第67号、高砂市市税条例の一部を改正する条例を定めることについてを一括議題といたします。 当局の説明を求めます。 財務部長。 ○財務部長(月嶹 真君) それ,
令和7年12月定例会,R071208A,6,高議第61号,"加古川市外2市共有公会堂事務組合規約の一部を変更する規約を定めることについてを一括議題といたしたいと思いますが、ご異議ありませんか。 (「異議なし」の声あり) <PAGE=""79""> ○議長(川端宏明君) ご異議なしと認め、",異議なし(全会一致),,0,0,高議第61号、加古川市外2市共有公会堂事務組合規約の一部を変更する規約を定めることについてを一括議題といたしたいと思いますが、ご異議ありませんか。 (「異議なし,
令和7年12月定例会,R071208A,6,高議第61号|高議第59号,加古川市外2市共有公会堂事務組合規約の一部を変更する規約を定めることについてを一括議題といたします。 当局の説明を求めます。 財務部長。 ○財務部長(月嶹 真君) それでは、議案書の3ページをお願いいたします。 高議第59号、加古川市外2市共有公会堂事務組合の解散についてでございます。 地方自治法第288条の規定により、令和8年3月31日をもって加古川市外2市共有公会堂事務組合を解散することについ,判定不能,はい,0,0,高議第61号、加古川市外2市共有公会堂事務組合規約の一部を変更する規約を定めることについてを一括議題といたします。 当局の説明を求めます。 財務部長。 ○財務部,
令和7年12月定例会,R071208A,7,高議第62号,高砂市職員の給与に関する条例の一部を改正する条例を定めることについて,判定不能,,0,0,高議第62号、高砂市職員の給与に関する条例の一部を改正する条例を定めることについて,
令和7年12月定例会,R071208A,8,高議第63号,特別職の職員で常勤のものの給与に関する条例の一部を改正する条例を定めることについて,異議なし(全会一致),,0,0,高議第63号、特別職の職員で常勤のものの給与に関する条例の一部を改正する条例を定めることについて,はい
令和7年12月定例会,R071208A,9,高議第64号,議会議員の議員報酬及び費用弁償に関する条例の一部を改正する条例を定めることについて,判定不能,,0,0,高議第64号、議会議員の議員報酬及び費用弁償に関する条例の一部を改正する条例を定めることについて,
令和7年12月定例会,R071208A,10,高議第65号,高砂市会計年度任用職員の給与等に関する条例の一部を改正する条例を定めることについて,判定不能,,0,0,高議第65号、高砂市会計年度任用職員の給与等に関する条例の一部を改正する条例を定めることについて,
令和7年12月定例会,R071208A,11,高議第66号,高砂市職員等の旅費に関する条例の一部を改正する条例を定めることについて,判定不能,,0,0,高議第66号、高砂市職員等の旅費に関する条例の一部を改正する条例を定めることについて,
令和7年12月定例会,R071208A,12,高議第68号,高砂市総合運動公園体育施設管理条例の一部を改正する条例を定めることについて,判定不能,,0,0,高議第68号、高砂市総合運動公園体育施設管理条例の一部を改正する条例を定めることについて,
令和7年12月定例会,R071208A,13,高議第69号,高砂市民プール条例を廃止する条例を定めることについて,異議なし(全会一致),,0,0,高議第69号、高砂市民プール条例を廃止する条例を定めることについて,
令和7年12月定例会,R071209A,3,高議第71号,高砂市特定乳児等通園支援事業の運営に関する基準を定める条例を定めることについてを一括議題といたしたいと思いますが、ご異議ありませんか。 (「異議なし」の声あり) ○議長(川端宏明君) ご異議なしと認め、,異議なし(全会一致),,0,0,高議第71号、高砂市特定乳児等通園支援事業の運営に関する基準を定める条例を定めることについてを一括議題といたしたいと思いますが、ご異議ありませんか。 (「異議な,
令和7年12月定例会,R071209A,3,高議第71号|高議第70号|高議第71号,高砂市特定乳児等通園支援事業の運営に関する基準を定める条例を定めることについてを一括議題といたします。 当局の説明を求めます。 健康こども部長。 ○健康こども部長(藤田將太郎君) 定例会議案書47ページをお願いいたします。 高議第70号、高砂市乳児等通園支援事業の設備及び運営に関する基準を定める条例を定めることについて、議案書49ページ|高砂市特定乳児等通院支援事業の運営に関する基準を定める条例を,判定不能,はい,0,0,高議第71号、高砂市特定乳児等通園支援事業の運営に関する基準を定める条例を定めることについてを一括議題といたします。 当局の説明を求めます。 健康こども部長。 ,
令和7年12月定例会,R071209A,4,高予第29号,第6回令和7年度高砂市一般会計補正予算,採決あり(起立),,0,0,高予第29号、第6回令和7年度高砂市一般会計補正予算,はい
令和7年12月定例会,R071210A,3,高予第36号,第2回令和7年度高砂市病院事業会計補正予算を一括議題といたしたいと思いますが、ご異議ありませんか。 (「異議なし」の声あり) ○議長(川端宏明君) ご異議なしと認め、,異議なし(全会一致),,0,0,高予第36号、第2回令和7年度高砂市病院事業会計補正予算を一括議題といたしたいと思いますが、ご異議ありませんか。 (「異議なし」の声あり) ○議長(川端宏明君),
令和7年12月定例会,R071210A,3,高予第36号|高予第36号,第2回令和7年度高砂市病院事業会計補正予算を一括議題といたします。 当局の説明を求めます。 市民病院事務局長。 ○市民病院事務局長(高橋文彦君) それでは|第2回令和7年度高砂市病院事業会計補正予算につきましてご説明申し上げます。 定例会議案令和7年度補正予算書301ページをお願いいたします。 第2条予算、第3条に定めた収益的収入の額につきまして、第1款第4項、特別利益におきまして2億円の追加補正,判定不能,はい,0,0,高予第36号、第2回令和7年度高砂市病院事業会計補正予算を一括議題といたします。 当局の説明を求めます。 市民病院事務局長。 ○市民病院事務局長(高橋文彦君) ,
令和7年12月定例会,R071210A,2,高予第29号,第6回令和7年度高砂市一般会計補正予算,判定不能,,0,0,高予第29号、第6回令和7年度高砂市一般会計補正予算,
令和7年12月定例会,R071210A,4,高予第30号,第3回令和7年度高砂市国民健康保険事業特別会計補正予算,判定不能,,0,0,高予第30号、第3回令和7年度高砂市国民健康保険事業特別会計補正予算,
令和7年12月定例会,R071210A,5,高予第31号,第2回令和7年度高砂市後期高齢者医療事業特別会計補正予算,判定不能,,0,0,高予第31号、第2回令和7年度高砂市後期高齢者医療事業特別会計補正予算,
令和7年12月定例会,R071210A,6,高予第32号,第3回令和7年度高砂市介護保険事業特別会計補正予算,判定不能,,0,0,高予第32号、第3回令和7年度高砂市介護保険事業特別会計補正予算,
令和7年12月定例会,R071210A,7,高予第33号,第2回令和7年度高砂市水道事業会計補正予算,判定不能,,0,0,高予第33号、第2回令和7年度高砂市水道事業会計補正予算,
令和7年12月定例会,R071210A,8,高予第34号,第1回令和7年度高砂市工業用水道事業会計補正予算,判定不能,,0,0,高予第34号、第1回令和7年度高砂市工業用水道事業会計補正予算,
令和7年12月定例会,R071210A,9,高予第35号,第2回令和7年度高砂市下水道事業会計補正予算,判定不能,,0,0,高予第35号、第2回令和7年度高砂市下水道事業会計補正予算,
令和7年12月定例会,R071218A,2,高議第58号,高砂市市民税減免基準等の廃止について,採決あり(電子表決、賛成多数),,1,0,高議第58号、高砂市市民税減免基準等の廃止について,はい
令和7年12月定例会,R071218A,3,高議第59号,加古川市外2市共有公会堂事務組合の解散について,異議なし(全会一致),,0,0,高議第59号、加古川市外2市共有公会堂事務組合の解散について,はい
令和7年12月定例会,R071218A,4,高議第60号,加古川市外2市共有公会堂事務組合の解散に伴う財産処分について,異議なし(全会一致),,0,0,高議第60号、加古川市外2市共有公会堂事務組合の解散に伴う財産処分について,はい
令和7年12月定例会,R071218A,5,高議第61号,加古川市外2市共有公会堂事務組合規約の一部を変更する規約を定めることについて,異議なし(全会一致),,0,0,高議第61号、加古川市外2市共有公会堂事務組合規約の一部を変更する規約を定めることについて,はい
令和7年12月定例会,R071218A,6,高議第62号,高砂市職員の給与に関する条例の一部を改正する条例を定めることについて,採決あり(電子表決、賛成多数),,0,0,高議第62号、高砂市職員の給与に関する条例の一部を改正する条例を定めることについて,はい
令和7年12月定例会,R071218A,7,高議第63号,特別職の職員で常勤のものの給与に関する条例の一部を改正する条例を定めることについて,採決あり(電子表決、賛成多数、全員賛成、否決語あり),,0,0,高議第63号、特別職の職員で常勤のものの給与に関する条例の一部を改正する条例を定めることについて,はい
令和7年12月定例会,R071218A,8,高議第64号,議会議員の議員報酬及び費用弁償に関する条例の一部を改正する条例を定めることについて,採決あり(電子表決、賛成多数、否決語あり),,1,0,高議第64号、議会議員の議員報酬及び費用弁償に関する条例の一部を改正する条例を定めることについて,はい
令和7年12月定例会,R071218A,9,高議第65号,高砂市会計年度任用職員の給与等に関する条例の一部を改正する条例を定めることについて,異議なし(全会一致),,0,0,高議第65号、高砂市会計年度任用職員の給与等に関する条例の一部を改正する条例を定めることについて,はい
令和7年12月定例会,R071218A,10,高議第66号,高砂市職員等の旅費に関する条例の一部を改正する条例を定めることについて,異議なし(全会一致),,0,0,高議第66号、高砂市職員等の旅費に関する条例の一部を改正する条例を定めることについて,はい
令和7年12月定例会,R071218A,11,高議第67号,高砂市市税条例の一部を改正する条例を定めることについて,採決あり(電子表決、賛成多数),,0,0,高議第67号、高砂市市税条例の一部を改正する条例を定めることについて,はい
令和7年12月定例会,R071218A,12,高議第68号,高砂市総合運動公園体育施設管理条例の一部を改正する条例を定めることについて,異議なし(全会一致),,0,0,高議第68号、高砂市総合運動公園体育施設管理条例の一部を改正する条例を定めることについて,はい
令和7年12月定例会,R071218A,13,高議第69号,高砂市民プール条例を廃止する条例を定めることについて,採決あり(電子表決、賛成多数),,0,0,高議第69号、高砂市民プール条例を廃止する条例を定めることについて,はい
令和7年12月定例会,R071218A,14,高議第70号,高砂市乳児等通園支援事業の設備及び運営に関する基準を定める条例を定めることについて,採決あり(電子表決、賛成多数),,0,0,高議第70号、高砂市乳児等通園支援事業の設備及び運営に関する基準を定める条例を定めることについて,はい
令和7年12月定例会,R071218A,15,高議第71号,高砂市特定乳児等通園支援事業の運営に関する基準を定める条例を定めることについて,採決あり(電子表決、賛成多数),,0,0,高議第71号、高砂市特定乳児等通園支援事業の運営に関する基準を定める条例を定めることについて,はい
令和7年12月定例会,R071218A,16,高予第29号,第6回令和7年度高砂市一般会計補正予算,採決あり(電子表決、賛成多数),,0,0,高予第29号、第6回令和7年度高砂市一般会計補正予算,はい
令和7年12月定例会,R071218A,17,高予第30号,第3回令和7年度高砂市国民健康保険事業特別会計補正予算,異議なし(全会一致),,0,0,高予第30号、第3回令和7年度高砂市国民健康保険事業特別会計補正予算,はい
令和7年12月定例会,R071218A,18,高予第31号,第2回令和7年度高砂市後期高齢者医療事業特別会計補正予算,異議なし(全会一致),,0,0,高予第31号、第2回令和7年度高砂市後期高齢者医療事業特別会計補正予算,はい
令和7年12月定例会,R071218A,19,高予第32号,第3回令和7年度高砂市介護保険事業特別会計補正予算,異議なし(全会一致),,0,0,高予第32号、第3回令和7年度高砂市介護保険事業特別会計補正予算,はい
令和7年12月定例会,R071218A,20,高予第33号,第2回令和7年度高砂市水道事業会計補正予算,異議なし(全会一致),,0,0,高予第33号、第2回令和7年度高砂市水道事業会計補正予算,はい
令和7年12月定例会,R071218A,21,高予第34号,第1回令和7年度高砂市工業用水道事業会計補正予算,異議なし(全会一致),,0,0,高予第34号、第1回令和7年度高砂市工業用水道事業会計補正予算,はい
令和7年12月定例会,R071218A,22,高予第35号,第2回令和7年度高砂市下水道事業会計補正予算,異議なし(全会一致),,0,0,高予第35号、第2回令和7年度高砂市下水道事業会計補正予算,はい
令和7年12月定例会,R071218A,23,高予第36号,第2回令和7年度高砂市病院事業会計補正予算,異議なし(全会一致),,0,0,高予第36号、第2回令和7年度高砂市病院事業会計補正予算,はい
令和7年12月定例会,R071218A,24,,陳情のこと,採決あり(電子表決、全員賛成),,0,0,陳情のこと,はい
令和7年12月定例会,R071218A,25,,陳情のこと,採決あり(電子表決、賛成多数),,0,0,陳情のこと,はい
令和7年12月定例会,R071218A,26,高議第35号,継続審査中の高議第35号、高砂市部設置条例の一部を改正する条例を定めることについて,採決あり(電子表決、賛成多数),,0,0,継続審査中の高議第35号、高砂市部設置条例の一部を改正する条例を定めることについて,はい
令和7年12月定例会,R071218A,35,高議第72号,教育長を任命するにつき同意を求めることについて,異議なし(全会一致),,0,0,高議第72号、教育長を任命するにつき同意を求めることについて,はい
令和7年12月定例会,R071218A,36,高議第73号,意見書提出のことについて,採決あり(電子表決、賛成多数),,0,0,高議第73号、意見書提出のことについて,はい
令和7年12月定例会,R071219A,2,高議第74号,高砂市病院事業の設置等に関する条例の一部を改正する等の条例を定めることについて,採決あり(、否決語あり),,0,0,高議第74号、高砂市病院事業の設置等に関する条例の一部を改正する等の条例を定めることについて,はい
令和7年12月定例会,R071219A,3,高議第75号,高砂市職員の給与に関する条例の一部を改正する条例を定めることについて,判定不能,,0,0,高議第75号、高砂市職員の給与に関する条例の一部を改正する条例を定めることについて,
令和7年12月定例会,R071219A,4,高議第76号,特別職の職員で常勤のものの給与に関する条例の一部を改正する条例を定めることについて,判定不能,,0,0,高議第76号、特別職の職員で常勤のものの給与に関する条例の一部を改正する条例を定めることについて,はい
令和7年12月定例会,R071219A,5,高予第37号,第7回令和7年度高砂市一般会計補正予算,判定不能,,0,0,高予第37号、第7回令和7年度高砂市一般会計補正予算,
令和7年12月定例会,R071219A,6,高予第38号,第3回令和7年度高砂市病院事業会計補正予算,判定不能,,0,0,高予第38号、第3回令和7年度高砂市病院事業会計補正予算,
令和7年12月定例会,R071222A,3,高議第74号,高砂市病院事業の設置等に関する条例の一部を改正する等の条例を定めることについて,採決あり(電子表決、賛成多数),,1,0,高議第74号、高砂市病院事業の設置等に関する条例の一部を改正する等の条例を定めることについて,はい
令和7年12月定例会,R071222A,4,高議第75号,高砂市職員の給与に関する条例の一部を改正する条例を定めることについて,異議なし(全会一致),,0,0,高議第75号、高砂市職員の給与に関する条例の一部を改正する条例を定めることについて,はい
令和7年12月定例会,R071222A,5,高議第76号,特別職の職員で常勤のものの給与に関する条例の一部を改正する条例を定めることについて,異議なし(全会一致),,0,0,高議第76号、特別職の職員で常勤のものの給与に関する条例の一部を改正する条例を定めることについて,はい
令和7年12月定例会,R071222A,6,高予第37号,第7回令和7年度高砂市一般会計補正予算,異議なし(全会一致),,0,0,高予第37号、第7回令和7年度高砂市一般会計補正予算,はい
令和7年12月定例会,R071222A,7,高予第38号,第3回令和7年度高砂市病院事業会計補正予算,異議なし(全会一致),,0,0,高予第38号、第3回令和7年度高砂市病院事業会計補正予算,はい
令和8年1月臨時会,R080116A,4,高予第1号,第8回令和7年度高砂市一般会計補正予算,判定不能,,0,0,高予第1号、第8回令和7年度高砂市一般会計補正予算,はい
令和8年1月臨時会,R080116A,5,高予第2号,第3回令和7年度高砂市水道事業会計補正予算,判定不能,,0,0,高予第2号、第3回令和7年度高砂市水道事業会計補正予算,
令和8年1月臨時会,R080116A,4,高予第1号,第8回令和7年度高砂市一般会計補正予算,採決あり(電子表決、賛成多数),,0,0,高予第1号、第8回令和7年度高砂市一般会計補正予算,はい
令和8年1月臨時会,R080116A,5,高予第2号,第3回令和7年度高砂市水道事業会計補正予算,異議なし(全会一致),,0,0,高予第2号、第3回令和7年度高砂市水道事業会計補正予算,はい
令和8年3月定例会,R080225A,2,高報第1号|高専第1号,専決処分をしたものにつき承認を求めることについて|損害賠償の額を定めることについて,異議なし(全会一致),はい,0,0,高報第1号、専決処分をしたものにつき承認を求めることについて、高専第1号、損害賠償の額を定めることについて,はい
令和8年3月定例会,R080225A,3,高報第2号|高専第2号,専決処分をしたものにつき承認を求めることについて|第9回令和7年度高砂市一般会計補正予算について,異議なし(全会一致),はい,0,0,高報第2号、専決処分をしたものにつき承認を求めることについて、高専第2号、第9回令和7年度高砂市一般会計補正予算について,はい
令和8年3月定例会,R080225A,4,高議第1号,野球場改修工事請負契約の一部を変更することについて,判定不能,,0,0,高議第1号、野球場改修工事請負契約の一部を変更することについて,
令和8年3月定例会,R080225A,5,高議第2号,製造請負契約を締結することについて,異議なし(全会一致),,0,0,高議第2号、製造請負契約を締結することについて,
令和8年3月定例会,R080225A,6,高議第3号,財産の無償譲渡について,判定不能,,0,0,高議第3号、財産の無償譲渡について,
令和8年3月定例会,R080225A,7,高議第4号,高砂市市営住宅条例の一部を改正する条例を定めることについて,判定不能,,0,0,高議第4号、高砂市市営住宅条例の一部を改正する条例を定めることについて,
令和8年3月定例会,R080225A,8,高予第3号,第10回令和7年度高砂市一般会計補正予算,採決あり(起立),,0,0,高予第3号、第10回令和7年度高砂市一般会計補正予算,
令和8年3月定例会,R080226A,3,高予第9号,第4回令和7年度高砂市病院事業会計補正予算を一括議題といたしたいと思いますが、ご異議ありませんか。 (「異議なし」の声あり) ○議長(川端宏明君) ご異議なしと認め、,異議なし(全会一致),,0,0,高予第9号、第4回令和7年度高砂市病院事業会計補正予算を一括議題といたしたいと思いますが、ご異議ありませんか。 (「異議なし」の声あり) ○議長(川端宏明君) ,
令和8年3月定例会,R080226A,3,高予第9号|高予第9号,第4回令和7年度高砂市病院事業会計補正予算を一括議題といたします。 当局の説明を求めます。 市民病院事務局長。 ○市民病院事務局長(高橋文彦君) おはようございます。高予第9号、第4回令和7年度高砂市病院事業会計補正予算につきましてご説明申し上げます。 定例会議案令和7年度補正予算書279ページをお願いいたします。 第2条予算第3条に定めた収益的収入及び支出の額につきまして、第1款第4項特別利益に,判定不能,はい,0,0,高予第9号、第4回令和7年度高砂市病院事業会計補正予算を一括議題といたします。 当局の説明を求めます。 市民病院事務局長。 ○市民病院事務局長(高橋文彦君) お,はい
令和8年3月定例会,R080226A,2,高予第3号,第10回令和7年度高砂市一般会計補正予算,判定不能,,0,0,高予第3号、第10回令和7年度高砂市一般会計補正予算,
令和8年3月定例会,R080226A,4,高予第4号,第4回令和7年度高砂市国民健康保険事業特別会計補正予算,判定不能,,0,0,高予第4号、第4回令和7年度高砂市国民健康保険事業特別会計補正予算,
令和8年3月定例会,R080226A,5,高予第5号,第3回令和7年度高砂市後期高齢者医療事業特別会計補正予算,判定不能,,0,0,高予第5号、第3回令和7年度高砂市後期高齢者医療事業特別会計補正予算,
令和8年3月定例会,R080226A,6,高予第6号,第4回令和7年度高砂市介護保険事業特別会計補正予算,判定不能,,0,0,高予第6号、第4回令和7年度高砂市介護保険事業特別会計補正予算,
令和8年3月定例会,R080226A,7,高予第7号,第4回令和7年度高砂市水道事業会計補正予算,判定不能,,0,0,高予第7号、第4回令和7年度高砂市水道事業会計補正予算,
令和8年3月定例会,R080226A,8,高予第8号,第3回令和7年度高砂市下水道事業会計補正予算,判定不能,,0,0,高予第8号、第3回令和7年度高砂市下水道事業会計補正予算,
令和8年3月定例会,R080303A,2,高議第1号,野球場改修工事請負契約の一部を変更することについて,異議なし(全会一致),,0,0,高議第1号、野球場改修工事請負契約の一部を変更することについて,はい
令和8年3月定例会,R080303A,3,高議第2号,製造請負契約を締結することについて,異議なし(全会一致),,0,0,高議第2号、製造請負契約を締結することについて,はい
令和8年3月定例会,R080303A,4,高議第3号,財産の無償譲渡について,異議なし(全会一致),,0,0,高議第3号、財産の無償譲渡について,はい
令和8年3月定例会,R080303A,5,高議第4号,高砂市市営住宅条例の一部を改正する条例を定めることについて,異議なし(全会一致),,0,0,高議第4号、高砂市市営住宅条例の一部を改正する条例を定めることについて,はい
令和8年3月定例会,R080303A,6,高予第3号,第10回令和7年度高砂市一般会計補正予算,採決あり(電子表決、賛成多数),,0,0,高予第3号、第10回令和7年度高砂市一般会計補正予算,はい
令和8年3月定例会,R080303A,7,高予第4号,第4回令和7年度高砂市国民健康保険事業特別会計補正予算,採決あり(電子表決、賛成多数),,1,0,高予第4号、第4回令和7年度高砂市国民健康保険事業特別会計補正予算,はい
令和8年3月定例会,R080303A,8,高予第5号,第3回令和7年度高砂市後期高齢者医療事業特別会計補正予算,採決あり(電子表決、賛成多数),,0,0,高予第5号、第3回令和7年度高砂市後期高齢者医療事業特別会計補正予算,はい
令和8年3月定例会,R080303A,9,高予第6号,第4回令和7年度高砂市介護保険事業特別会計補正予算,異議なし(全会一致),,0,0,高予第6号、第4回令和7年度高砂市介護保険事業特別会計補正予算,はい
令和8年3月定例会,R080303A,10,高予第7号,第4回令和7年度高砂市水道事業会計補正予算,異議なし(全会一致),,0,0,高予第7号、第4回令和7年度高砂市水道事業会計補正予算,はい
令和8年3月定例会,R080303A,11,高予第8号,第3回令和7年度高砂市下水道事業会計補正予算,異議なし(全会一致),,0,0,高予第8号、第3回令和7年度高砂市下水道事業会計補正予算,はい
令和8年3月定例会,R080303A,12,高予第9号,第4回令和7年度高砂市病院事業会計補正予算,異議なし(全会一致),,0,0,高予第9号、第4回令和7年度高砂市病院事業会計補正予算,はい
令和8年3月定例会,R080304A,2,高予第18号,第11回令和7年度高砂市一般会計補正予算,判定不能,,0,0,高予第18号、第11回令和7年度高砂市一般会計補正予算,
令和8年3月定例会,R080304A,2,高予第18号,第11回令和7年度高砂市一般会計補正予算,異議なし(全会一致),,0,0,高予第18号、第11回令和7年度高砂市一般会計補正予算,はい
令和8年3月定例会,R080306A,2,高議第18号,高砂市議会委員会条例の一部を改正する条例を定めることについて,異議なし(全会一致),,0,0,高議第18号、高砂市議会委員会条例の一部を改正する条例を定めることについて,はい
令和8年3月定例会,R080306A,3,高議第5号,高砂市基本構想及び高砂市基本計画の一部を変更することについて,判定不能,,0,0,高議第5号、高砂市基本構想及び高砂市基本計画の一部を変更することについて,
令和8年3月定例会,R080306A,4,高議第6号,市道路線の認定について,判定不能,,0,0,高議第6号、市道路線の認定について,
令和8年3月定例会,R080306A,5,高議第7号,市道路線の変更について,判定不能,,0,0,高議第7号、市道路線の変更について,
令和8年3月定例会,R080306A,6,高議第8号,高砂市職員の給与に関する条例等の一部を改正する条例を定めることについて,判定不能,,0,0,高議第8号、高砂市職員の給与に関する条例等の一部を改正する条例を定めることについて,
令和8年3月定例会,R080306A,7,高議第9号,高砂市印鑑条例の一部を改正する条例を定めることについて,判定不能,,0,0,高議第9号、高砂市印鑑条例の一部を改正する条例を定めることについて,
令和8年3月定例会,R080306A,8,高議第10号,高砂市地域交流センター条例の一部を改正する条例を定めることについて,判定不能,,0,0,高議第10号、高砂市地域交流センター条例の一部を改正する条例を定めることについて,
令和8年3月定例会,R080306A,9,高議第11号,高砂市医療費助成条例の一部を改正する条例を定めることについて,判定不能,,0,0,高議第11号、高砂市医療費助成条例の一部を改正する条例を定めることについて,
令和8年3月定例会,R080306A,10,高議第14号,高砂市ユーアイ福祉交流センター条例の一部を改正する条例を定めることについて,判定不能,,0,0,高議第14号、高砂市ユーアイ福祉交流センター条例の一部を改正する条例を定めることについて,
令和8年3月定例会,R080306A,11,高議第15号,高砂市手数料条例の一部を改正する条例を定めることについて,判定不能,,0,0,高議第15号、高砂市手数料条例の一部を改正する条例を定めることについて,
令和8年3月定例会,R080306A,12,高議第16号,高砂市消防団員等公務災害補償条例の一部を改正する条例を定めることについて,判定不能,,0,0,高議第16号、高砂市消防団員等公務災害補償条例の一部を改正する条例を定めることについて,
令和8年3月定例会,R080306A,13,高議第17号,高砂市火災予防条例の一部を改正する条例を定めることについて,判定不能,,0,0,高議第17号、高砂市火災予防条例の一部を改正する条例を定めることについて,
令和8年3月定例会,R080306A,14,高予第10号,令和8年度高砂市一般会計予算,採決あり(起立),,0,0,高予第10号、令和8年度高砂市一般会計予算,
令和8年3月定例会,R080309A,2,高予第10号,令和8年度高砂市一般会計予算,異議なし(全会一致),,0,0,高予第10号、令和8年度高砂市一般会計予算,はい
令和8年3月定例会,R080310A,2,高予第10号,令和8年度高砂市一般会計予算,異議なし(全会一致),,0,0,高予第10号、令和8年度高砂市一般会計予算,はい
令和8年3月定例会,R080311A,2,高予第10号,令和8年度高砂市一般会計予算,採決あり(起立),,0,0,高予第10号、令和8年度高砂市一般会計予算,はい
令和8年3月定例会,R080312A,3,高予第17号,令和8年度高砂市病院事業会計予算を一括議題としたいと思いますが、ご異議ありませんか。 (「異議なし」の声あり) ○議長(川端宏明君) ご異議なしと認め、,異議なし(全会一致),,0,0,高予第17号、令和8年度高砂市病院事業会計予算を一括議題としたいと思いますが、ご異議ありませんか。 (「異議なし」の声あり) ○議長(川端宏明君) ご異議なしと,
令和8年3月定例会,R080312A,3,高予第17号|高予第17号,令和8年度高砂市病院事業会計予算を一括議題といたします。 当局の説明を求めます。 市民病院事務局長。 ○市民病院事務局長(高橋文彦君) 高予第17号、令和8年度高砂市病院事業会計予算につきましてご説明申し上げます。 予算書1ページをお願いいたします。第2条業務の予定量につきまして、1日平均入院患者数は133人、外来患者数は440人となっております。第3条収益的収入および支出の額につきまして、第1款,判定不能,はい,0,0,高予第17号、令和8年度高砂市病院事業会計予算を一括議題といたします。 当局の説明を求めます。 市民病院事務局長。 ○市民病院事務局長(高橋文彦君) 高予第17,はい
令和8年3月定例会,R080312A,2,高予第10号,令和8年度高砂市一般会計予算,異議なし(全会一致),,0,0,高予第10号、令和8年度高砂市一般会計予算,はい
令和8年3月定例会,R080313A,2,高予第10号,令和8年度高砂市一般会計予算,判定不能,,0,0,高予第10号、令和8年度高砂市一般会計予算,
令和8年3月定例会,R080313A,4,高予第11号,"令和8年度高砂市国民健康保険事業特別会計予算を一括議題といたしたいと思いますが、ご異議ありませんか。 (「異議なし」の声あり) <PAGE=""780""> ○議長(川端宏明君) ご異議なしと認め、",異議なし(全会一致),,0,0,"高予第11号、令和8年度高砂市国民健康保険事業特別会計予算を一括議題といたしたいと思いますが、ご異議ありませんか。 (「異議なし」の声あり) <PAGE=""78",
令和8年3月定例会,R080313A,4,高予第11号|高議第12号,令和8年度高砂市国民健康保険事業特別会計予算を一括議題といたします。 当局の説明を求めます。 市民部長。 ○市民部長(田川真紀さん) それでは、3月定例会議案書19ページをお願いいたします。 高議第12号、高砂市国民健康保険条例の一部を改正する条例を定めることについてでございます。 次の20ページから27ページに改正条文をお示ししております。 改正内容は、参考資料で説明させていただきます。 定例会,判定不能,はい,0,0,高予第11号、令和8年度高砂市国民健康保険事業特別会計予算を一括議題といたします。 当局の説明を求めます。 市民部長。 ○市民部長(田川真紀さん) それでは、3,
令和8年3月定例会,R080313A,5,高予第12号,令和8年度高砂市後期高齢者医療事業特別会計予算,判定不能,,0,0,高予第12号、令和8年度高砂市後期高齢者医療事業特別会計予算,
令和8年3月定例会,R080313A,7,高予第13号,令和8年度高砂市介護保険事業特別会計予算を一括議題といたしたいと思いますが、ご異議ありませんか。 (「異議なし」の声あり) ○議長(川端宏明君) ご異議なしと認め、,異議なし(全会一致),,0,0,高予第13号、令和8年度高砂市介護保険事業特別会計予算を一括議題といたしたいと思いますが、ご異議ありませんか。 (「異議なし」の声あり) ○議長(川端宏明君) ,
令和8年3月定例会,R080313A,7,高予第13号|高議第13号,令和8年度高砂市介護保険事業特別会計予算を一括議題といたします。 当局の説明を求めます。 市民部長。 ○市民部長(田川真紀さん) 3月定例会議案書29ページをお願いいたします。 高議第13号、高砂市介護保険条例の一部を改正する条例を定めることについてでございます。 次の30ページから33ページに改正条文をお示ししております。 改正内容は、参考資料で説明をさせていただきます。 定例会参考資料の131,採決あり(電子表決),はい,0,0,高予第13号、令和8年度高砂市介護保険事業特別会計予算を一括議題といたします。 当局の説明を求めます。 市民部長。 ○市民部長(田川真紀さん) 3月定例会議案書,
令和8年3月定例会,R080313A,8,高予第14号,令和8年度高砂市水道事業会計予算,判定不能,,0,0,高予第14号、令和8年度高砂市水道事業会計予算,
令和8年3月定例会,R080313A,9,高予第15号,令和8年度高砂市工業用水道事業会計予算,判定不能,,0,0,高予第15号、令和8年度高砂市工業用水道事業会計予算,
令和8年3月定例会,R080313A,10,高予第16号,令和8年度高砂市下水道事業会計予算,判定不能,,0,0,高予第16号、令和8年度高砂市下水道事業会計予算,
令和8年3月定例会,R080326A,2,高議第5号,高砂市基本構想及び高砂市基本計画の一部を変更することについて,採決あり(電子表決、賛成多数),,0,0,高議第5号、高砂市基本構想及び高砂市基本計画の一部を変更することについて,はい
令和8年3月定例会,R080326A,3,高議第6号,市道路線の認定について,異議なし(全会一致),,0,0,高議第6号、市道路線の認定について,はい
令和8年3月定例会,R080326A,4,高議第7号,市道路線の変更について,異議なし(全会一致),,0,0,高議第7号、市道路線の変更について,はい
令和8年3月定例会,R080326A,5,高議第8号,高砂市職員の給与に関する条例等の一部を改正する条例を定めることについて,採決あり(電子表決、賛成多数),,0,0,高議第8号、高砂市職員の給与に関する条例等の一部を改正する条例を定めることについて,はい
令和8年3月定例会,R080326A,6,高議第9号,高砂市印鑑条例の一部を改正する条例を定めることについて,採決あり(電子表決、賛成多数),,0,0,高議第9号、高砂市印鑑条例の一部を改正する条例を定めることについて,はい
令和8年3月定例会,R080326A,7,高議第10号,高砂市地域交流センター条例の一部を改正する条例を定めることについて,異議なし(全会一致),,0,0,高議第10号、高砂市地域交流センター条例の一部を改正する条例を定めることについて,はい
令和8年3月定例会,R080326A,8,高議第11号,高砂市医療費助成条例の一部を改正する条例を定めることについて,異議なし(全会一致),,0,0,高議第11号、高砂市医療費助成条例の一部を改正する条例を定めることについて,はい
令和8年3月定例会,R080326A,9,高議第12号,高砂市国民健康保険条例の一部を改正する条例を定めることについて,採決あり(電子表決、賛成多数),,0,0,高議第12号、高砂市国民健康保険条例の一部を改正する条例を定めることについて,はい
令和8年3月定例会,R080326A,10,高議第13号,高砂市介護保険条例の一部を改正する条例を定めることについて,異議なし(全会一致),,0,0,高議第13号、高砂市介護保険条例の一部を改正する条例を定めることについて,はい
令和8年3月定例会,R080326A,11,高議第14号,高砂市ユーアイ福祉交流センター条例の一部を改正する条例を定めることについて,異議なし(全会一致),,0,0,高議第14号、高砂市ユーアイ福祉交流センター条例の一部を改正する条例を定めることについて,はい
令和8年3月定例会,R080326A,12,高議第15号,高砂市手数料条例の一部を改正する条例を定めることについて,異議なし(全会一致),,0,0,高議第15号、高砂市手数料条例の一部を改正する条例を定めることについて,はい
令和8年3月定例会,R080326A,13,高議第16号,高砂市消防団員等公務災害補償条例の一部を改正する条例を定めることについて,異議なし(全会一致),,0,0,高議第16号、高砂市消防団員等公務災害補償条例の一部を改正する条例を定めることについて,はい
令和8年3月定例会,R080326A,14,高議第17号,高砂市火災予防条例の一部を改正する条例を定めることについて,異議なし(全会一致),,0,0,高議第17号、高砂市火災予防条例の一部を改正する条例を定めることについて,はい
令和8年3月定例会,R080326A,15,高予第10号,令和8年度高砂市一般会計予算,採決あり(電子表決、賛成多数),,1,0,高予第10号、令和8年度高砂市一般会計予算,はい
令和8年3月定例会,R080326A,16,高予第11号,令和8年度高砂市国民健康保険事業特別会計予算,採決あり(電子表決、賛成多数),,0,0,高予第11号、令和8年度高砂市国民健康保険事業特別会計予算,はい
令和8年3月定例会,R080326A,17,高予第12号,令和8年度高砂市後期高齢者医療事業特別会計予算,採決あり(電子表決、賛成多数),,0,0,高予第12号、令和8年度高砂市後期高齢者医療事業特別会計予算,はい
令和8年3月定例会,R080326A,18,高予第13号,令和8年度高砂市介護保険事業特別会計予算,採決あり(電子表決、賛成多数),,0,1,高予第13号、令和8年度高砂市介護保険事業特別会計予算,はい
令和8年3月定例会,R080326A,19,高予第14号,令和8年度高砂市水道事業会計予算,採決あり(電子表決、賛成多数),,0,0,高予第14号、令和8年度高砂市水道事業会計予算,はい
令和8年3月定例会,R080326A,20,高予第15号,令和8年度高砂市工業用水道事業会計予算,異議なし(全会一致),,0,0,高予第15号、令和8年度高砂市工業用水道事業会計予算,はい
令和8年3月定例会,R080326A,21,高予第16号,令和8年度高砂市下水道事業会計予算,異議なし(全会一致),,0,0,高予第16号、令和8年度高砂市下水道事業会計予算,はい
令和8年3月定例会,R080326A,22,高予第17号,令和8年度高砂市病院事業会計予算,異議なし(全会一致),,0,0,高予第17号、令和8年度高砂市病院事業会計予算,はい
令和8年3月定例会,R080326A,23,,陳情のこと,採決あり(電子表決、全員賛成),,0,0,陳情のこと,はい
令和8年3月定例会,R080326A,24,高議第19号,高砂市職員等のハラスメントの防止等に関する条例の一部を改正する条例を定めることについて,判定不能,,0,0,高議第19号、高砂市職員等のハラスメントの防止等に関する条例の一部を改正する条例を定めることについて,
令和8年3月定例会,R080326A,24,高議第19号,高砂市職員等のハラスメントの防止等に関する条例の一部を改正する条例を定めることについて,異議なし(全会一致),,0,0,高議第19号、高砂市職員等のハラスメントの防止等に関する条例の一部を改正する条例を定めることについて,はい
令和8年3月定例会,R080326A,25,高議第20号,固定資産評価審査委員会委員を選任するにつき同意を求めることについて,異議なし(全会一致),,0,0,高議第20号、固定資産評価審査委員会委員を選任するにつき同意を求めることについて,はい
令和8年3月定例会,R080326A,26,高議第21号,教育委員会委員を任命するにつき同意を求めることについて,異議なし(全会一致),,0,0,高議第21号、教育委員会委員を任命するにつき同意を求めることについて,はい
令和8年5月臨時会,R080519A,4,高報第3号|高専第3号,専決処分をしたものにつき承認を求めることについて|高砂市市税条例の一部を改正する条例を定めることについて,異議なし(全会一致),はい,0,0,高報第3号、専決処分をしたものにつき承認を求めることについて、高専第3号、高砂市市税条例の一部を改正する条例を定めることについて,はい
令和8年5月臨時会,R080519A,5,高報第4号|高専第4号,専決処分をしたものにつき承認を求めることについて|新築の住宅等に対して課する固定資産税軽減に関する条例の一部を改正する条例を定めることについて,異議なし(全会一致),はい,0,0,高報第4号、専決処分をしたものにつき承認を求めることについて、高専第4号、新築の住宅等に対して課する固定資産税軽減に関する条例の一部を改正する条例を定めることに,はい
令和8年5月臨時会,R080519A,6,高議第22号,指定管理者の指定について,採決あり(、否決語あり),,0,0,高議第22号、指定管理者の指定について,はい
令和8年5月臨時会,R080519A,7,高議第23号,高砂市病院事業の設置等に関する条例の一部を改正する条例を定めることについて,判定不能,,0,0,高議第23号、高砂市病院事業の設置等に関する条例の一部を改正する条例を定めることについて,
令和8年5月臨時会,R080519A,8,高予第19号,第1回令和8年度高砂市一般会計補正予算,判定不能,,0,0,高予第19号、第1回令和8年度高砂市一般会計補正予算,
令和8年5月臨時会,R080519A,9,高予第20号,第1回令和8年度高砂市水道事業会計補正予算,判定不能,,0,0,高予第20号、第1回令和8年度高砂市水道事業会計補正予算,
令和8年5月臨時会,R080519A,10,高予第21号,第1回令和8年度高砂市病院事業会計補正予算,判定不能,,0,0,高予第21号、第1回令和8年度高砂市病院事業会計補正予算,
令和8年5月臨時会,R080520A,2,高議第22号,指定管理者の指定について,採決あり(電子表決、賛成多数),,1,0,高議第22号、指定管理者の指定について,はい
令和8年5月臨時会,R080520A,3,高議第23号,高砂市病院事業の設置等に関する条例の一部を改正する条例を定めることについて,採決あり(電子表決、賛成多数),,0,0,高議第23号、高砂市病院事業の設置等に関する条例の一部を改正する条例を定めることについて,はい
令和8年5月臨時会,R080520A,4,高予第19号,第1回令和8年度高砂市一般会計補正予算,異議なし(全会一致),,0,0,高予第19号、第1回令和8年度高砂市一般会計補正予算,はい
令和8年5月臨時会,R080520A,5,高予第20号,第1回令和8年度高砂市水道事業会計補正予算,異議なし(全会一致),,0,0,高予第20号、第1回令和8年度高砂市水道事業会計補正予算,はい
令和8年5月臨時会,R080520A,6,高予第21号,第1回令和8年度高砂市病院事業会計補正予算,採決あり(電子表決、賛成多数),,0,1,高予第21号、第1回令和8年度高砂市病院事業会計補正予算,はい
令和8年6月定例会,R080610A,2,高報第5号|高専第5号,専決処分をしたものにつき承認を求めることについて|損害賠償の額を定めることについて,異議なし(全会一致),はい,0,0,高報第5号、専決処分をしたものにつき承認を求めることについて、高専第5号、損害賠償の額を定めることについて,はい
令和8年6月定例会,R080610A,3,高報第6号|高専第6号,専決処分をしたものにつき承認を求めることについて|損害賠償の額を定めることについて,異議なし(全会一致),はい,0,0,高報第6号、専決処分をしたものにつき承認を求めることについて、高専第6号、損害賠償の額を定めることについて,はい
令和8年6月定例会,R080610A,4,高報第7号,令和7年度高砂市一般会計繰越明許費繰越計算書について,判定不能,,0,0,高報第7号、令和7年度高砂市一般会計繰越明許費繰越計算書について,
令和8年6月定例会,R080610A,5,高報第8号,令和7年度高砂市水道事業会計予算繰越計算書について,判定不能,,0,0,高報第8号、令和7年度高砂市水道事業会計予算繰越計算書について,
令和8年6月定例会,R080610A,6,高報第9号,令和7年度高砂市下水道事業会計予算繰越計算書について,判定不能,,0,0,高報第9号、令和7年度高砂市下水道事業会計予算繰越計算書について,
令和8年6月定例会,R080610A,7,高報第10号,一般財団法人高砂市勤労福祉財団の経営状況の報告について,判定不能,,0,0,高報第10号、一般財団法人高砂市勤労福祉財団の経営状況の報告について,
令和8年6月定例会,R080610A,8,高報第11号,公益財団法人結のたかさご、公益財団法人高砂市施設利用振興財団の経営状況の報告について,判定不能,,0,0,高報第11号、公益財団法人結のたかさご、公益財団法人高砂市施設利用振興財団の経営状況の報告について,
令和8年6月定例会,R080610A,9,高議第24号,高砂市市税条例の一部を改正する条例を定めることについて,判定不能,,0,0,高議第24号、高砂市市税条例の一部を改正する条例を定めることについて,
令和8年6月定例会,R080610A,10,高議第25号,高砂市医療費助成条例の一部を改正する条例を定めることについて,判定不能,,0,0,高議第25号、高砂市医療費助成条例の一部を改正する条例を定めることについて,
令和8年6月定例会,R080610A,11,高議第26号,高砂市水道事業及び工業用水道事業並びに下水道事業の設置等に関する条例の一部を改正する条例を定めることについて,判定不能,,0,0,高議第26号、高砂市水道事業及び工業用水道事業並びに下水道事業の設置等に関する条例の一部を改正する条例を定めることについて,
令和8年6月定例会,R080610A,12,高議第27号,高砂市病院事業の設置等に関する条例の一部を改正する条例を定めることについて,判定不能,,0,0,高議第27号、高砂市病院事業の設置等に関する条例の一部を改正する条例を定めることについて,
令和8年6月定例会,R080610A,13,高議第28号,高砂市消防団員等公務災害補償条例の一部を改正する条例を定めることについて,判定不能,,0,0,高議第28号、高砂市消防団員等公務災害補償条例の一部を改正する条例を定めることについて,
令和8年6月定例会,R080610A,14,高予第22号,第2回令和8年度高砂市一般会計補正予算,採決あり(起立),,0,0,高予第22号、第2回令和8年度高砂市一般会計補正予算,はい
令和8年6月定例会,R080610A,15,高予第23号,第2回令和8年度高砂市水道事業会計補正予算,異議なし(全会一致),,0,0,高予第23号、第2回令和8年度高砂市水道事業会計補正予算,はい
令和8年6月定例会,R080622A,2,高議第24号,高砂市市税条例の一部を改正する条例を定めることについて,異議なし(全会一致),,0,0,高議第24号、高砂市市税条例の一部を改正する条例を定めることについて,はい
令和8年6月定例会,R080622A,3,高議第25号,高砂市医療費助成条例の一部を改正する条例を定めることについて,異議なし(全会一致),,0,0,高議第25号、高砂市医療費助成条例の一部を改正する条例を定めることについて,はい
令和8年6月定例会,R080622A,4,高議第26号,高砂市水道事業及び工業用水道事業並びに下水道事業の設置等に関する条例の一部を改正する条例を定めることについて,異議なし(全会一致),,0,0,高議第26号、高砂市水道事業及び工業用水道事業並びに下水道事業の設置等に関する条例の一部を改正する条例を定めることについて,はい
令和8年6月定例会,R080622A,5,高議第27号,高砂市病院事業の設置等に関する条例の一部を改正する条例を定めることについて,異議なし(全会一致),,0,0,高議第27号、高砂市病院事業の設置等に関する条例の一部を改正する条例を定めることについて,はい
令和8年6月定例会,R080622A,6,高議第28号,高砂市消防団員等公務災害補償条例の一部を改正する条例を定めることについて,異議なし(全会一致),,0,0,高議第28号、高砂市消防団員等公務災害補償条例の一部を改正する条例を定めることについて,はい
令和8年6月定例会,R080622A,7,高予第22号,第2回令和8年度高砂市一般会計補正予算,採決あり(電子表決、賛成多数),,0,0,高予第22号、第2回令和8年度高砂市一般会計補正予算,はい
令和8年6月定例会,R080622A,8,高予第23号,第2回令和8年度高砂市水道事業会計補正予算,異議なし(全会一致),,0,0,高予第23号、第2回令和8年度高砂市水道事業会計補正予算,はい
令和8年6月定例会,R080622A,9,,陳情のこと,採決あり(電子表決、全員賛成),,1,0,陳情のこと,はい
令和8年6月定例会,R080622A,10,,陳情のこと,異議なし(全会一致),,0,0,陳情のこと,はい
令和8年6月定例会,R080622A,11,,陳情のこと,採決あり(電子表決),,0,0,陳情のこと,はい
令和8年6月定例会,R080622A,13,高議第32号,高砂市議会議員政治倫理条例の一部を改正する条例を定めることについて,異議なし(全会一致),,0,0,高議第32号、高砂市議会議員政治倫理条例の一部を改正する条例を定めることについて,はい
令和8年6月定例会,R080622A,14,高議第33号,高砂市議会会議規則の一部を改正する規則を定めることについて,異議なし(全会一致),,0,0,高議第33号、高砂市議会会議規則の一部を改正する規則を定めることについて,はい
令和8年6月定例会,R080622A,15,高議第29号,工事請負契約を締結することについて,判定不能,,0,0,高議第29号、工事請負契約を締結することについて,
令和8年6月定例会,R080622A,16,高予第24号,第3回令和8年度高砂市一般会計補正予算,判定不能,,0,0,高予第24号、第3回令和8年度高砂市一般会計補正予算,
令和8年6月定例会,R080622A,17,高予第25号,第3回令和8年度高砂市水道事業会計補正予算,判定不能,,0,0,高予第25号、第3回令和8年度高砂市水道事業会計補正予算,
令和8年6月定例会,R080622A,15,高議第29号,工事請負契約を締結することについて,異議なし(全会一致),,0,0,高議第29号、工事請負契約を締結することについて,はい
令和8年6月定例会,R080622A,16,高予第24号,第3回令和8年度高砂市一般会計補正予算,異議なし(全会一致),,0,0,高予第24号、第3回令和8年度高砂市一般会計補正予算,はい
令和8年6月定例会,R080622A,17,高予第25号,第3回令和8年度高砂市水道事業会計補正予算,異議なし(全会一致),,0,0,高予第25号、第3回令和8年度高砂市水道事業会計補正予算,はい
令和8年6月定例会,R080622A,18,高議第30号,農業委員会委員を任命するにつき同意を求めることについて,異議なし(全会一致),,0,0,高議第30号、農業委員会委員を任命するにつき同意を求めることについて,はい
令和8年6月定例会,R080622A,19,高議第31号,監査委員を選任するにつき同意を求めることについて,異議なし(全会一致),,0,0,高議第31号、監査委員を選任するにつき同意を求めることについて,はい
令和8年6月定例会,R080622A,20,高議第34号,意見書提出のことについて,異議なし(全会一致),,0,0,高議第34号、意見書提出のことについて,はい
