号ID,議案の通し番号,件名,結果,会派見出し,議員名(原文),議員ID,賛否
D01,1,第3回令和4年度高砂市一般会計補正予算,可決,新政会,入江 啓太,M002,賛成
D01,1,第3回令和4年度高砂市一般会計補正予算,可決,新政会,坂本 まり,M008,賛成
D01,1,第3回令和4年度高砂市一般会計補正予算,可決,今竹 大祐 (注釈1),川端 宏明,M006,賛成
D01,1,第3回令和4年度高砂市一般会計補正予算,可決,今竹 大祐 (注釈1),島津 明香,M011,賛成
D01,1,第3回令和4年度高砂市一般会計補正予算,可決,今竹 大祐 (注釈1),岩見 明,M004,賛成
D01,1,第3回令和4年度高砂市一般会計補正予算,可決,今竹 大祐 (注釈1),藤森 誠,M015,賛成
D01,1,第3回令和4年度高砂市一般会計補正予算,可決,公明党,迫川 高行,M009,賛成
D01,1,第3回令和4年度高砂市一般会計補正予算,可決,公明党,春増 勝利,M014,賛成
D01,1,第3回令和4年度高砂市一般会計補正予算,可決,公明党,森 秀樹,M017,賛成
D01,1,第3回令和4年度高砂市一般会計補正予算,可決,明風会,石崎 徹,M001,賛成
D01,1,第3回令和4年度高砂市一般会計補正予算,可決,明風会,鷹尾 治久,M013,賛成
D01,1,第3回令和4年度高砂市一般会計補正予算,可決,明風会,芝本 鎮彰,M010,賛成
D01,1,第3回令和4年度高砂市一般会計補正予算,可決,未来ネット,鈴木 利信,M012,賛成
D01,1,第3回令和4年度高砂市一般会計補正予算,可決,未来ネット,北野 誠一郎,M007,賛成
D01,1,第3回令和4年度高砂市一般会計補正予算,可決,民主クラブ,松野 優也,M016,賛成
D01,1,第3回令和4年度高砂市一般会計補正予算,可決,民主クラブ,山田 光昭,M018,賛成
D01,1,第3回令和4年度高砂市一般会計補正予算,可決,日本維新の会,横田 英樹,M019,賛成
D01,1,第3回令和4年度高砂市一般会計補正予算,可決,日本共産党,大西 由紀,M005,反対
D01,1,第3回令和4年度高砂市一般会計補正予算,可決,新政会,入江 啓太,M002,賛成
D01,1,第3回令和4年度高砂市一般会計補正予算,可決,新政会,坂本 まり,M008,賛成
D01,1,第3回令和4年度高砂市一般会計補正予算,可決,今竹 大祐 (注釈1),川端 宏明,M006,賛成
D01,1,第3回令和4年度高砂市一般会計補正予算,可決,今竹 大祐 (注釈1),島津 明香,M011,賛成
D01,1,第3回令和4年度高砂市一般会計補正予算,可決,今竹 大祐 (注釈1),岩見 明,M004,賛成
D01,1,第3回令和4年度高砂市一般会計補正予算,可決,今竹 大祐 (注釈1),藤森 誠,M015,賛成
D01,1,第3回令和4年度高砂市一般会計補正予算,可決,公明党,迫川 高行,M009,賛成
D01,1,第3回令和4年度高砂市一般会計補正予算,可決,公明党,春増 勝利,M014,賛成
D01,1,第3回令和4年度高砂市一般会計補正予算,可決,公明党,森 秀樹,M017,賛成
D01,1,第3回令和4年度高砂市一般会計補正予算,可決,明風会,石崎 徹,M001,賛成
D01,1,第3回令和4年度高砂市一般会計補正予算,可決,明風会,鷹尾 治久,M013,賛成
D01,1,第3回令和4年度高砂市一般会計補正予算,可決,明風会,芝本 鎮彰,M010,賛成
D01,1,第3回令和4年度高砂市一般会計補正予算,可決,未来ネット,鈴木 利信,M012,賛成
D01,1,第3回令和4年度高砂市一般会計補正予算,可決,未来ネット,北野 誠一郎,M007,賛成
D01,1,第3回令和4年度高砂市一般会計補正予算,可決,民主クラブ,松野 優也,M016,賛成
D01,1,第3回令和4年度高砂市一般会計補正予算,可決,民主クラブ,山田 光昭,M018,賛成
D01,1,第3回令和4年度高砂市一般会計補正予算,可決,日本維新の会,横田 英樹,M019,反対
D01,1,第3回令和4年度高砂市一般会計補正予算,可決,日本共産党,大西 由紀,M005,反対
D01,2,消費税インボイス制度の実施中止を求める陳情書,不採択,新政会,入江 啓太,M002,反対
D01,2,消費税インボイス制度の実施中止を求める陳情書,不採択,新政会,坂本 まり,M008,反対
D01,2,消費税インボイス制度の実施中止を求める陳情書,不採択,今竹 大祐 (注釈1),川端 宏明,M006,反対
D01,2,消費税インボイス制度の実施中止を求める陳情書,不採択,今竹 大祐 (注釈1),島津 明香,M011,反対
D01,2,消費税インボイス制度の実施中止を求める陳情書,不採択,今竹 大祐 (注釈1),岩見 明,M004,反対
D01,2,消費税インボイス制度の実施中止を求める陳情書,不採択,今竹 大祐 (注釈1),藤森 誠,M015,反対
D01,2,消費税インボイス制度の実施中止を求める陳情書,不採択,公明党,迫川 高行,M009,反対
D01,2,消費税インボイス制度の実施中止を求める陳情書,不採択,公明党,春増 勝利,M014,反対
D01,2,消費税インボイス制度の実施中止を求める陳情書,不採択,公明党,森 秀樹,M017,反対
D01,2,消費税インボイス制度の実施中止を求める陳情書,不採択,明風会,石崎 徹,M001,反対
D01,2,消費税インボイス制度の実施中止を求める陳情書,不採択,明風会,鷹尾 治久,M013,反対
D01,2,消費税インボイス制度の実施中止を求める陳情書,不採択,明風会,芝本 鎮彰,M010,反対
D01,2,消費税インボイス制度の実施中止を求める陳情書,不採択,未来ネット,鈴木 利信,M012,反対
D01,2,消費税インボイス制度の実施中止を求める陳情書,不採択,未来ネット,北野 誠一郎,M007,反対
D01,2,消費税インボイス制度の実施中止を求める陳情書,不採択,民主クラブ,松野 優也,M016,反対
D01,2,消費税インボイス制度の実施中止を求める陳情書,不採択,民主クラブ,山田 光昭,M018,反対
D01,2,消費税インボイス制度の実施中止を求める陳情書,不採択,日本維新の会,横田 英樹,M019,反対
D01,2,消費税インボイス制度の実施中止を求める陳情書,不採択,日本共産党,大西 由紀,M005,賛成
D01,3,国に安倍元首相の国葬の中止を求める陳情,不採択,新政会,入江 啓太,M002,反対
D01,3,国に安倍元首相の国葬の中止を求める陳情,不採択,新政会,坂本 まり,M008,反対
D01,3,国に安倍元首相の国葬の中止を求める陳情,不採択,今竹 大祐 (注釈1),川端 宏明,M006,反対
D01,3,国に安倍元首相の国葬の中止を求める陳情,不採択,今竹 大祐 (注釈1),島津 明香,M011,反対
D01,3,国に安倍元首相の国葬の中止を求める陳情,不採択,今竹 大祐 (注釈1),岩見 明,M004,反対
D01,3,国に安倍元首相の国葬の中止を求める陳情,不採択,今竹 大祐 (注釈1),藤森 誠,M015,反対
D01,3,国に安倍元首相の国葬の中止を求める陳情,不採択,公明党,迫川 高行,M009,反対
D01,3,国に安倍元首相の国葬の中止を求める陳情,不採択,公明党,春増 勝利,M014,反対
D01,3,国に安倍元首相の国葬の中止を求める陳情,不採択,公明党,森 秀樹,M017,反対
D01,3,国に安倍元首相の国葬の中止を求める陳情,不採択,明風会,石崎 徹,M001,反対
D01,3,国に安倍元首相の国葬の中止を求める陳情,不採択,明風会,鷹尾 治久,M013,反対
D01,3,国に安倍元首相の国葬の中止を求める陳情,不採択,明風会,芝本 鎮彰,M010,反対
D01,3,国に安倍元首相の国葬の中止を求める陳情,不採択,未来ネット,鈴木 利信,M012,賛成
D01,3,国に安倍元首相の国葬の中止を求める陳情,不採択,未来ネット,北野 誠一郎,M007,反対
D01,3,国に安倍元首相の国葬の中止を求める陳情,不採択,民主クラブ,松野 優也,M016,反対
D01,3,国に安倍元首相の国葬の中止を求める陳情,不採択,民主クラブ,山田 光昭,M018,反対
D01,3,国に安倍元首相の国葬の中止を求める陳情,不採択,日本維新の会,横田 英樹,M019,反対
D01,3,国に安倍元首相の国葬の中止を求める陳情,不採択,日本共産党,大西 由紀,M005,賛成
D02,1,指定管理者の指定について,可決,新政会,入江 啓太,M002,賛成
D02,1,指定管理者の指定について,可決,新政会,坂本 まり,M008,賛成
D02,1,指定管理者の指定について,可決,今竹 大祐（注釈2）,川端 宏明,M006,賛成
D02,1,指定管理者の指定について,可決,今竹 大祐（注釈2）,島津 明香,M011,賛成
D02,1,指定管理者の指定について,可決,今竹 大祐（注釈2）,岩見 明,M004,賛成
D02,1,指定管理者の指定について,可決,今竹 大祐（注釈2）,藤森 誠,M015,賛成
D02,1,指定管理者の指定について,可決,公明党,迫川 高行,M009,賛成
D02,1,指定管理者の指定について,可決,公明党,春増 勝利,M014,賛成
D02,1,指定管理者の指定について,可決,公明党,森 秀樹,M017,賛成
D02,1,指定管理者の指定について,可決,石崎  徹 賛成,鷹尾 治久,M013,賛成
D02,1,指定管理者の指定について,可決,石崎  徹 賛成,芝本 鎮彰,M010,賛成
D02,1,指定管理者の指定について,可決,未来ネット,鈴木 利信,M012,賛成
D02,1,指定管理者の指定について,可決,未来ネット,北野 誠一郎,M007,賛成
D02,1,指定管理者の指定について,可決,民主クラブ,松野 優也,M016,賛成
D02,1,指定管理者の指定について,可決,民主クラブ,山田 光昭,M018,賛成
D02,1,指定管理者の指定について,可決,日本維新の会,横田 英樹,M019,賛成
D02,1,指定管理者の指定について,可決,日本共産党,大西 由紀,M005,反対
D02,2,特別職の職員で常勤のものの給与に関する条例の一部を改正する条例を定めることについて,可決,新政会,入江 啓太,M002,賛成
D02,2,特別職の職員で常勤のものの給与に関する条例の一部を改正する条例を定めることについて,可決,新政会,坂本 まり,M008,賛成
D02,2,特別職の職員で常勤のものの給与に関する条例の一部を改正する条例を定めることについて,可決,今竹 大祐（注釈2）,川端 宏明,M006,賛成
D02,2,特別職の職員で常勤のものの給与に関する条例の一部を改正する条例を定めることについて,可決,今竹 大祐（注釈2）,島津 明香,M011,賛成
D02,2,特別職の職員で常勤のものの給与に関する条例の一部を改正する条例を定めることについて,可決,今竹 大祐（注釈2）,岩見 明,M004,賛成
D02,2,特別職の職員で常勤のものの給与に関する条例の一部を改正する条例を定めることについて,可決,今竹 大祐（注釈2）,藤森 誠,M015,賛成
D02,2,特別職の職員で常勤のものの給与に関する条例の一部を改正する条例を定めることについて,可決,公明党,迫川 高行,M009,賛成
D02,2,特別職の職員で常勤のものの給与に関する条例の一部を改正する条例を定めることについて,可決,公明党,春増 勝利,M014,賛成
D02,2,特別職の職員で常勤のものの給与に関する条例の一部を改正する条例を定めることについて,可決,公明党,森 秀樹,M017,賛成
D02,2,特別職の職員で常勤のものの給与に関する条例の一部を改正する条例を定めることについて,可決,石崎  徹 賛成,鷹尾 治久,M013,賛成
D02,2,特別職の職員で常勤のものの給与に関する条例の一部を改正する条例を定めることについて,可決,石崎  徹 賛成,芝本 鎮彰,M010,賛成
D02,2,特別職の職員で常勤のものの給与に関する条例の一部を改正する条例を定めることについて,可決,未来ネット,鈴木 利信,M012,反対
D02,2,特別職の職員で常勤のものの給与に関する条例の一部を改正する条例を定めることについて,可決,未来ネット,北野 誠一郎,M007,反対
D02,2,特別職の職員で常勤のものの給与に関する条例の一部を改正する条例を定めることについて,可決,民主クラブ,松野 優也,M016,賛成
D02,2,特別職の職員で常勤のものの給与に関する条例の一部を改正する条例を定めることについて,可決,民主クラブ,山田 光昭,M018,賛成
D02,2,特別職の職員で常勤のものの給与に関する条例の一部を改正する条例を定めることについて,可決,日本維新の会,横田 英樹,M019,反対
D02,2,特別職の職員で常勤のものの給与に関する条例の一部を改正する条例を定めることについて,可決,日本共産党,大西 由紀,M005,反対
D02,3,議会議員の議員報酬及び費用弁償に関する条例の一部を改正する条例を定めることについて,可決,新政会,入江 啓太,M002,賛成
D02,3,議会議員の議員報酬及び費用弁償に関する条例の一部を改正する条例を定めることについて,可決,新政会,坂本 まり,M008,賛成
D02,3,議会議員の議員報酬及び費用弁償に関する条例の一部を改正する条例を定めることについて,可決,今竹 大祐（注釈2）,川端 宏明,M006,賛成
D02,3,議会議員の議員報酬及び費用弁償に関する条例の一部を改正する条例を定めることについて,可決,今竹 大祐（注釈2）,島津 明香,M011,賛成
D02,3,議会議員の議員報酬及び費用弁償に関する条例の一部を改正する条例を定めることについて,可決,今竹 大祐（注釈2）,岩見 明,M004,賛成
D02,3,議会議員の議員報酬及び費用弁償に関する条例の一部を改正する条例を定めることについて,可決,今竹 大祐（注釈2）,藤森 誠,M015,賛成
D02,3,議会議員の議員報酬及び費用弁償に関する条例の一部を改正する条例を定めることについて,可決,公明党,迫川 高行,M009,賛成
D02,3,議会議員の議員報酬及び費用弁償に関する条例の一部を改正する条例を定めることについて,可決,公明党,春増 勝利,M014,賛成
D02,3,議会議員の議員報酬及び費用弁償に関する条例の一部を改正する条例を定めることについて,可決,公明党,森 秀樹,M017,賛成
D02,3,議会議員の議員報酬及び費用弁償に関する条例の一部を改正する条例を定めることについて,可決,石崎  徹 賛成,鷹尾 治久,M013,賛成
D02,3,議会議員の議員報酬及び費用弁償に関する条例の一部を改正する条例を定めることについて,可決,石崎  徹 賛成,芝本 鎮彰,M010,賛成
D02,3,議会議員の議員報酬及び費用弁償に関する条例の一部を改正する条例を定めることについて,可決,未来ネット,鈴木 利信,M012,反対
D02,3,議会議員の議員報酬及び費用弁償に関する条例の一部を改正する条例を定めることについて,可決,未来ネット,北野 誠一郎,M007,反対
D02,3,議会議員の議員報酬及び費用弁償に関する条例の一部を改正する条例を定めることについて,可決,民主クラブ,松野 優也,M016,賛成
D02,3,議会議員の議員報酬及び費用弁償に関する条例の一部を改正する条例を定めることについて,可決,民主クラブ,山田 光昭,M018,賛成
D02,3,議会議員の議員報酬及び費用弁償に関する条例の一部を改正する条例を定めることについて,可決,日本維新の会,横田 英樹,M019,反対
D02,3,議会議員の議員報酬及び費用弁償に関する条例の一部を改正する条例を定めることについて,可決,日本共産党,大西 由紀,M005,反対
D02,4,高砂市個人情報の保護に関する条例を定めることについて,可決,新政会,入江 啓太,M002,賛成
D02,4,高砂市個人情報の保護に関する条例を定めることについて,可決,新政会,坂本 まり,M008,賛成
D02,4,高砂市個人情報の保護に関する条例を定めることについて,可決,今竹 大祐（注釈2）,川端 宏明,M006,賛成
D02,4,高砂市個人情報の保護に関する条例を定めることについて,可決,今竹 大祐（注釈2）,島津 明香,M011,賛成
D02,4,高砂市個人情報の保護に関する条例を定めることについて,可決,今竹 大祐（注釈2）,岩見 明,M004,賛成
D02,4,高砂市個人情報の保護に関する条例を定めることについて,可決,今竹 大祐（注釈2）,藤森 誠,M015,賛成
D02,4,高砂市個人情報の保護に関する条例を定めることについて,可決,公明党,迫川 高行,M009,賛成
D02,4,高砂市個人情報の保護に関する条例を定めることについて,可決,公明党,春増 勝利,M014,賛成
D02,4,高砂市個人情報の保護に関する条例を定めることについて,可決,公明党,森 秀樹,M017,賛成
D02,4,高砂市個人情報の保護に関する条例を定めることについて,可決,石崎  徹 賛成,鷹尾 治久,M013,賛成
D02,4,高砂市個人情報の保護に関する条例を定めることについて,可決,石崎  徹 賛成,芝本 鎮彰,M010,賛成
D02,4,高砂市個人情報の保護に関する条例を定めることについて,可決,未来ネット,鈴木 利信,M012,賛成
D02,4,高砂市個人情報の保護に関する条例を定めることについて,可決,未来ネット,北野 誠一郎,M007,賛成
D02,4,高砂市個人情報の保護に関する条例を定めることについて,可決,民主クラブ,松野 優也,M016,賛成
D02,4,高砂市個人情報の保護に関する条例を定めることについて,可決,民主クラブ,山田 光昭,M018,賛成
D02,4,高砂市個人情報の保護に関する条例を定めることについて,可決,日本維新の会,横田 英樹,M019,賛成
D02,4,高砂市個人情報の保護に関する条例を定めることについて,可決,日本共産党,大西 由紀,M005,反対
D02,5,第6回令和4年度高砂市一般会計補正予算,可決,新政会,入江 啓太,M002,賛成
D02,5,第6回令和4年度高砂市一般会計補正予算,可決,新政会,坂本 まり,M008,賛成
D02,5,第6回令和4年度高砂市一般会計補正予算,可決,今竹 大祐（注釈2）,川端 宏明,M006,賛成
D02,5,第6回令和4年度高砂市一般会計補正予算,可決,今竹 大祐（注釈2）,島津 明香,M011,賛成
D02,5,第6回令和4年度高砂市一般会計補正予算,可決,今竹 大祐（注釈2）,岩見 明,M004,賛成
D02,5,第6回令和4年度高砂市一般会計補正予算,可決,今竹 大祐（注釈2）,藤森 誠,M015,賛成
D02,5,第6回令和4年度高砂市一般会計補正予算,可決,公明党,迫川 高行,M009,賛成
D02,5,第6回令和4年度高砂市一般会計補正予算,可決,公明党,春増 勝利,M014,賛成
D02,5,第6回令和4年度高砂市一般会計補正予算,可決,公明党,森 秀樹,M017,賛成
D02,5,第6回令和4年度高砂市一般会計補正予算,可決,石崎  徹 賛成,鷹尾 治久,M013,賛成
D02,5,第6回令和4年度高砂市一般会計補正予算,可決,石崎  徹 賛成,芝本 鎮彰,M010,賛成
D02,5,第6回令和4年度高砂市一般会計補正予算,可決,未来ネット,鈴木 利信,M012,賛成
D02,5,第6回令和4年度高砂市一般会計補正予算,可決,未来ネット,北野 誠一郎,M007,賛成
D02,5,第6回令和4年度高砂市一般会計補正予算,可決,民主クラブ,松野 優也,M016,賛成
D02,5,第6回令和4年度高砂市一般会計補正予算,可決,民主クラブ,山田 光昭,M018,賛成
D02,5,第6回令和4年度高砂市一般会計補正予算,可決,日本維新の会,横田 英樹,M019,反対
D02,5,第6回令和4年度高砂市一般会計補正予算,可決,日本共産党,大西 由紀,M005,反対
D02,6,第3回令和4年度高砂市水道事業会計補正予算,可決,新政会,入江 啓太,M002,賛成
D02,6,第3回令和4年度高砂市水道事業会計補正予算,可決,新政会,坂本 まり,M008,賛成
D02,6,第3回令和4年度高砂市水道事業会計補正予算,可決,今竹 大祐（注釈2）,川端 宏明,M006,賛成
D02,6,第3回令和4年度高砂市水道事業会計補正予算,可決,今竹 大祐（注釈2）,島津 明香,M011,賛成
D02,6,第3回令和4年度高砂市水道事業会計補正予算,可決,今竹 大祐（注釈2）,岩見 明,M004,賛成
D02,6,第3回令和4年度高砂市水道事業会計補正予算,可決,今竹 大祐（注釈2）,藤森 誠,M015,賛成
D02,6,第3回令和4年度高砂市水道事業会計補正予算,可決,公明党,迫川 高行,M009,賛成
D02,6,第3回令和4年度高砂市水道事業会計補正予算,可決,公明党,春増 勝利,M014,賛成
D02,6,第3回令和4年度高砂市水道事業会計補正予算,可決,公明党,森 秀樹,M017,賛成
D02,6,第3回令和4年度高砂市水道事業会計補正予算,可決,石崎  徹 賛成,鷹尾 治久,M013,賛成
D02,6,第3回令和4年度高砂市水道事業会計補正予算,可決,石崎  徹 賛成,芝本 鎮彰,M010,賛成
D02,6,第3回令和4年度高砂市水道事業会計補正予算,可決,未来ネット,鈴木 利信,M012,賛成
D02,6,第3回令和4年度高砂市水道事業会計補正予算,可決,未来ネット,北野 誠一郎,M007,賛成
D02,6,第3回令和4年度高砂市水道事業会計補正予算,可決,民主クラブ,松野 優也,M016,賛成
D02,6,第3回令和4年度高砂市水道事業会計補正予算,可決,民主クラブ,山田 光昭,M018,賛成
D02,6,第3回令和4年度高砂市水道事業会計補正予算,可決,日本維新の会,横田 英樹,M019,反対
D02,6,第3回令和4年度高砂市水道事業会計補正予算,可決,日本共産党,大西 由紀,M005,反対
D02,6,第3回令和4年度高砂市水道事業会計補正予算,可決,新政会,入江 啓太,M002,賛成
D02,6,第3回令和4年度高砂市水道事業会計補正予算,可決,新政会,坂本 まり,M008,賛成
D02,6,第3回令和4年度高砂市水道事業会計補正予算,可決,今竹 大祐（注釈2）,川端 宏明,M006,賛成
D02,6,第3回令和4年度高砂市水道事業会計補正予算,可決,今竹 大祐（注釈2）,島津 明香,M011,賛成
D02,6,第3回令和4年度高砂市水道事業会計補正予算,可決,今竹 大祐（注釈2）,岩見 明,M004,賛成
D02,6,第3回令和4年度高砂市水道事業会計補正予算,可決,今竹 大祐（注釈2）,藤森 誠,M015,賛成
D02,6,第3回令和4年度高砂市水道事業会計補正予算,可決,公明党,迫川 高行,M009,賛成
D02,6,第3回令和4年度高砂市水道事業会計補正予算,可決,公明党,春増 勝利,M014,賛成
D02,6,第3回令和4年度高砂市水道事業会計補正予算,可決,公明党,森 秀樹,M017,賛成
D02,6,第3回令和4年度高砂市水道事業会計補正予算,可決,石崎  徹 賛成,鷹尾 治久,M013,賛成
D02,6,第3回令和4年度高砂市水道事業会計補正予算,可決,石崎  徹 賛成,芝本 鎮彰,M010,賛成
D02,6,第3回令和4年度高砂市水道事業会計補正予算,可決,未来ネット,鈴木 利信,M012,賛成
D02,6,第3回令和4年度高砂市水道事業会計補正予算,可決,未来ネット,北野 誠一郎,M007,賛成
D02,6,第3回令和4年度高砂市水道事業会計補正予算,可決,民主クラブ,松野 優也,M016,賛成
D02,6,第3回令和4年度高砂市水道事業会計補正予算,可決,民主クラブ,山田 光昭,M018,賛成
D02,6,第3回令和4年度高砂市水道事業会計補正予算,可決,日本維新の会,横田 英樹,M019,賛成
D02,6,第3回令和4年度高砂市水道事業会計補正予算,可決,日本共産党,大西 由紀,M005,反対
D02,7,小・中学校の全児童・生徒の給食費を無償化することを求める陳情書,不採択,新政会,入江 啓太,M002,反対
D02,7,小・中学校の全児童・生徒の給食費を無償化することを求める陳情書,不採択,新政会,坂本 まり,M008,反対
D02,7,小・中学校の全児童・生徒の給食費を無償化することを求める陳情書,不採択,今竹 大祐（注釈2）,川端 宏明,M006,反対
D02,7,小・中学校の全児童・生徒の給食費を無償化することを求める陳情書,不採択,今竹 大祐（注釈2）,島津 明香,M011,反対
D02,7,小・中学校の全児童・生徒の給食費を無償化することを求める陳情書,不採択,今竹 大祐（注釈2）,岩見 明,M004,反対
D02,7,小・中学校の全児童・生徒の給食費を無償化することを求める陳情書,不採択,今竹 大祐（注釈2）,藤森 誠,M015,反対
D02,7,小・中学校の全児童・生徒の給食費を無償化することを求める陳情書,不採択,公明党,迫川 高行,M009,反対
D02,7,小・中学校の全児童・生徒の給食費を無償化することを求める陳情書,不採択,公明党,春増 勝利,M014,反対
D02,7,小・中学校の全児童・生徒の給食費を無償化することを求める陳情書,不採択,公明党,森 秀樹,M017,反対
D02,7,小・中学校の全児童・生徒の給食費を無償化することを求める陳情書,不採択,石崎  徹 反対,鷹尾 治久,M013,反対
D02,7,小・中学校の全児童・生徒の給食費を無償化することを求める陳情書,不採択,石崎  徹 反対,芝本 鎮彰,M010,反対
D02,7,小・中学校の全児童・生徒の給食費を無償化することを求める陳情書,不採択,未来ネット,鈴木 利信,M012,賛成
D02,7,小・中学校の全児童・生徒の給食費を無償化することを求める陳情書,不採択,未来ネット,北野 誠一郎,M007,賛成
D02,7,小・中学校の全児童・生徒の給食費を無償化することを求める陳情書,不採択,民主クラブ,松野 優也,M016,反対
D02,7,小・中学校の全児童・生徒の給食費を無償化することを求める陳情書,不採択,民主クラブ,山田 光昭,M018,反対
D02,7,小・中学校の全児童・生徒の給食費を無償化することを求める陳情書,不採択,日本維新の会,横田 英樹,M019,賛成
D02,7,小・中学校の全児童・生徒の給食費を無償化することを求める陳情書,不採択,日本共産党,大西 由紀,M005,賛成
D02,7,小・中学校の全児童・生徒の給食費を無償化することを求める陳情書,不採択,新政会,入江 啓太,M002,賛成
D02,7,小・中学校の全児童・生徒の給食費を無償化することを求める陳情書,不採択,新政会,坂本 まり,M008,賛成
D02,7,小・中学校の全児童・生徒の給食費を無償化することを求める陳情書,不採択,今竹 大祐（注釈2）,川端 宏明,M006,賛成
D02,7,小・中学校の全児童・生徒の給食費を無償化することを求める陳情書,不採択,今竹 大祐（注釈2）,島津 明香,M011,賛成
D02,7,小・中学校の全児童・生徒の給食費を無償化することを求める陳情書,不採択,今竹 大祐（注釈2）,岩見 明,M004,賛成
D02,7,小・中学校の全児童・生徒の給食費を無償化することを求める陳情書,不採択,今竹 大祐（注釈2）,藤森 誠,M015,賛成
D02,7,小・中学校の全児童・生徒の給食費を無償化することを求める陳情書,不採択,公明党,迫川 高行,M009,賛成
D02,7,小・中学校の全児童・生徒の給食費を無償化することを求める陳情書,不採択,公明党,春増 勝利,M014,賛成
D02,7,小・中学校の全児童・生徒の給食費を無償化することを求める陳情書,不採択,公明党,森 秀樹,M017,賛成
D02,7,小・中学校の全児童・生徒の給食費を無償化することを求める陳情書,不採択,石崎  徹 賛成,鷹尾 治久,M013,賛成
D02,7,小・中学校の全児童・生徒の給食費を無償化することを求める陳情書,不採択,石崎  徹 賛成,芝本 鎮彰,M010,賛成
D02,7,小・中学校の全児童・生徒の給食費を無償化することを求める陳情書,不採択,未来ネット,鈴木 利信,M012,賛成
D02,7,小・中学校の全児童・生徒の給食費を無償化することを求める陳情書,不採択,未来ネット,北野 誠一郎,M007,賛成
D02,7,小・中学校の全児童・生徒の給食費を無償化することを求める陳情書,不採択,民主クラブ,松野 優也,M016,賛成
D02,7,小・中学校の全児童・生徒の給食費を無償化することを求める陳情書,不採択,民主クラブ,山田 光昭,M018,賛成
D02,7,小・中学校の全児童・生徒の給食費を無償化することを求める陳情書,不採択,日本維新の会,横田 英樹,M019,反対
D02,7,小・中学校の全児童・生徒の給食費を無償化することを求める陳情書,不採択,日本共産党,大西 由紀,M005,反対
D02,7,小・中学校の全児童・生徒の給食費を無償化することを求める陳情書,不採択,新政会,入江 啓太,M002,賛成
D02,7,小・中学校の全児童・生徒の給食費を無償化することを求める陳情書,不採択,新政会,坂本 まり,M008,賛成
D02,7,小・中学校の全児童・生徒の給食費を無償化することを求める陳情書,不採択,今竹 大祐（注釈2）,川端 宏明,M006,賛成
D02,7,小・中学校の全児童・生徒の給食費を無償化することを求める陳情書,不採択,今竹 大祐（注釈2）,島津 明香,M011,賛成
D02,7,小・中学校の全児童・生徒の給食費を無償化することを求める陳情書,不採択,今竹 大祐（注釈2）,岩見 明,M004,賛成
D02,7,小・中学校の全児童・生徒の給食費を無償化することを求める陳情書,不採択,今竹 大祐（注釈2）,藤森 誠,M015,賛成
D02,7,小・中学校の全児童・生徒の給食費を無償化することを求める陳情書,不採択,公明党,迫川 高行,M009,賛成
D02,7,小・中学校の全児童・生徒の給食費を無償化することを求める陳情書,不採択,公明党,春増 勝利,M014,賛成
D02,7,小・中学校の全児童・生徒の給食費を無償化することを求める陳情書,不採択,公明党,森 秀樹,M017,賛成
D02,7,小・中学校の全児童・生徒の給食費を無償化することを求める陳情書,不採択,石崎  徹 賛成,鷹尾 治久,M013,賛成
D02,7,小・中学校の全児童・生徒の給食費を無償化することを求める陳情書,不採択,石崎  徹 賛成,芝本 鎮彰,M010,賛成
D02,7,小・中学校の全児童・生徒の給食費を無償化することを求める陳情書,不採択,未来ネット,鈴木 利信,M012,賛成
D02,7,小・中学校の全児童・生徒の給食費を無償化することを求める陳情書,不採択,未来ネット,北野 誠一郎,M007,賛成
D02,7,小・中学校の全児童・生徒の給食費を無償化することを求める陳情書,不採択,民主クラブ,松野 優也,M016,賛成
D02,7,小・中学校の全児童・生徒の給食費を無償化することを求める陳情書,不採択,民主クラブ,山田 光昭,M018,賛成
D02,7,小・中学校の全児童・生徒の給食費を無償化することを求める陳情書,不採択,日本維新の会,横田 英樹,M019,反対
D02,7,小・中学校の全児童・生徒の給食費を無償化することを求める陳情書,不採択,日本共産党,大西 由紀,M005,反対
D02,7,小・中学校の全児童・生徒の給食費を無償化することを求める陳情書,不採択,新政会,入江 啓太,M002,賛成
D02,7,小・中学校の全児童・生徒の給食費を無償化することを求める陳情書,不採択,新政会,坂本 まり,M008,賛成
D02,7,小・中学校の全児童・生徒の給食費を無償化することを求める陳情書,不採択,今竹 大祐（注釈2）,川端 宏明,M006,賛成
D02,7,小・中学校の全児童・生徒の給食費を無償化することを求める陳情書,不採択,今竹 大祐（注釈2）,島津 明香,M011,賛成
D02,7,小・中学校の全児童・生徒の給食費を無償化することを求める陳情書,不採択,今竹 大祐（注釈2）,岩見 明,M004,賛成
D02,7,小・中学校の全児童・生徒の給食費を無償化することを求める陳情書,不採択,今竹 大祐（注釈2）,藤森 誠,M015,賛成
D02,7,小・中学校の全児童・生徒の給食費を無償化することを求める陳情書,不採択,公明党,迫川 高行,M009,賛成
D02,7,小・中学校の全児童・生徒の給食費を無償化することを求める陳情書,不採択,公明党,春増 勝利,M014,賛成
D02,7,小・中学校の全児童・生徒の給食費を無償化することを求める陳情書,不採択,公明党,森 秀樹,M017,賛成
D02,7,小・中学校の全児童・生徒の給食費を無償化することを求める陳情書,不採択,石崎  徹 賛成,鷹尾 治久,M013,賛成
D02,7,小・中学校の全児童・生徒の給食費を無償化することを求める陳情書,不採択,石崎  徹 賛成,芝本 鎮彰,M010,賛成
D02,7,小・中学校の全児童・生徒の給食費を無償化することを求める陳情書,不採択,未来ネット,鈴木 利信,M012,賛成
D02,7,小・中学校の全児童・生徒の給食費を無償化することを求める陳情書,不採択,未来ネット,北野 誠一郎,M007,賛成
D02,7,小・中学校の全児童・生徒の給食費を無償化することを求める陳情書,不採択,民主クラブ,松野 優也,M016,賛成
D02,7,小・中学校の全児童・生徒の給食費を無償化することを求める陳情書,不採択,民主クラブ,山田 光昭,M018,賛成
D02,7,小・中学校の全児童・生徒の給食費を無償化することを求める陳情書,不採択,日本維新の会,横田 英樹,M019,賛成
D02,7,小・中学校の全児童・生徒の給食費を無償化することを求める陳情書,不採択,日本共産党,大西 由紀,M005,反対
D02,8,令和3年度高砂市一般会計歳入歳出決算認定について,認定,新政会,入江 啓太,M002,賛成
D02,8,令和3年度高砂市一般会計歳入歳出決算認定について,認定,新政会,坂本 まり,M008,賛成
D02,8,令和3年度高砂市一般会計歳入歳出決算認定について,認定,今竹 大祐（注釈2）,川端 宏明,M006,賛成
D02,8,令和3年度高砂市一般会計歳入歳出決算認定について,認定,今竹 大祐（注釈2）,島津 明香,M011,賛成
D02,8,令和3年度高砂市一般会計歳入歳出決算認定について,認定,今竹 大祐（注釈2）,岩見 明,M004,賛成
D02,8,令和3年度高砂市一般会計歳入歳出決算認定について,認定,今竹 大祐（注釈2）,藤森 誠,M015,賛成
D02,8,令和3年度高砂市一般会計歳入歳出決算認定について,認定,公明党,迫川 高行,M009,賛成
D02,8,令和3年度高砂市一般会計歳入歳出決算認定について,認定,公明党,春増 勝利,M014,賛成
D02,8,令和3年度高砂市一般会計歳入歳出決算認定について,認定,公明党,森 秀樹,M017,賛成
D02,8,令和3年度高砂市一般会計歳入歳出決算認定について,認定,石崎  徹 賛成,鷹尾 治久,M013,賛成
D02,8,令和3年度高砂市一般会計歳入歳出決算認定について,認定,石崎  徹 賛成,芝本 鎮彰,M010,賛成
D02,8,令和3年度高砂市一般会計歳入歳出決算認定について,認定,未来ネット,鈴木 利信,M012,賛成
D02,8,令和3年度高砂市一般会計歳入歳出決算認定について,認定,未来ネット,北野 誠一郎,M007,賛成
D02,8,令和3年度高砂市一般会計歳入歳出決算認定について,認定,民主クラブ,松野 優也,M016,賛成
D02,8,令和3年度高砂市一般会計歳入歳出決算認定について,認定,民主クラブ,山田 光昭,M018,賛成
D02,8,令和3年度高砂市一般会計歳入歳出決算認定について,認定,日本維新の会,横田 英樹,M019,賛成
D02,8,令和3年度高砂市一般会計歳入歳出決算認定について,認定,日本共産党,大西 由紀,M005,反対
D02,9,令和3年度高砂市後期高齢者医療事業特別会計歳入歳出決算認定について,認定,新政会,入江 啓太,M002,賛成
D02,9,令和3年度高砂市後期高齢者医療事業特別会計歳入歳出決算認定について,認定,新政会,坂本 まり,M008,賛成
D02,9,令和3年度高砂市後期高齢者医療事業特別会計歳入歳出決算認定について,認定,今竹 大祐（注釈2）,川端 宏明,M006,賛成
D02,9,令和3年度高砂市後期高齢者医療事業特別会計歳入歳出決算認定について,認定,今竹 大祐（注釈2）,島津 明香,M011,賛成
D02,9,令和3年度高砂市後期高齢者医療事業特別会計歳入歳出決算認定について,認定,今竹 大祐（注釈2）,岩見 明,M004,賛成
D02,9,令和3年度高砂市後期高齢者医療事業特別会計歳入歳出決算認定について,認定,今竹 大祐（注釈2）,藤森 誠,M015,賛成
D02,9,令和3年度高砂市後期高齢者医療事業特別会計歳入歳出決算認定について,認定,公明党,迫川 高行,M009,賛成
D02,9,令和3年度高砂市後期高齢者医療事業特別会計歳入歳出決算認定について,認定,公明党,春増 勝利,M014,賛成
D02,9,令和3年度高砂市後期高齢者医療事業特別会計歳入歳出決算認定について,認定,公明党,森 秀樹,M017,賛成
D02,9,令和3年度高砂市後期高齢者医療事業特別会計歳入歳出決算認定について,認定,石崎  徹 賛成,鷹尾 治久,M013,賛成
D02,9,令和3年度高砂市後期高齢者医療事業特別会計歳入歳出決算認定について,認定,石崎  徹 賛成,芝本 鎮彰,M010,賛成
D02,9,令和3年度高砂市後期高齢者医療事業特別会計歳入歳出決算認定について,認定,未来ネット,鈴木 利信,M012,賛成
D02,9,令和3年度高砂市後期高齢者医療事業特別会計歳入歳出決算認定について,認定,未来ネット,北野 誠一郎,M007,賛成
D02,9,令和3年度高砂市後期高齢者医療事業特別会計歳入歳出決算認定について,認定,民主クラブ,松野 優也,M016,賛成
D02,9,令和3年度高砂市後期高齢者医療事業特別会計歳入歳出決算認定について,認定,民主クラブ,山田 光昭,M018,賛成
D02,9,令和3年度高砂市後期高齢者医療事業特別会計歳入歳出決算認定について,認定,日本維新の会,横田 英樹,M019,賛成
D02,9,令和3年度高砂市後期高齢者医療事業特別会計歳入歳出決算認定について,認定,日本共産党,大西 由紀,M005,反対
D02,10,令和3年度高砂市介護保険事業特別会計歳入歳出決算認定について,認定,新政会,入江 啓太,M002,賛成
D02,10,令和3年度高砂市介護保険事業特別会計歳入歳出決算認定について,認定,新政会,坂本 まり,M008,賛成
D02,10,令和3年度高砂市介護保険事業特別会計歳入歳出決算認定について,認定,今竹 大祐（注釈2）,川端 宏明,M006,賛成
D02,10,令和3年度高砂市介護保険事業特別会計歳入歳出決算認定について,認定,今竹 大祐（注釈2）,島津 明香,M011,賛成
D02,10,令和3年度高砂市介護保険事業特別会計歳入歳出決算認定について,認定,今竹 大祐（注釈2）,岩見 明,M004,賛成
D02,10,令和3年度高砂市介護保険事業特別会計歳入歳出決算認定について,認定,今竹 大祐（注釈2）,藤森 誠,M015,賛成
D02,10,令和3年度高砂市介護保険事業特別会計歳入歳出決算認定について,認定,公明党,迫川 高行,M009,賛成
D02,10,令和3年度高砂市介護保険事業特別会計歳入歳出決算認定について,認定,公明党,春増 勝利,M014,賛成
D02,10,令和3年度高砂市介護保険事業特別会計歳入歳出決算認定について,認定,公明党,森 秀樹,M017,賛成
D02,10,令和3年度高砂市介護保険事業特別会計歳入歳出決算認定について,認定,石崎  徹 賛成,鷹尾 治久,M013,賛成
D02,10,令和3年度高砂市介護保険事業特別会計歳入歳出決算認定について,認定,石崎  徹 賛成,芝本 鎮彰,M010,賛成
D02,10,令和3年度高砂市介護保険事業特別会計歳入歳出決算認定について,認定,未来ネット,鈴木 利信,M012,賛成
D02,10,令和3年度高砂市介護保険事業特別会計歳入歳出決算認定について,認定,未来ネット,北野 誠一郎,M007,賛成
D02,10,令和3年度高砂市介護保険事業特別会計歳入歳出決算認定について,認定,民主クラブ,松野 優也,M016,賛成
D02,10,令和3年度高砂市介護保険事業特別会計歳入歳出決算認定について,認定,民主クラブ,山田 光昭,M018,賛成
D02,10,令和3年度高砂市介護保険事業特別会計歳入歳出決算認定について,認定,日本維新の会,横田 英樹,M019,賛成
D02,10,令和3年度高砂市介護保険事業特別会計歳入歳出決算認定について,認定,日本共産党,大西 由紀,M005,反対
D02,11,令和3年度高砂市広域ごみ処理事業特別会計歳入歳出決算認定について,認定,新政会,入江 啓太,M002,賛成
D02,11,令和3年度高砂市広域ごみ処理事業特別会計歳入歳出決算認定について,認定,新政会,坂本 まり,M008,賛成
D02,11,令和3年度高砂市広域ごみ処理事業特別会計歳入歳出決算認定について,認定,今竹 大祐（注釈2）,川端 宏明,M006,賛成
D02,11,令和3年度高砂市広域ごみ処理事業特別会計歳入歳出決算認定について,認定,今竹 大祐（注釈2）,島津 明香,M011,賛成
D02,11,令和3年度高砂市広域ごみ処理事業特別会計歳入歳出決算認定について,認定,今竹 大祐（注釈2）,岩見 明,M004,賛成
D02,11,令和3年度高砂市広域ごみ処理事業特別会計歳入歳出決算認定について,認定,今竹 大祐（注釈2）,藤森 誠,M015,賛成
D02,11,令和3年度高砂市広域ごみ処理事業特別会計歳入歳出決算認定について,認定,公明党,迫川 高行,M009,賛成
D02,11,令和3年度高砂市広域ごみ処理事業特別会計歳入歳出決算認定について,認定,公明党,春増 勝利,M014,賛成
D02,11,令和3年度高砂市広域ごみ処理事業特別会計歳入歳出決算認定について,認定,公明党,森 秀樹,M017,賛成
D02,11,令和3年度高砂市広域ごみ処理事業特別会計歳入歳出決算認定について,認定,石崎  徹 賛成,鷹尾 治久,M013,賛成
D02,11,令和3年度高砂市広域ごみ処理事業特別会計歳入歳出決算認定について,認定,石崎  徹 賛成,芝本 鎮彰,M010,賛成
D02,11,令和3年度高砂市広域ごみ処理事業特別会計歳入歳出決算認定について,認定,未来ネット,鈴木 利信,M012,賛成
D02,11,令和3年度高砂市広域ごみ処理事業特別会計歳入歳出決算認定について,認定,未来ネット,北野 誠一郎,M007,賛成
D02,11,令和3年度高砂市広域ごみ処理事業特別会計歳入歳出決算認定について,認定,民主クラブ,松野 優也,M016,賛成
D02,11,令和3年度高砂市広域ごみ処理事業特別会計歳入歳出決算認定について,認定,民主クラブ,山田 光昭,M018,賛成
D02,11,令和3年度高砂市広域ごみ処理事業特別会計歳入歳出決算認定について,認定,日本維新の会,横田 英樹,M019,賛成
D02,11,令和3年度高砂市広域ごみ処理事業特別会計歳入歳出決算認定について,認定,日本共産党,大西 由紀,M005,反対
D02,12,令和3年度高砂市水道事業会計決算認定について,認定,新政会,入江 啓太,M002,賛成
D02,12,令和3年度高砂市水道事業会計決算認定について,認定,新政会,坂本 まり,M008,賛成
D02,12,令和3年度高砂市水道事業会計決算認定について,認定,今竹 大祐（注釈2）,川端 宏明,M006,賛成
D02,12,令和3年度高砂市水道事業会計決算認定について,認定,今竹 大祐（注釈2）,島津 明香,M011,賛成
D02,12,令和3年度高砂市水道事業会計決算認定について,認定,今竹 大祐（注釈2）,岩見 明,M004,賛成
D02,12,令和3年度高砂市水道事業会計決算認定について,認定,今竹 大祐（注釈2）,藤森 誠,M015,賛成
D02,12,令和3年度高砂市水道事業会計決算認定について,認定,公明党,迫川 高行,M009,賛成
D02,12,令和3年度高砂市水道事業会計決算認定について,認定,公明党,春増 勝利,M014,賛成
D02,12,令和3年度高砂市水道事業会計決算認定について,認定,公明党,森 秀樹,M017,賛成
D02,12,令和3年度高砂市水道事業会計決算認定について,認定,石崎  徹 賛成,鷹尾 治久,M013,賛成
D02,12,令和3年度高砂市水道事業会計決算認定について,認定,石崎  徹 賛成,芝本 鎮彰,M010,賛成
D02,12,令和3年度高砂市水道事業会計決算認定について,認定,未来ネット,鈴木 利信,M012,賛成
D02,12,令和3年度高砂市水道事業会計決算認定について,認定,未来ネット,北野 誠一郎,M007,賛成
D02,12,令和3年度高砂市水道事業会計決算認定について,認定,民主クラブ,松野 優也,M016,賛成
D02,12,令和3年度高砂市水道事業会計決算認定について,認定,民主クラブ,山田 光昭,M018,賛成
D02,12,令和3年度高砂市水道事業会計決算認定について,認定,日本維新の会,横田 英樹,M019,反対
D02,12,令和3年度高砂市水道事業会計決算認定について,認定,日本共産党,大西 由紀,M005,反対
D03,1,第8回令和4年度高砂市一般会計補正予算,可決,新政会,入江 啓太,M002,賛成
D03,1,第8回令和4年度高砂市一般会計補正予算,可決,新政会,坂本 まり,M008,賛成
D03,1,第8回令和4年度高砂市一般会計補正予算,可決,新政会,今竹 大祐,M003,注釈1
D03,1,第8回令和4年度高砂市一般会計補正予算,可決,新政会,川端 宏明,M006,賛成
D03,1,第8回令和4年度高砂市一般会計補正予算,可決,新政会,島津 明香,M011,賛成
D03,1,第8回令和4年度高砂市一般会計補正予算,可決,新政会,岩見 明,M004,賛成
D03,1,第8回令和4年度高砂市一般会計補正予算,可決,新政会,藤森 誠,M015,賛成
D03,1,第8回令和4年度高砂市一般会計補正予算,可決,公明党,迫川 高行,M009,賛成
D03,1,第8回令和4年度高砂市一般会計補正予算,可決,公明党,春増 勝利,M014,賛成
D03,1,第8回令和4年度高砂市一般会計補正予算,可決,公明党,森 秀樹,M017,賛成
D03,1,第8回令和4年度高砂市一般会計補正予算,可決,明風会,石崎 徹,M001,賛成
D03,1,第8回令和4年度高砂市一般会計補正予算,可決,明風会,鷹尾 治久,M013,賛成
D03,1,第8回令和4年度高砂市一般会計補正予算,可決,明風会,芝本 鎮彰,M010,賛成
D03,1,第8回令和4年度高砂市一般会計補正予算,可決,未来ネット,鈴木 利信,M012,賛成
D03,1,第8回令和4年度高砂市一般会計補正予算,可決,未来ネット,北野 誠一郎,M007,賛成
D03,1,第8回令和4年度高砂市一般会計補正予算,可決,民主クラブ,松野 優也,M016,賛成
D03,1,第8回令和4年度高砂市一般会計補正予算,可決,民主クラブ,山田 光昭,M018,賛成
D03,1,第8回令和4年度高砂市一般会計補正予算,可決,日本維新の会,横田 英樹,M019,賛成
D03,1,第8回令和4年度高砂市一般会計補正予算,可決,日本共産党,大西 由紀,M005,反対
D03,2,第3回令和4年度高砂市国民健康保険事業特別会計補正予算,可決,新政会,入江 啓太,M002,賛成
D03,2,第3回令和4年度高砂市国民健康保険事業特別会計補正予算,可決,新政会,坂本 まり,M008,賛成
D03,2,第3回令和4年度高砂市国民健康保険事業特別会計補正予算,可決,新政会,今竹 大祐,M003,注釈1
D03,2,第3回令和4年度高砂市国民健康保険事業特別会計補正予算,可決,新政会,川端 宏明,M006,賛成
D03,2,第3回令和4年度高砂市国民健康保険事業特別会計補正予算,可決,新政会,島津 明香,M011,賛成
D03,2,第3回令和4年度高砂市国民健康保険事業特別会計補正予算,可決,新政会,岩見 明,M004,賛成
D03,2,第3回令和4年度高砂市国民健康保険事業特別会計補正予算,可決,新政会,藤森 誠,M015,賛成
D03,2,第3回令和4年度高砂市国民健康保険事業特別会計補正予算,可決,公明党,迫川 高行,M009,賛成
D03,2,第3回令和4年度高砂市国民健康保険事業特別会計補正予算,可決,公明党,春増 勝利,M014,賛成
D03,2,第3回令和4年度高砂市国民健康保険事業特別会計補正予算,可決,公明党,森 秀樹,M017,賛成
D03,2,第3回令和4年度高砂市国民健康保険事業特別会計補正予算,可決,明風会,石崎 徹,M001,賛成
D03,2,第3回令和4年度高砂市国民健康保険事業特別会計補正予算,可決,明風会,鷹尾 治久,M013,賛成
D03,2,第3回令和4年度高砂市国民健康保険事業特別会計補正予算,可決,明風会,芝本 鎮彰,M010,賛成
D03,2,第3回令和4年度高砂市国民健康保険事業特別会計補正予算,可決,未来ネット,鈴木 利信,M012,賛成
D03,2,第3回令和4年度高砂市国民健康保険事業特別会計補正予算,可決,未来ネット,北野 誠一郎,M007,賛成
D03,2,第3回令和4年度高砂市国民健康保険事業特別会計補正予算,可決,民主クラブ,松野 優也,M016,賛成
D03,2,第3回令和4年度高砂市国民健康保険事業特別会計補正予算,可決,民主クラブ,山田 光昭,M018,賛成
D03,2,第3回令和4年度高砂市国民健康保険事業特別会計補正予算,可決,日本維新の会,横田 英樹,M019,賛成
D03,2,第3回令和4年度高砂市国民健康保険事業特別会計補正予算,可決,日本共産党,大西 由紀,M005,反対
D03,3,第3回令和4年度高砂市後期高齢者医療事業特別会計補正予算,可決,新政会,入江 啓太,M002,賛成
D03,3,第3回令和4年度高砂市後期高齢者医療事業特別会計補正予算,可決,新政会,坂本 まり,M008,賛成
D03,3,第3回令和4年度高砂市後期高齢者医療事業特別会計補正予算,可決,新政会,今竹 大祐,M003,注釈1
D03,3,第3回令和4年度高砂市後期高齢者医療事業特別会計補正予算,可決,新政会,川端 宏明,M006,賛成
D03,3,第3回令和4年度高砂市後期高齢者医療事業特別会計補正予算,可決,新政会,島津 明香,M011,賛成
D03,3,第3回令和4年度高砂市後期高齢者医療事業特別会計補正予算,可決,新政会,岩見 明,M004,賛成
D03,3,第3回令和4年度高砂市後期高齢者医療事業特別会計補正予算,可決,新政会,藤森 誠,M015,賛成
D03,3,第3回令和4年度高砂市後期高齢者医療事業特別会計補正予算,可決,公明党,迫川 高行,M009,賛成
D03,3,第3回令和4年度高砂市後期高齢者医療事業特別会計補正予算,可決,公明党,春増 勝利,M014,賛成
D03,3,第3回令和4年度高砂市後期高齢者医療事業特別会計補正予算,可決,公明党,森 秀樹,M017,賛成
D03,3,第3回令和4年度高砂市後期高齢者医療事業特別会計補正予算,可決,明風会,石崎 徹,M001,賛成
D03,3,第3回令和4年度高砂市後期高齢者医療事業特別会計補正予算,可決,明風会,鷹尾 治久,M013,賛成
D03,3,第3回令和4年度高砂市後期高齢者医療事業特別会計補正予算,可決,明風会,芝本 鎮彰,M010,賛成
D03,3,第3回令和4年度高砂市後期高齢者医療事業特別会計補正予算,可決,未来ネット,鈴木 利信,M012,賛成
D03,3,第3回令和4年度高砂市後期高齢者医療事業特別会計補正予算,可決,未来ネット,北野 誠一郎,M007,賛成
D03,3,第3回令和4年度高砂市後期高齢者医療事業特別会計補正予算,可決,民主クラブ,松野 優也,M016,賛成
D03,3,第3回令和4年度高砂市後期高齢者医療事業特別会計補正予算,可決,民主クラブ,山田 光昭,M018,賛成
D03,3,第3回令和4年度高砂市後期高齢者医療事業特別会計補正予算,可決,日本維新の会,横田 英樹,M019,賛成
D03,3,第3回令和4年度高砂市後期高齢者医療事業特別会計補正予算,可決,日本共産党,大西 由紀,M005,反対
D03,4,第3回令和4年度高砂市介護保険事業特別会計補正予算,可決,新政会,入江 啓太,M002,賛成
D03,4,第3回令和4年度高砂市介護保険事業特別会計補正予算,可決,新政会,坂本 まり,M008,賛成
D03,4,第3回令和4年度高砂市介護保険事業特別会計補正予算,可決,新政会,今竹 大祐,M003,注釈1
D03,4,第3回令和4年度高砂市介護保険事業特別会計補正予算,可決,新政会,川端 宏明,M006,賛成
D03,4,第3回令和4年度高砂市介護保険事業特別会計補正予算,可決,新政会,島津 明香,M011,賛成
D03,4,第3回令和4年度高砂市介護保険事業特別会計補正予算,可決,新政会,岩見 明,M004,賛成
D03,4,第3回令和4年度高砂市介護保険事業特別会計補正予算,可決,新政会,藤森 誠,M015,賛成
D03,4,第3回令和4年度高砂市介護保険事業特別会計補正予算,可決,公明党,迫川 高行,M009,賛成
D03,4,第3回令和4年度高砂市介護保険事業特別会計補正予算,可決,公明党,春増 勝利,M014,賛成
D03,4,第3回令和4年度高砂市介護保険事業特別会計補正予算,可決,公明党,森 秀樹,M017,賛成
D03,4,第3回令和4年度高砂市介護保険事業特別会計補正予算,可決,明風会,石崎 徹,M001,賛成
D03,4,第3回令和4年度高砂市介護保険事業特別会計補正予算,可決,明風会,鷹尾 治久,M013,賛成
D03,4,第3回令和4年度高砂市介護保険事業特別会計補正予算,可決,明風会,芝本 鎮彰,M010,賛成
D03,4,第3回令和4年度高砂市介護保険事業特別会計補正予算,可決,未来ネット,鈴木 利信,M012,賛成
D03,4,第3回令和4年度高砂市介護保険事業特別会計補正予算,可決,未来ネット,北野 誠一郎,M007,賛成
D03,4,第3回令和4年度高砂市介護保険事業特別会計補正予算,可決,民主クラブ,松野 優也,M016,賛成
D03,4,第3回令和4年度高砂市介護保険事業特別会計補正予算,可決,民主クラブ,山田 光昭,M018,賛成
D03,4,第3回令和4年度高砂市介護保険事業特別会計補正予算,可決,日本維新の会,横田 英樹,M019,賛成
D03,4,第3回令和4年度高砂市介護保険事業特別会計補正予算,可決,日本共産党,大西 由紀,M005,反対
D03,5,高砂市民病院将来構想検討委員会条例を定めることについて,可決,新政会,入江 啓太,M002,賛成
D03,5,高砂市民病院将来構想検討委員会条例を定めることについて,可決,新政会,坂本 まり,M008,賛成
D03,5,高砂市民病院将来構想検討委員会条例を定めることについて,可決,新政会,今竹 大祐,M003,注釈1
D03,5,高砂市民病院将来構想検討委員会条例を定めることについて,可決,新政会,川端 宏明,M006,賛成
D03,5,高砂市民病院将来構想検討委員会条例を定めることについて,可決,新政会,島津 明香,M011,賛成
D03,5,高砂市民病院将来構想検討委員会条例を定めることについて,可決,新政会,岩見 明,M004,賛成
D03,5,高砂市民病院将来構想検討委員会条例を定めることについて,可決,新政会,藤森 誠,M015,賛成
D03,5,高砂市民病院将来構想検討委員会条例を定めることについて,可決,公明党,迫川 高行,M009,賛成
D03,5,高砂市民病院将来構想検討委員会条例を定めることについて,可決,公明党,春増 勝利,M014,賛成
D03,5,高砂市民病院将来構想検討委員会条例を定めることについて,可決,公明党,森 秀樹,M017,賛成
D03,5,高砂市民病院将来構想検討委員会条例を定めることについて,可決,明風会,石崎 徹,M001,賛成
D03,5,高砂市民病院将来構想検討委員会条例を定めることについて,可決,明風会,鷹尾 治久,M013,賛成
D03,5,高砂市民病院将来構想検討委員会条例を定めることについて,可決,明風会,芝本 鎮彰,M010,賛成
D03,5,高砂市民病院将来構想検討委員会条例を定めることについて,可決,未来ネット,鈴木 利信,M012,賛成
D03,5,高砂市民病院将来構想検討委員会条例を定めることについて,可決,未来ネット,北野 誠一郎,M007,賛成
D03,5,高砂市民病院将来構想検討委員会条例を定めることについて,可決,民主クラブ,松野 優也,M016,賛成
D03,5,高砂市民病院将来構想検討委員会条例を定めることについて,可決,民主クラブ,山田 光昭,M018,賛成
D03,5,高砂市民病院将来構想検討委員会条例を定めることについて,可決,日本維新の会,横田 英樹,M019,賛成
D03,5,高砂市民病院将来構想検討委員会条例を定めることについて,可決,日本共産党,大西 由紀,M005,反対
D03,6,高砂市見守りカメラの設置及び運用に関する条例を定めることについて,可決,新政会,入江 啓太,M002,賛成
D03,6,高砂市見守りカメラの設置及び運用に関する条例を定めることについて,可決,新政会,坂本 まり,M008,賛成
D03,6,高砂市見守りカメラの設置及び運用に関する条例を定めることについて,可決,新政会,今竹 大祐,M003,注釈1
D03,6,高砂市見守りカメラの設置及び運用に関する条例を定めることについて,可決,新政会,川端 宏明,M006,賛成
D03,6,高砂市見守りカメラの設置及び運用に関する条例を定めることについて,可決,新政会,島津 明香,M011,賛成
D03,6,高砂市見守りカメラの設置及び運用に関する条例を定めることについて,可決,新政会,岩見 明,M004,賛成
D03,6,高砂市見守りカメラの設置及び運用に関する条例を定めることについて,可決,新政会,藤森 誠,M015,賛成
D03,6,高砂市見守りカメラの設置及び運用に関する条例を定めることについて,可決,公明党,迫川 高行,M009,賛成
D03,6,高砂市見守りカメラの設置及び運用に関する条例を定めることについて,可決,公明党,春増 勝利,M014,賛成
D03,6,高砂市見守りカメラの設置及び運用に関する条例を定めることについて,可決,公明党,森 秀樹,M017,賛成
D03,6,高砂市見守りカメラの設置及び運用に関する条例を定めることについて,可決,明風会,石崎 徹,M001,賛成
D03,6,高砂市見守りカメラの設置及び運用に関する条例を定めることについて,可決,明風会,鷹尾 治久,M013,賛成
D03,6,高砂市見守りカメラの設置及び運用に関する条例を定めることについて,可決,明風会,芝本 鎮彰,M010,賛成
D03,6,高砂市見守りカメラの設置及び運用に関する条例を定めることについて,可決,未来ネット,鈴木 利信,M012,賛成
D03,6,高砂市見守りカメラの設置及び運用に関する条例を定めることについて,可決,未来ネット,北野 誠一郎,M007,賛成
D03,6,高砂市見守りカメラの設置及び運用に関する条例を定めることについて,可決,民主クラブ,松野 優也,M016,賛成
D03,6,高砂市見守りカメラの設置及び運用に関する条例を定めることについて,可決,民主クラブ,山田 光昭,M018,賛成
D03,6,高砂市見守りカメラの設置及び運用に関する条例を定めることについて,可決,日本維新の会,横田 英樹,M019,賛成
D03,6,高砂市見守りカメラの設置及び運用に関する条例を定めることについて,可決,日本共産党,大西 由紀,M005,反対
D03,7,高砂市国民健康保険条例の一部を改正する条例を定めることについて,可決,新政会,入江 啓太,M002,賛成
D03,7,高砂市国民健康保険条例の一部を改正する条例を定めることについて,可決,新政会,坂本 まり,M008,賛成
D03,7,高砂市国民健康保険条例の一部を改正する条例を定めることについて,可決,新政会,今竹 大祐,M003,注釈1
D03,7,高砂市国民健康保険条例の一部を改正する条例を定めることについて,可決,新政会,川端 宏明,M006,賛成
D03,7,高砂市国民健康保険条例の一部を改正する条例を定めることについて,可決,新政会,島津 明香,M011,賛成
D03,7,高砂市国民健康保険条例の一部を改正する条例を定めることについて,可決,新政会,岩見 明,M004,賛成
D03,7,高砂市国民健康保険条例の一部を改正する条例を定めることについて,可決,新政会,藤森 誠,M015,賛成
D03,7,高砂市国民健康保険条例の一部を改正する条例を定めることについて,可決,公明党,迫川 高行,M009,賛成
D03,7,高砂市国民健康保険条例の一部を改正する条例を定めることについて,可決,公明党,春増 勝利,M014,賛成
D03,7,高砂市国民健康保険条例の一部を改正する条例を定めることについて,可決,公明党,森 秀樹,M017,賛成
D03,7,高砂市国民健康保険条例の一部を改正する条例を定めることについて,可決,明風会,石崎 徹,M001,賛成
D03,7,高砂市国民健康保険条例の一部を改正する条例を定めることについて,可決,明風会,鷹尾 治久,M013,賛成
D03,7,高砂市国民健康保険条例の一部を改正する条例を定めることについて,可決,明風会,芝本 鎮彰,M010,賛成
D03,7,高砂市国民健康保険条例の一部を改正する条例を定めることについて,可決,未来ネット,鈴木 利信,M012,賛成
D03,7,高砂市国民健康保険条例の一部を改正する条例を定めることについて,可決,未来ネット,北野 誠一郎,M007,賛成
D03,7,高砂市国民健康保険条例の一部を改正する条例を定めることについて,可決,民主クラブ,松野 優也,M016,賛成
D03,7,高砂市国民健康保険条例の一部を改正する条例を定めることについて,可決,民主クラブ,山田 光昭,M018,賛成
D03,7,高砂市国民健康保険条例の一部を改正する条例を定めることについて,可決,日本維新の会,横田 英樹,M019,賛成
D03,7,高砂市国民健康保険条例の一部を改正する条例を定めることについて,可決,日本共産党,大西 由紀,M005,反対
D03,8,高砂市保育所条例等の一部を改正する条例を定めることについて,可決,新政会,入江 啓太,M002,賛成
D03,8,高砂市保育所条例等の一部を改正する条例を定めることについて,可決,新政会,坂本 まり,M008,賛成
D03,8,高砂市保育所条例等の一部を改正する条例を定めることについて,可決,新政会,今竹 大祐,M003,注釈1
D03,8,高砂市保育所条例等の一部を改正する条例を定めることについて,可決,新政会,川端 宏明,M006,賛成
D03,8,高砂市保育所条例等の一部を改正する条例を定めることについて,可決,新政会,島津 明香,M011,賛成
D03,8,高砂市保育所条例等の一部を改正する条例を定めることについて,可決,新政会,岩見 明,M004,賛成
D03,8,高砂市保育所条例等の一部を改正する条例を定めることについて,可決,新政会,藤森 誠,M015,賛成
D03,8,高砂市保育所条例等の一部を改正する条例を定めることについて,可決,公明党,迫川 高行,M009,賛成
D03,8,高砂市保育所条例等の一部を改正する条例を定めることについて,可決,公明党,春増 勝利,M014,賛成
D03,8,高砂市保育所条例等の一部を改正する条例を定めることについて,可決,公明党,森 秀樹,M017,賛成
D03,8,高砂市保育所条例等の一部を改正する条例を定めることについて,可決,明風会,石崎 徹,M001,賛成
D03,8,高砂市保育所条例等の一部を改正する条例を定めることについて,可決,明風会,鷹尾 治久,M013,賛成
D03,8,高砂市保育所条例等の一部を改正する条例を定めることについて,可決,明風会,芝本 鎮彰,M010,賛成
D03,8,高砂市保育所条例等の一部を改正する条例を定めることについて,可決,未来ネット,鈴木 利信,M012,賛成
D03,8,高砂市保育所条例等の一部を改正する条例を定めることについて,可決,未来ネット,北野 誠一郎,M007,賛成
D03,8,高砂市保育所条例等の一部を改正する条例を定めることについて,可決,民主クラブ,松野 優也,M016,賛成
D03,8,高砂市保育所条例等の一部を改正する条例を定めることについて,可決,民主クラブ,山田 光昭,M018,賛成
D03,8,高砂市保育所条例等の一部を改正する条例を定めることについて,可決,日本維新の会,横田 英樹,M019,賛成
D03,8,高砂市保育所条例等の一部を改正する条例を定めることについて,可決,日本共産党,大西 由紀,M005,反対
D03,9,高砂市水道事業給水条例及び高砂市水道を加古川市米田町地域へ市外給水をすることに関する条例の一部を改正する条例を定めることについて,可決,新政会,入江 啓太,M002,賛成
D03,9,高砂市水道事業給水条例及び高砂市水道を加古川市米田町地域へ市外給水をすることに関する条例の一部を改正する条例を定めることについて,可決,新政会,坂本 まり,M008,賛成
D03,9,高砂市水道事業給水条例及び高砂市水道を加古川市米田町地域へ市外給水をすることに関する条例の一部を改正する条例を定めることについて,可決,新政会,今竹 大祐,M003,注釈1
D03,9,高砂市水道事業給水条例及び高砂市水道を加古川市米田町地域へ市外給水をすることに関する条例の一部を改正する条例を定めることについて,可決,新政会,川端 宏明,M006,賛成
D03,9,高砂市水道事業給水条例及び高砂市水道を加古川市米田町地域へ市外給水をすることに関する条例の一部を改正する条例を定めることについて,可決,新政会,島津 明香,M011,賛成
D03,9,高砂市水道事業給水条例及び高砂市水道を加古川市米田町地域へ市外給水をすることに関する条例の一部を改正する条例を定めることについて,可決,新政会,岩見 明,M004,賛成
D03,9,高砂市水道事業給水条例及び高砂市水道を加古川市米田町地域へ市外給水をすることに関する条例の一部を改正する条例を定めることについて,可決,新政会,藤森 誠,M015,賛成
D03,9,高砂市水道事業給水条例及び高砂市水道を加古川市米田町地域へ市外給水をすることに関する条例の一部を改正する条例を定めることについて,可決,公明党,迫川 高行,M009,賛成
D03,9,高砂市水道事業給水条例及び高砂市水道を加古川市米田町地域へ市外給水をすることに関する条例の一部を改正する条例を定めることについて,可決,公明党,春増 勝利,M014,賛成
D03,9,高砂市水道事業給水条例及び高砂市水道を加古川市米田町地域へ市外給水をすることに関する条例の一部を改正する条例を定めることについて,可決,公明党,森 秀樹,M017,賛成
D03,9,高砂市水道事業給水条例及び高砂市水道を加古川市米田町地域へ市外給水をすることに関する条例の一部を改正する条例を定めることについて,可決,明風会,石崎 徹,M001,賛成
D03,9,高砂市水道事業給水条例及び高砂市水道を加古川市米田町地域へ市外給水をすることに関する条例の一部を改正する条例を定めることについて,可決,明風会,鷹尾 治久,M013,賛成
D03,9,高砂市水道事業給水条例及び高砂市水道を加古川市米田町地域へ市外給水をすることに関する条例の一部を改正する条例を定めることについて,可決,明風会,芝本 鎮彰,M010,賛成
D03,9,高砂市水道事業給水条例及び高砂市水道を加古川市米田町地域へ市外給水をすることに関する条例の一部を改正する条例を定めることについて,可決,未来ネット,鈴木 利信,M012,賛成
D03,9,高砂市水道事業給水条例及び高砂市水道を加古川市米田町地域へ市外給水をすることに関する条例の一部を改正する条例を定めることについて,可決,未来ネット,北野 誠一郎,M007,賛成
D03,9,高砂市水道事業給水条例及び高砂市水道を加古川市米田町地域へ市外給水をすることに関する条例の一部を改正する条例を定めることについて,可決,民主クラブ,松野 優也,M016,賛成
D03,9,高砂市水道事業給水条例及び高砂市水道を加古川市米田町地域へ市外給水をすることに関する条例の一部を改正する条例を定めることについて,可決,民主クラブ,山田 光昭,M018,賛成
D03,9,高砂市水道事業給水条例及び高砂市水道を加古川市米田町地域へ市外給水をすることに関する条例の一部を改正する条例を定めることについて,可決,日本維新の会,横田 英樹,M019,賛成
D03,9,高砂市水道事業給水条例及び高砂市水道を加古川市米田町地域へ市外給水をすることに関する条例の一部を改正する条例を定めることについて,可決,日本共産党,大西 由紀,M005,反対
D03,10,令和5年度高砂市一般会計予算,可決,新政会,入江 啓太,M002,賛成
D03,10,令和5年度高砂市一般会計予算,可決,新政会,坂本 まり,M008,賛成
D03,10,令和5年度高砂市一般会計予算,可決,新政会,今竹 大祐,M003,注釈1
D03,10,令和5年度高砂市一般会計予算,可決,新政会,川端 宏明,M006,賛成
D03,10,令和5年度高砂市一般会計予算,可決,新政会,島津 明香,M011,賛成
D03,10,令和5年度高砂市一般会計予算,可決,新政会,岩見 明,M004,賛成
D03,10,令和5年度高砂市一般会計予算,可決,新政会,藤森 誠,M015,賛成
D03,10,令和5年度高砂市一般会計予算,可決,公明党,迫川 高行,M009,賛成
D03,10,令和5年度高砂市一般会計予算,可決,公明党,春増 勝利,M014,賛成
D03,10,令和5年度高砂市一般会計予算,可決,公明党,森 秀樹,M017,賛成
D03,10,令和5年度高砂市一般会計予算,可決,明風会,石崎 徹,M001,賛成
D03,10,令和5年度高砂市一般会計予算,可決,明風会,鷹尾 治久,M013,賛成
D03,10,令和5年度高砂市一般会計予算,可決,明風会,芝本 鎮彰,M010,賛成
D03,10,令和5年度高砂市一般会計予算,可決,未来ネット,鈴木 利信,M012,賛成
D03,10,令和5年度高砂市一般会計予算,可決,未来ネット,北野 誠一郎,M007,賛成
D03,10,令和5年度高砂市一般会計予算,可決,民主クラブ,松野 優也,M016,賛成
D03,10,令和5年度高砂市一般会計予算,可決,民主クラブ,山田 光昭,M018,賛成
D03,10,令和5年度高砂市一般会計予算,可決,日本維新の会,横田 英樹,M019,賛成
D03,10,令和5年度高砂市一般会計予算,可決,日本共産党,大西 由紀,M005,反対
D03,11,令和5年度高砂市国民健康保険事業特別会計予算,可決,新政会,入江 啓太,M002,賛成
D03,11,令和5年度高砂市国民健康保険事業特別会計予算,可決,新政会,坂本 まり,M008,賛成
D03,11,令和5年度高砂市国民健康保険事業特別会計予算,可決,新政会,今竹 大祐,M003,注釈1
D03,11,令和5年度高砂市国民健康保険事業特別会計予算,可決,新政会,川端 宏明,M006,賛成
D03,11,令和5年度高砂市国民健康保険事業特別会計予算,可決,新政会,島津 明香,M011,賛成
D03,11,令和5年度高砂市国民健康保険事業特別会計予算,可決,新政会,岩見 明,M004,賛成
D03,11,令和5年度高砂市国民健康保険事業特別会計予算,可決,新政会,藤森 誠,M015,賛成
D03,11,令和5年度高砂市国民健康保険事業特別会計予算,可決,公明党,迫川 高行,M009,賛成
D03,11,令和5年度高砂市国民健康保険事業特別会計予算,可決,公明党,春増 勝利,M014,賛成
D03,11,令和5年度高砂市国民健康保険事業特別会計予算,可決,公明党,森 秀樹,M017,賛成
D03,11,令和5年度高砂市国民健康保険事業特別会計予算,可決,明風会,石崎 徹,M001,賛成
D03,11,令和5年度高砂市国民健康保険事業特別会計予算,可決,明風会,鷹尾 治久,M013,賛成
D03,11,令和5年度高砂市国民健康保険事業特別会計予算,可決,明風会,芝本 鎮彰,M010,賛成
D03,11,令和5年度高砂市国民健康保険事業特別会計予算,可決,未来ネット,鈴木 利信,M012,賛成
D03,11,令和5年度高砂市国民健康保険事業特別会計予算,可決,未来ネット,北野 誠一郎,M007,賛成
D03,11,令和5年度高砂市国民健康保険事業特別会計予算,可決,民主クラブ,松野 優也,M016,賛成
D03,11,令和5年度高砂市国民健康保険事業特別会計予算,可決,民主クラブ,山田 光昭,M018,賛成
D03,11,令和5年度高砂市国民健康保険事業特別会計予算,可決,日本維新の会,横田 英樹,M019,賛成
D03,11,令和5年度高砂市国民健康保険事業特別会計予算,可決,日本共産党,大西 由紀,M005,反対
D03,12,令和5年度高砂市後期高齢者医療事業特別会計予算,可決,新政会,入江 啓太,M002,賛成
D03,12,令和5年度高砂市後期高齢者医療事業特別会計予算,可決,新政会,坂本 まり,M008,賛成
D03,12,令和5年度高砂市後期高齢者医療事業特別会計予算,可決,新政会,今竹 大祐,M003,注釈1
D03,12,令和5年度高砂市後期高齢者医療事業特別会計予算,可決,新政会,川端 宏明,M006,賛成
D03,12,令和5年度高砂市後期高齢者医療事業特別会計予算,可決,新政会,島津 明香,M011,賛成
D03,12,令和5年度高砂市後期高齢者医療事業特別会計予算,可決,新政会,岩見 明,M004,賛成
D03,12,令和5年度高砂市後期高齢者医療事業特別会計予算,可決,新政会,藤森 誠,M015,賛成
D03,12,令和5年度高砂市後期高齢者医療事業特別会計予算,可決,公明党,迫川 高行,M009,賛成
D03,12,令和5年度高砂市後期高齢者医療事業特別会計予算,可決,公明党,春増 勝利,M014,賛成
D03,12,令和5年度高砂市後期高齢者医療事業特別会計予算,可決,公明党,森 秀樹,M017,賛成
D03,12,令和5年度高砂市後期高齢者医療事業特別会計予算,可決,明風会,石崎 徹,M001,賛成
D03,12,令和5年度高砂市後期高齢者医療事業特別会計予算,可決,明風会,鷹尾 治久,M013,賛成
D03,12,令和5年度高砂市後期高齢者医療事業特別会計予算,可決,明風会,芝本 鎮彰,M010,賛成
D03,12,令和5年度高砂市後期高齢者医療事業特別会計予算,可決,未来ネット,鈴木 利信,M012,賛成
D03,12,令和5年度高砂市後期高齢者医療事業特別会計予算,可決,未来ネット,北野 誠一郎,M007,賛成
D03,12,令和5年度高砂市後期高齢者医療事業特別会計予算,可決,民主クラブ,松野 優也,M016,賛成
D03,12,令和5年度高砂市後期高齢者医療事業特別会計予算,可決,民主クラブ,山田 光昭,M018,賛成
D03,12,令和5年度高砂市後期高齢者医療事業特別会計予算,可決,日本維新の会,横田 英樹,M019,賛成
D03,12,令和5年度高砂市後期高齢者医療事業特別会計予算,可決,日本共産党,大西 由紀,M005,反対
D03,13,令和5年度高砂市介護保険事業特別会計予算,可決,新政会,入江 啓太,M002,賛成
D03,13,令和5年度高砂市介護保険事業特別会計予算,可決,新政会,坂本 まり,M008,賛成
D03,13,令和5年度高砂市介護保険事業特別会計予算,可決,新政会,今竹 大祐,M003,注釈1
D03,13,令和5年度高砂市介護保険事業特別会計予算,可決,新政会,川端 宏明,M006,賛成
D03,13,令和5年度高砂市介護保険事業特別会計予算,可決,新政会,島津 明香,M011,賛成
D03,13,令和5年度高砂市介護保険事業特別会計予算,可決,新政会,岩見 明,M004,賛成
D03,13,令和5年度高砂市介護保険事業特別会計予算,可決,新政会,藤森 誠,M015,賛成
D03,13,令和5年度高砂市介護保険事業特別会計予算,可決,公明党,迫川 高行,M009,賛成
D03,13,令和5年度高砂市介護保険事業特別会計予算,可決,公明党,春増 勝利,M014,賛成
D03,13,令和5年度高砂市介護保険事業特別会計予算,可決,公明党,森 秀樹,M017,賛成
D03,13,令和5年度高砂市介護保険事業特別会計予算,可決,明風会,石崎 徹,M001,賛成
D03,13,令和5年度高砂市介護保険事業特別会計予算,可決,明風会,鷹尾 治久,M013,賛成
D03,13,令和5年度高砂市介護保険事業特別会計予算,可決,明風会,芝本 鎮彰,M010,賛成
D03,13,令和5年度高砂市介護保険事業特別会計予算,可決,未来ネット,鈴木 利信,M012,賛成
D03,13,令和5年度高砂市介護保険事業特別会計予算,可決,未来ネット,北野 誠一郎,M007,賛成
D03,13,令和5年度高砂市介護保険事業特別会計予算,可決,民主クラブ,松野 優也,M016,賛成
D03,13,令和5年度高砂市介護保険事業特別会計予算,可決,民主クラブ,山田 光昭,M018,賛成
D03,13,令和5年度高砂市介護保険事業特別会計予算,可決,日本維新の会,横田 英樹,M019,賛成
D03,13,令和5年度高砂市介護保険事業特別会計予算,可決,日本共産党,大西 由紀,M005,反対
D03,14,令和5年度高砂市水道事業会計予算,可決,新政会,入江 啓太,M002,賛成
D03,14,令和5年度高砂市水道事業会計予算,可決,新政会,坂本 まり,M008,賛成
D03,14,令和5年度高砂市水道事業会計予算,可決,新政会,今竹 大祐,M003,注釈1
D03,14,令和5年度高砂市水道事業会計予算,可決,新政会,川端 宏明,M006,賛成
D03,14,令和5年度高砂市水道事業会計予算,可決,新政会,島津 明香,M011,賛成
D03,14,令和5年度高砂市水道事業会計予算,可決,新政会,岩見 明,M004,賛成
D03,14,令和5年度高砂市水道事業会計予算,可決,新政会,藤森 誠,M015,賛成
D03,14,令和5年度高砂市水道事業会計予算,可決,公明党,迫川 高行,M009,賛成
D03,14,令和5年度高砂市水道事業会計予算,可決,公明党,春増 勝利,M014,賛成
D03,14,令和5年度高砂市水道事業会計予算,可決,公明党,森 秀樹,M017,賛成
D03,14,令和5年度高砂市水道事業会計予算,可決,明風会,石崎 徹,M001,賛成
D03,14,令和5年度高砂市水道事業会計予算,可決,明風会,鷹尾 治久,M013,賛成
D03,14,令和5年度高砂市水道事業会計予算,可決,明風会,芝本 鎮彰,M010,賛成
D03,14,令和5年度高砂市水道事業会計予算,可決,未来ネット,鈴木 利信,M012,賛成
D03,14,令和5年度高砂市水道事業会計予算,可決,未来ネット,北野 誠一郎,M007,賛成
D03,14,令和5年度高砂市水道事業会計予算,可決,民主クラブ,松野 優也,M016,賛成
D03,14,令和5年度高砂市水道事業会計予算,可決,民主クラブ,山田 光昭,M018,賛成
D03,14,令和5年度高砂市水道事業会計予算,可決,日本維新の会,横田 英樹,M019,賛成
D03,14,令和5年度高砂市水道事業会計予算,可決,日本共産党,大西 由紀,M005,反対
D03,15,令和5年度高砂市病院事業会計予算,可決,新政会,入江 啓太,M002,賛成
D03,15,令和5年度高砂市病院事業会計予算,可決,新政会,坂本 まり,M008,賛成
D03,15,令和5年度高砂市病院事業会計予算,可決,新政会,今竹 大祐,M003,注釈1
D03,15,令和5年度高砂市病院事業会計予算,可決,新政会,川端 宏明,M006,賛成
D03,15,令和5年度高砂市病院事業会計予算,可決,新政会,島津 明香,M011,賛成
D03,15,令和5年度高砂市病院事業会計予算,可決,新政会,岩見 明,M004,賛成
D03,15,令和5年度高砂市病院事業会計予算,可決,新政会,藤森 誠,M015,賛成
D03,15,令和5年度高砂市病院事業会計予算,可決,公明党,迫川 高行,M009,賛成
D03,15,令和5年度高砂市病院事業会計予算,可決,公明党,春増 勝利,M014,賛成
D03,15,令和5年度高砂市病院事業会計予算,可決,公明党,森 秀樹,M017,賛成
D03,15,令和5年度高砂市病院事業会計予算,可決,明風会,石崎 徹,M001,賛成
D03,15,令和5年度高砂市病院事業会計予算,可決,明風会,鷹尾 治久,M013,賛成
D03,15,令和5年度高砂市病院事業会計予算,可決,明風会,芝本 鎮彰,M010,賛成
D03,15,令和5年度高砂市病院事業会計予算,可決,未来ネット,鈴木 利信,M012,賛成
D03,15,令和5年度高砂市病院事業会計予算,可決,未来ネット,北野 誠一郎,M007,賛成
D03,15,令和5年度高砂市病院事業会計予算,可決,民主クラブ,松野 優也,M016,賛成
D03,15,令和5年度高砂市病院事業会計予算,可決,民主クラブ,山田 光昭,M018,賛成
D03,15,令和5年度高砂市病院事業会計予算,可決,日本維新の会,横田 英樹,M019,賛成
D03,15,令和5年度高砂市病院事業会計予算,可決,日本共産党,大西 由紀,M005,反対
D03,15,令和5年度高砂市病院事業会計予算,可決,新政会,入江 啓太,M002,賛成
D03,15,令和5年度高砂市病院事業会計予算,可決,新政会,坂本 まり,M008,賛成
D03,15,令和5年度高砂市病院事業会計予算,可決,新政会,今竹 大祐,M003,注釈1
D03,15,令和5年度高砂市病院事業会計予算,可決,新政会,川端 宏明,M006,賛成
D03,15,令和5年度高砂市病院事業会計予算,可決,新政会,島津 明香,M011,賛成
D03,15,令和5年度高砂市病院事業会計予算,可決,新政会,岩見 明,M004,賛成
D03,15,令和5年度高砂市病院事業会計予算,可決,新政会,藤森 誠,M015,賛成
D03,15,令和5年度高砂市病院事業会計予算,可決,公明党,迫川 高行,M009,賛成
D03,15,令和5年度高砂市病院事業会計予算,可決,公明党,春増 勝利,M014,賛成
D03,15,令和5年度高砂市病院事業会計予算,可決,公明党,森 秀樹,M017,賛成
D03,15,令和5年度高砂市病院事業会計予算,可決,明風会,石崎 徹,M001,賛成
D03,15,令和5年度高砂市病院事業会計予算,可決,明風会,鷹尾 治久,M013,賛成
D03,15,令和5年度高砂市病院事業会計予算,可決,明風会,芝本 鎮彰,M010,賛成
D03,15,令和5年度高砂市病院事業会計予算,可決,未来ネット,鈴木 利信,M012,注釈2
D03,15,令和5年度高砂市病院事業会計予算,可決,未来ネット,北野 誠一郎,M007,注釈2
D03,15,令和5年度高砂市病院事業会計予算,可決,民主クラブ,松野 優也,M016,賛成
D03,15,令和5年度高砂市病院事業会計予算,可決,民主クラブ,山田 光昭,M018,賛成
D03,15,令和5年度高砂市病院事業会計予算,可決,日本維新の会,横田 英樹,M019,賛成
D03,15,令和5年度高砂市病院事業会計予算,可決,日本共産党,大西 由紀,M005,反対
D03,16,小・中学校の全児童・生徒の給食費を無償化することを求める陳情書,不採択,新政会,入江 啓太,M002,反対
D03,16,小・中学校の全児童・生徒の給食費を無償化することを求める陳情書,不採択,新政会,坂本 まり,M008,反対
D03,16,小・中学校の全児童・生徒の給食費を無償化することを求める陳情書,不採択,新政会,今竹 大祐,M003,注釈1
D03,16,小・中学校の全児童・生徒の給食費を無償化することを求める陳情書,不採択,新政会,川端 宏明,M006,反対
D03,16,小・中学校の全児童・生徒の給食費を無償化することを求める陳情書,不採択,新政会,島津 明香,M011,反対
D03,16,小・中学校の全児童・生徒の給食費を無償化することを求める陳情書,不採択,新政会,岩見 明,M004,反対
D03,16,小・中学校の全児童・生徒の給食費を無償化することを求める陳情書,不採択,新政会,藤森 誠,M015,反対
D03,16,小・中学校の全児童・生徒の給食費を無償化することを求める陳情書,不採択,公明党,迫川 高行,M009,反対
D03,16,小・中学校の全児童・生徒の給食費を無償化することを求める陳情書,不採択,公明党,春増 勝利,M014,反対
D03,16,小・中学校の全児童・生徒の給食費を無償化することを求める陳情書,不採択,公明党,森 秀樹,M017,反対
D03,16,小・中学校の全児童・生徒の給食費を無償化することを求める陳情書,不採択,明風会,石崎 徹,M001,反対
D03,16,小・中学校の全児童・生徒の給食費を無償化することを求める陳情書,不採択,明風会,鷹尾 治久,M013,反対
D03,16,小・中学校の全児童・生徒の給食費を無償化することを求める陳情書,不採択,明風会,芝本 鎮彰,M010,反対
D03,16,小・中学校の全児童・生徒の給食費を無償化することを求める陳情書,不採択,未来ネット,鈴木 利信,M012,賛成
D03,16,小・中学校の全児童・生徒の給食費を無償化することを求める陳情書,不採択,未来ネット,北野 誠一郎,M007,賛成
D03,16,小・中学校の全児童・生徒の給食費を無償化することを求める陳情書,不採択,民主クラブ,松野 優也,M016,反対
D03,16,小・中学校の全児童・生徒の給食費を無償化することを求める陳情書,不採択,民主クラブ,山田 光昭,M018,反対
D03,16,小・中学校の全児童・生徒の給食費を無償化することを求める陳情書,不採択,日本維新の会,横田 英樹,M019,賛成
D03,16,小・中学校の全児童・生徒の給食費を無償化することを求める陳情書,不採択,日本共産党,大西 由紀,M005,賛成
D03,17,高砂市民病院を市直営の総合病院として存続させ、地域医療を守る役割を果たすことを求める陳情書,不採択,新政会,入江 啓太,M002,反対
D03,17,高砂市民病院を市直営の総合病院として存続させ、地域医療を守る役割を果たすことを求める陳情書,不採択,新政会,坂本 まり,M008,反対
D03,17,高砂市民病院を市直営の総合病院として存続させ、地域医療を守る役割を果たすことを求める陳情書,不採択,新政会,今竹 大祐,M003,注釈1
D03,17,高砂市民病院を市直営の総合病院として存続させ、地域医療を守る役割を果たすことを求める陳情書,不採択,新政会,川端 宏明,M006,反対
D03,17,高砂市民病院を市直営の総合病院として存続させ、地域医療を守る役割を果たすことを求める陳情書,不採択,新政会,島津 明香,M011,反対
D03,17,高砂市民病院を市直営の総合病院として存続させ、地域医療を守る役割を果たすことを求める陳情書,不採択,新政会,岩見 明,M004,反対
D03,17,高砂市民病院を市直営の総合病院として存続させ、地域医療を守る役割を果たすことを求める陳情書,不採択,新政会,藤森 誠,M015,反対
D03,17,高砂市民病院を市直営の総合病院として存続させ、地域医療を守る役割を果たすことを求める陳情書,不採択,公明党,迫川 高行,M009,反対
D03,17,高砂市民病院を市直営の総合病院として存続させ、地域医療を守る役割を果たすことを求める陳情書,不採択,公明党,春増 勝利,M014,反対
D03,17,高砂市民病院を市直営の総合病院として存続させ、地域医療を守る役割を果たすことを求める陳情書,不採択,公明党,森 秀樹,M017,反対
D03,17,高砂市民病院を市直営の総合病院として存続させ、地域医療を守る役割を果たすことを求める陳情書,不採択,明風会,石崎 徹,M001,反対
D03,17,高砂市民病院を市直営の総合病院として存続させ、地域医療を守る役割を果たすことを求める陳情書,不採択,明風会,鷹尾 治久,M013,反対
D03,17,高砂市民病院を市直営の総合病院として存続させ、地域医療を守る役割を果たすことを求める陳情書,不採択,明風会,芝本 鎮彰,M010,反対
D03,17,高砂市民病院を市直営の総合病院として存続させ、地域医療を守る役割を果たすことを求める陳情書,不採択,未来ネット,鈴木 利信,M012,反対
D03,17,高砂市民病院を市直営の総合病院として存続させ、地域医療を守る役割を果たすことを求める陳情書,不採択,未来ネット,北野 誠一郎,M007,反対
D03,17,高砂市民病院を市直営の総合病院として存続させ、地域医療を守る役割を果たすことを求める陳情書,不採択,民主クラブ,松野 優也,M016,反対
D03,17,高砂市民病院を市直営の総合病院として存続させ、地域医療を守る役割を果たすことを求める陳情書,不採択,民主クラブ,山田 光昭,M018,反対
D03,17,高砂市民病院を市直営の総合病院として存続させ、地域医療を守る役割を果たすことを求める陳情書,不採択,日本維新の会,横田 英樹,M019,反対
D03,17,高砂市民病院を市直営の総合病院として存続させ、地域医療を守る役割を果たすことを求める陳情書,不採択,日本共産党,大西 由紀,M005,賛成
D03,18,沖縄を「捨て石」にしない安全保障政策を求める意見書の提出を求める陳情,不採択,新政会,入江 啓太,M002,反対
D03,18,沖縄を「捨て石」にしない安全保障政策を求める意見書の提出を求める陳情,不採択,新政会,坂本 まり,M008,反対
D03,18,沖縄を「捨て石」にしない安全保障政策を求める意見書の提出を求める陳情,不採択,新政会,今竹 大祐,M003,注釈1
D03,18,沖縄を「捨て石」にしない安全保障政策を求める意見書の提出を求める陳情,不採択,新政会,川端 宏明,M006,反対
D03,18,沖縄を「捨て石」にしない安全保障政策を求める意見書の提出を求める陳情,不採択,新政会,島津 明香,M011,反対
D03,18,沖縄を「捨て石」にしない安全保障政策を求める意見書の提出を求める陳情,不採択,新政会,岩見 明,M004,反対
D03,18,沖縄を「捨て石」にしない安全保障政策を求める意見書の提出を求める陳情,不採択,新政会,藤森 誠,M015,反対
D03,18,沖縄を「捨て石」にしない安全保障政策を求める意見書の提出を求める陳情,不採択,公明党,迫川 高行,M009,反対
D03,18,沖縄を「捨て石」にしない安全保障政策を求める意見書の提出を求める陳情,不採択,公明党,春増 勝利,M014,反対
D03,18,沖縄を「捨て石」にしない安全保障政策を求める意見書の提出を求める陳情,不採択,公明党,森 秀樹,M017,反対
D03,18,沖縄を「捨て石」にしない安全保障政策を求める意見書の提出を求める陳情,不採択,明風会,石崎 徹,M001,反対
D03,18,沖縄を「捨て石」にしない安全保障政策を求める意見書の提出を求める陳情,不採択,明風会,鷹尾 治久,M013,反対
D03,18,沖縄を「捨て石」にしない安全保障政策を求める意見書の提出を求める陳情,不採択,明風会,芝本 鎮彰,M010,反対
D03,18,沖縄を「捨て石」にしない安全保障政策を求める意見書の提出を求める陳情,不採択,未来ネット,鈴木 利信,M012,賛成
D03,18,沖縄を「捨て石」にしない安全保障政策を求める意見書の提出を求める陳情,不採択,未来ネット,北野 誠一郎,M007,反対
D03,18,沖縄を「捨て石」にしない安全保障政策を求める意見書の提出を求める陳情,不採択,民主クラブ,松野 優也,M016,反対
D03,18,沖縄を「捨て石」にしない安全保障政策を求める意見書の提出を求める陳情,不採択,民主クラブ,山田 光昭,M018,反対
D03,18,沖縄を「捨て石」にしない安全保障政策を求める意見書の提出を求める陳情,不採択,日本維新の会,横田 英樹,M019,反対
D03,18,沖縄を「捨て石」にしない安全保障政策を求める意見書の提出を求める陳情,不採択,日本共産党,大西 由紀,M005,反対
D03,19,高砂市民病院を公立の総合病院として、存続と充実を求める陳情書,不採択,新政会,入江 啓太,M002,反対
D03,19,高砂市民病院を公立の総合病院として、存続と充実を求める陳情書,不採択,新政会,坂本 まり,M008,反対
D03,19,高砂市民病院を公立の総合病院として、存続と充実を求める陳情書,不採択,新政会,今竹 大祐,M003,注釈1
D03,19,高砂市民病院を公立の総合病院として、存続と充実を求める陳情書,不採択,新政会,川端 宏明,M006,反対
D03,19,高砂市民病院を公立の総合病院として、存続と充実を求める陳情書,不採択,新政会,島津 明香,M011,反対
D03,19,高砂市民病院を公立の総合病院として、存続と充実を求める陳情書,不採択,新政会,岩見 明,M004,反対
D03,19,高砂市民病院を公立の総合病院として、存続と充実を求める陳情書,不採択,新政会,藤森 誠,M015,反対
D03,19,高砂市民病院を公立の総合病院として、存続と充実を求める陳情書,不採択,公明党,迫川 高行,M009,反対
D03,19,高砂市民病院を公立の総合病院として、存続と充実を求める陳情書,不採択,公明党,春増 勝利,M014,反対
D03,19,高砂市民病院を公立の総合病院として、存続と充実を求める陳情書,不採択,公明党,森 秀樹,M017,反対
D03,19,高砂市民病院を公立の総合病院として、存続と充実を求める陳情書,不採択,明風会,石崎 徹,M001,反対
D03,19,高砂市民病院を公立の総合病院として、存続と充実を求める陳情書,不採択,明風会,鷹尾 治久,M013,反対
D03,19,高砂市民病院を公立の総合病院として、存続と充実を求める陳情書,不採択,明風会,芝本 鎮彰,M010,反対
D03,19,高砂市民病院を公立の総合病院として、存続と充実を求める陳情書,不採択,未来ネット,鈴木 利信,M012,反対
D03,19,高砂市民病院を公立の総合病院として、存続と充実を求める陳情書,不採択,未来ネット,北野 誠一郎,M007,反対
D03,19,高砂市民病院を公立の総合病院として、存続と充実を求める陳情書,不採択,民主クラブ,松野 優也,M016,反対
D03,19,高砂市民病院を公立の総合病院として、存続と充実を求める陳情書,不採択,民主クラブ,山田 光昭,M018,反対
D03,19,高砂市民病院を公立の総合病院として、存続と充実を求める陳情書,不採択,日本維新の会,横田 英樹,M019,反対
D03,19,高砂市民病院を公立の総合病院として、存続と充実を求める陳情書,不採択,日本共産党,大西 由紀,M005,賛成
D03,20,はりきゅうマッサージ指定施術所利用券の縮小廃止方針の撤廃を求める陳情,不採択,新政会,入江 啓太,M002,反対
D03,20,はりきゅうマッサージ指定施術所利用券の縮小廃止方針の撤廃を求める陳情,不採択,新政会,坂本 まり,M008,反対
D03,20,はりきゅうマッサージ指定施術所利用券の縮小廃止方針の撤廃を求める陳情,不採択,新政会,今竹 大祐,M003,注釈1
D03,20,はりきゅうマッサージ指定施術所利用券の縮小廃止方針の撤廃を求める陳情,不採択,新政会,川端 宏明,M006,反対
D03,20,はりきゅうマッサージ指定施術所利用券の縮小廃止方針の撤廃を求める陳情,不採択,新政会,島津 明香,M011,反対
D03,20,はりきゅうマッサージ指定施術所利用券の縮小廃止方針の撤廃を求める陳情,不採択,新政会,岩見 明,M004,反対
D03,20,はりきゅうマッサージ指定施術所利用券の縮小廃止方針の撤廃を求める陳情,不採択,新政会,藤森 誠,M015,反対
D03,20,はりきゅうマッサージ指定施術所利用券の縮小廃止方針の撤廃を求める陳情,不採択,公明党,迫川 高行,M009,反対
D03,20,はりきゅうマッサージ指定施術所利用券の縮小廃止方針の撤廃を求める陳情,不採択,公明党,春増 勝利,M014,反対
D03,20,はりきゅうマッサージ指定施術所利用券の縮小廃止方針の撤廃を求める陳情,不採択,公明党,森 秀樹,M017,反対
D03,20,はりきゅうマッサージ指定施術所利用券の縮小廃止方針の撤廃を求める陳情,不採択,明風会,石崎 徹,M001,反対
D03,20,はりきゅうマッサージ指定施術所利用券の縮小廃止方針の撤廃を求める陳情,不採択,明風会,鷹尾 治久,M013,反対
D03,20,はりきゅうマッサージ指定施術所利用券の縮小廃止方針の撤廃を求める陳情,不採択,明風会,芝本 鎮彰,M010,反対
D03,20,はりきゅうマッサージ指定施術所利用券の縮小廃止方針の撤廃を求める陳情,不採択,未来ネット,鈴木 利信,M012,反対
D03,20,はりきゅうマッサージ指定施術所利用券の縮小廃止方針の撤廃を求める陳情,不採択,未来ネット,北野 誠一郎,M007,反対
D03,20,はりきゅうマッサージ指定施術所利用券の縮小廃止方針の撤廃を求める陳情,不採択,民主クラブ,松野 優也,M016,反対
D03,20,はりきゅうマッサージ指定施術所利用券の縮小廃止方針の撤廃を求める陳情,不採択,民主クラブ,山田 光昭,M018,反対
D03,20,はりきゅうマッサージ指定施術所利用券の縮小廃止方針の撤廃を求める陳情,不採択,日本維新の会,横田 英樹,M019,反対
D03,20,はりきゅうマッサージ指定施術所利用券の縮小廃止方針の撤廃を求める陳情,不採択,日本共産党,大西 由紀,M005,賛成
D03,21,高砂市議会個人情報の保護に関する条例を定めることについて,可決,新政会,入江 啓太,M002,賛成
D03,21,高砂市議会個人情報の保護に関する条例を定めることについて,可決,新政会,坂本 まり,M008,賛成
D03,21,高砂市議会個人情報の保護に関する条例を定めることについて,可決,新政会,今竹 大祐,M003,注釈1
D03,21,高砂市議会個人情報の保護に関する条例を定めることについて,可決,新政会,川端 宏明,M006,賛成
D03,21,高砂市議会個人情報の保護に関する条例を定めることについて,可決,新政会,島津 明香,M011,賛成
D03,21,高砂市議会個人情報の保護に関する条例を定めることについて,可決,新政会,岩見 明,M004,賛成
D03,21,高砂市議会個人情報の保護に関する条例を定めることについて,可決,新政会,藤森 誠,M015,賛成
D03,21,高砂市議会個人情報の保護に関する条例を定めることについて,可決,公明党,迫川 高行,M009,賛成
D03,21,高砂市議会個人情報の保護に関する条例を定めることについて,可決,公明党,春増 勝利,M014,賛成
D03,21,高砂市議会個人情報の保護に関する条例を定めることについて,可決,公明党,森 秀樹,M017,賛成
D03,21,高砂市議会個人情報の保護に関する条例を定めることについて,可決,明風会,石崎 徹,M001,賛成
D03,21,高砂市議会個人情報の保護に関する条例を定めることについて,可決,明風会,鷹尾 治久,M013,賛成
D03,21,高砂市議会個人情報の保護に関する条例を定めることについて,可決,明風会,芝本 鎮彰,M010,賛成
D03,21,高砂市議会個人情報の保護に関する条例を定めることについて,可決,未来ネット,鈴木 利信,M012,賛成
D03,21,高砂市議会個人情報の保護に関する条例を定めることについて,可決,未来ネット,北野 誠一郎,M007,賛成
D03,21,高砂市議会個人情報の保護に関する条例を定めることについて,可決,民主クラブ,松野 優也,M016,賛成
D03,21,高砂市議会個人情報の保護に関する条例を定めることについて,可決,民主クラブ,山田 光昭,M018,賛成
D03,21,高砂市議会個人情報の保護に関する条例を定めることについて,可決,日本維新の会,横田 英樹,M019,賛成
D03,21,高砂市議会個人情報の保護に関する条例を定めることについて,可決,日本共産党,大西 由紀,M005,反対
D03,21,高砂市議会個人情報の保護に関する条例を定めることについて,可決,新政会,入江 啓太,M002,賛成
D03,21,高砂市議会個人情報の保護に関する条例を定めることについて,可決,新政会,坂本 まり,M008,賛成
D03,21,高砂市議会個人情報の保護に関する条例を定めることについて,可決,新政会,今竹 大祐,M003,注釈1
D03,21,高砂市議会個人情報の保護に関する条例を定めることについて,可決,新政会,川端 宏明,M006,賛成
D03,21,高砂市議会個人情報の保護に関する条例を定めることについて,可決,新政会,島津 明香,M011,賛成
D03,21,高砂市議会個人情報の保護に関する条例を定めることについて,可決,新政会,岩見 明,M004,賛成
D03,21,高砂市議会個人情報の保護に関する条例を定めることについて,可決,新政会,藤森 誠,M015,賛成
D03,21,高砂市議会個人情報の保護に関する条例を定めることについて,可決,公明党,迫川 高行,M009,賛成
D03,21,高砂市議会個人情報の保護に関する条例を定めることについて,可決,公明党,春増 勝利,M014,賛成
D03,21,高砂市議会個人情報の保護に関する条例を定めることについて,可決,公明党,森 秀樹,M017,賛成
D03,21,高砂市議会個人情報の保護に関する条例を定めることについて,可決,明風会,石崎 徹,M001,賛成
D03,21,高砂市議会個人情報の保護に関する条例を定めることについて,可決,明風会,鷹尾 治久,M013,賛成
D03,21,高砂市議会個人情報の保護に関する条例を定めることについて,可決,明風会,芝本 鎮彰,M010,賛成
D03,21,高砂市議会個人情報の保護に関する条例を定めることについて,可決,未来ネット,鈴木 利信,M012,賛成
D03,21,高砂市議会個人情報の保護に関する条例を定めることについて,可決,未来ネット,北野 誠一郎,M007,賛成
D03,21,高砂市議会個人情報の保護に関する条例を定めることについて,可決,民主クラブ,松野 優也,M016,賛成
D03,21,高砂市議会個人情報の保護に関する条例を定めることについて,可決,民主クラブ,山田 光昭,M018,賛成
D03,21,高砂市議会個人情報の保護に関する条例を定めることについて,可決,日本維新の会,横田 英樹,M019,反対
D03,21,高砂市議会個人情報の保護に関する条例を定めることについて,可決,日本共産党,大西 由紀,M005,反対
D03,21,高砂市議会個人情報の保護に関する条例を定めることについて,可決,新政会,入江 啓太,M002,賛成
D03,21,高砂市議会個人情報の保護に関する条例を定めることについて,可決,新政会,坂本 まり,M008,賛成
D03,21,高砂市議会個人情報の保護に関する条例を定めることについて,可決,新政会,今竹 大祐,M003,注釈1
D03,21,高砂市議会個人情報の保護に関する条例を定めることについて,可決,新政会,川端 宏明,M006,賛成
D03,21,高砂市議会個人情報の保護に関する条例を定めることについて,可決,新政会,島津 明香,M011,賛成
D03,21,高砂市議会個人情報の保護に関する条例を定めることについて,可決,新政会,岩見 明,M004,賛成
D03,21,高砂市議会個人情報の保護に関する条例を定めることについて,可決,新政会,藤森 誠,M015,賛成
D03,21,高砂市議会個人情報の保護に関する条例を定めることについて,可決,公明党,迫川 高行,M009,賛成
D03,21,高砂市議会個人情報の保護に関する条例を定めることについて,可決,公明党,春増 勝利,M014,賛成
D03,21,高砂市議会個人情報の保護に関する条例を定めることについて,可決,公明党,森 秀樹,M017,賛成
D03,21,高砂市議会個人情報の保護に関する条例を定めることについて,可決,明風会,石崎 徹,M001,賛成
D03,21,高砂市議会個人情報の保護に関する条例を定めることについて,可決,明風会,鷹尾 治久,M013,賛成
D03,21,高砂市議会個人情報の保護に関する条例を定めることについて,可決,明風会,芝本 鎮彰,M010,賛成
D03,21,高砂市議会個人情報の保護に関する条例を定めることについて,可決,未来ネット,鈴木 利信,M012,賛成
D03,21,高砂市議会個人情報の保護に関する条例を定めることについて,可決,未来ネット,北野 誠一郎,M007,賛成
D03,21,高砂市議会個人情報の保護に関する条例を定めることについて,可決,民主クラブ,松野 優也,M016,賛成
D03,21,高砂市議会個人情報の保護に関する条例を定めることについて,可決,民主クラブ,山田 光昭,M018,賛成
D03,21,高砂市議会個人情報の保護に関する条例を定めることについて,可決,日本維新の会,横田 英樹,M019,賛成
D03,21,高砂市議会個人情報の保護に関する条例を定めることについて,可決,日本共産党,大西 由紀,M005,反対
D03,21,高砂市議会個人情報の保護に関する条例を定めることについて,可決,新政会,入江 啓太,M002,賛成
D03,21,高砂市議会個人情報の保護に関する条例を定めることについて,可決,新政会,坂本 まり,M008,賛成
D03,21,高砂市議会個人情報の保護に関する条例を定めることについて,可決,新政会,今竹 大祐,M003,注釈1
D03,21,高砂市議会個人情報の保護に関する条例を定めることについて,可決,新政会,川端 宏明,M006,賛成
D03,21,高砂市議会個人情報の保護に関する条例を定めることについて,可決,新政会,島津 明香,M011,賛成
D03,21,高砂市議会個人情報の保護に関する条例を定めることについて,可決,新政会,岩見 明,M004,賛成
D03,21,高砂市議会個人情報の保護に関する条例を定めることについて,可決,新政会,藤森 誠,M015,賛成
D03,21,高砂市議会個人情報の保護に関する条例を定めることについて,可決,公明党,迫川 高行,M009,賛成
D03,21,高砂市議会個人情報の保護に関する条例を定めることについて,可決,公明党,春増 勝利,M014,賛成
D03,21,高砂市議会個人情報の保護に関する条例を定めることについて,可決,公明党,森 秀樹,M017,賛成
D03,21,高砂市議会個人情報の保護に関する条例を定めることについて,可決,明風会,石崎 徹,M001,賛成
D03,21,高砂市議会個人情報の保護に関する条例を定めることについて,可決,明風会,鷹尾 治久,M013,賛成
D03,21,高砂市議会個人情報の保護に関する条例を定めることについて,可決,明風会,芝本 鎮彰,M010,賛成
D03,21,高砂市議会個人情報の保護に関する条例を定めることについて,可決,未来ネット,鈴木 利信,M012,賛成
D03,21,高砂市議会個人情報の保護に関する条例を定めることについて,可決,未来ネット,北野 誠一郎,M007,賛成
D03,21,高砂市議会個人情報の保護に関する条例を定めることについて,可決,民主クラブ,松野 優也,M016,賛成
D03,21,高砂市議会個人情報の保護に関する条例を定めることについて,可決,民主クラブ,山田 光昭,M018,賛成
D03,21,高砂市議会個人情報の保護に関する条例を定めることについて,可決,日本維新の会,横田 英樹,M019,賛成
D03,21,高砂市議会個人情報の保護に関する条例を定めることについて,可決,日本共産党,大西 由紀,M005,反対
D04,1,工事請負契約を締結することについて,可決,新政会,入江 啓太,M002,賛成
D04,1,工事請負契約を締結することについて,可決,新政会,坂本 まり,M008,賛成
D04,1,工事請負契約を締結することについて,可決,新政会,今竹 大祐,M003,注釈
D04,1,工事請負契約を締結することについて,可決,新政会,川端 宏明,M006,賛成
D04,1,工事請負契約を締結することについて,可決,新政会,島津 明香,M011,賛成
D04,1,工事請負契約を締結することについて,可決,新政会,岩見 明,M004,賛成
D04,1,工事請負契約を締結することについて,可決,新政会,藤森 誠,M015,賛成
D04,1,工事請負契約を締結することについて,可決,公明党,迫川 高行,M009,賛成
D04,1,工事請負契約を締結することについて,可決,公明党,春増 勝利,M014,賛成
D04,1,工事請負契約を締結することについて,可決,公明党,森 秀樹,M017,賛成
D04,1,工事請負契約を締結することについて,可決,明風会,石崎 徹,M001,賛成
D04,1,工事請負契約を締結することについて,可決,明風会,鷹尾 治久,M013,賛成
D04,1,工事請負契約を締結することについて,可決,明風会,芝本 鎮彰,M010,賛成
D04,1,工事請負契約を締結することについて,可決,未来ネット,鈴木 利信,M012,賛成
D04,1,工事請負契約を締結することについて,可決,未来ネット,北野 誠一郎,M007,賛成
D04,1,工事請負契約を締結することについて,可決,民主クラブ,松野 優也,M016,賛成
D04,1,工事請負契約を締結することについて,可決,民主クラブ,山田 光昭,M018,賛成
D04,1,工事請負契約を締結することについて,可決,日本維新の会,横田 英樹,M019,賛成
D04,1,工事請負契約を締結することについて,可決,日本共産党,大西 由紀,M005,賛成
D04,2,製造請負契約を締結することについて,可決,新政会,入江 啓太,M002,賛成
D04,2,製造請負契約を締結することについて,可決,新政会,坂本 まり,M008,賛成
D04,2,製造請負契約を締結することについて,可決,新政会,今竹 大祐,M003,注釈
D04,2,製造請負契約を締結することについて,可決,新政会,川端 宏明,M006,賛成
D04,2,製造請負契約を締結することについて,可決,新政会,島津 明香,M011,賛成
D04,2,製造請負契約を締結することについて,可決,新政会,岩見 明,M004,賛成
D04,2,製造請負契約を締結することについて,可決,新政会,藤森 誠,M015,賛成
D04,2,製造請負契約を締結することについて,可決,公明党,迫川 高行,M009,賛成
D04,2,製造請負契約を締結することについて,可決,公明党,春増 勝利,M014,賛成
D04,2,製造請負契約を締結することについて,可決,公明党,森 秀樹,M017,賛成
D04,2,製造請負契約を締結することについて,可決,明風会,石崎 徹,M001,賛成
D04,2,製造請負契約を締結することについて,可決,明風会,鷹尾 治久,M013,賛成
D04,2,製造請負契約を締結することについて,可決,明風会,芝本 鎮彰,M010,賛成
D04,2,製造請負契約を締結することについて,可決,未来ネット,鈴木 利信,M012,賛成
D04,2,製造請負契約を締結することについて,可決,未来ネット,北野 誠一郎,M007,賛成
D04,2,製造請負契約を締結することについて,可決,民主クラブ,松野 優也,M016,賛成
D04,2,製造請負契約を締結することについて,可決,民主クラブ,山田 光昭,M018,賛成
D04,2,製造請負契約を締結することについて,可決,日本維新の会,横田 英樹,M019,賛成
D04,2,製造請負契約を締結することについて,可決,日本共産党,大西 由紀,M005,賛成
D04,3,高砂市市税条例の一部を改正する条例を定めることについて,可決,新政会,入江 啓太,M002,賛成
D04,3,高砂市市税条例の一部を改正する条例を定めることについて,可決,新政会,坂本 まり,M008,賛成
D04,3,高砂市市税条例の一部を改正する条例を定めることについて,可決,新政会,今竹 大祐,M003,注釈
D04,3,高砂市市税条例の一部を改正する条例を定めることについて,可決,新政会,川端 宏明,M006,賛成
D04,3,高砂市市税条例の一部を改正する条例を定めることについて,可決,新政会,島津 明香,M011,賛成
D04,3,高砂市市税条例の一部を改正する条例を定めることについて,可決,新政会,岩見 明,M004,賛成
D04,3,高砂市市税条例の一部を改正する条例を定めることについて,可決,新政会,藤森 誠,M015,賛成
D04,3,高砂市市税条例の一部を改正する条例を定めることについて,可決,公明党,迫川 高行,M009,賛成
D04,3,高砂市市税条例の一部を改正する条例を定めることについて,可決,公明党,春増 勝利,M014,賛成
D04,3,高砂市市税条例の一部を改正する条例を定めることについて,可決,公明党,森 秀樹,M017,賛成
D04,3,高砂市市税条例の一部を改正する条例を定めることについて,可決,明風会,石崎 徹,M001,賛成
D04,3,高砂市市税条例の一部を改正する条例を定めることについて,可決,明風会,鷹尾 治久,M013,賛成
D04,3,高砂市市税条例の一部を改正する条例を定めることについて,可決,明風会,芝本 鎮彰,M010,賛成
D04,3,高砂市市税条例の一部を改正する条例を定めることについて,可決,未来ネット,鈴木 利信,M012,賛成
D04,3,高砂市市税条例の一部を改正する条例を定めることについて,可決,未来ネット,北野 誠一郎,M007,賛成
D04,3,高砂市市税条例の一部を改正する条例を定めることについて,可決,民主クラブ,松野 優也,M016,賛成
D04,3,高砂市市税条例の一部を改正する条例を定めることについて,可決,民主クラブ,山田 光昭,M018,賛成
D04,3,高砂市市税条例の一部を改正する条例を定めることについて,可決,日本維新の会,横田 英樹,M019,賛成
D04,3,高砂市市税条例の一部を改正する条例を定めることについて,可決,日本共産党,大西 由紀,M005,賛成
D04,4,第1回令和5年度高砂市一般会計補正予算,可決,新政会,入江 啓太,M002,賛成
D04,4,第1回令和5年度高砂市一般会計補正予算,可決,新政会,坂本 まり,M008,賛成
D04,4,第1回令和5年度高砂市一般会計補正予算,可決,新政会,今竹 大祐,M003,注釈
D04,4,第1回令和5年度高砂市一般会計補正予算,可決,新政会,川端 宏明,M006,賛成
D04,4,第1回令和5年度高砂市一般会計補正予算,可決,新政会,島津 明香,M011,賛成
D04,4,第1回令和5年度高砂市一般会計補正予算,可決,新政会,岩見 明,M004,賛成
D04,4,第1回令和5年度高砂市一般会計補正予算,可決,新政会,藤森 誠,M015,賛成
D04,4,第1回令和5年度高砂市一般会計補正予算,可決,公明党,迫川 高行,M009,賛成
D04,4,第1回令和5年度高砂市一般会計補正予算,可決,公明党,春増 勝利,M014,賛成
D04,4,第1回令和5年度高砂市一般会計補正予算,可決,公明党,森 秀樹,M017,賛成
D04,4,第1回令和5年度高砂市一般会計補正予算,可決,明風会,石崎 徹,M001,賛成
D04,4,第1回令和5年度高砂市一般会計補正予算,可決,明風会,鷹尾 治久,M013,賛成
D04,4,第1回令和5年度高砂市一般会計補正予算,可決,明風会,芝本 鎮彰,M010,賛成
D04,4,第1回令和5年度高砂市一般会計補正予算,可決,未来ネット,鈴木 利信,M012,賛成
D04,4,第1回令和5年度高砂市一般会計補正予算,可決,未来ネット,北野 誠一郎,M007,賛成
D04,4,第1回令和5年度高砂市一般会計補正予算,可決,民主クラブ,松野 優也,M016,賛成
D04,4,第1回令和5年度高砂市一般会計補正予算,可決,民主クラブ,山田 光昭,M018,賛成
D04,4,第1回令和5年度高砂市一般会計補正予算,可決,日本維新の会,横田 英樹,M019,賛成
D04,4,第1回令和5年度高砂市一般会計補正予算,可決,日本共産党,大西 由紀,M005,賛成
D04,5,工事請負契約を締結することについて,可決,新政会,入江 啓太,M002,賛成
D04,5,工事請負契約を締結することについて,可決,新政会,坂本 まり,M008,賛成
D04,5,工事請負契約を締結することについて,可決,新政会,今竹 大祐,M003,注釈
D04,5,工事請負契約を締結することについて,可決,新政会,川端 宏明,M006,賛成
D04,5,工事請負契約を締結することについて,可決,新政会,島津 明香,M011,賛成
D04,5,工事請負契約を締結することについて,可決,新政会,岩見 明,M004,賛成
D04,5,工事請負契約を締結することについて,可決,新政会,藤森 誠,M015,賛成
D04,5,工事請負契約を締結することについて,可決,公明党,迫川 高行,M009,賛成
D04,5,工事請負契約を締結することについて,可決,公明党,春増 勝利,M014,賛成
D04,5,工事請負契約を締結することについて,可決,公明党,森 秀樹,M017,賛成
D04,5,工事請負契約を締結することについて,可決,明風会,石崎 徹,M001,賛成
D04,5,工事請負契約を締結することについて,可決,明風会,鷹尾 治久,M013,賛成
D04,5,工事請負契約を締結することについて,可決,明風会,芝本 鎮彰,M010,賛成
D04,5,工事請負契約を締結することについて,可決,未来ネット,鈴木 利信,M012,賛成
D04,5,工事請負契約を締結することについて,可決,未来ネット,北野 誠一郎,M007,賛成
D04,5,工事請負契約を締結することについて,可決,民主クラブ,松野 優也,M016,賛成
D04,5,工事請負契約を締結することについて,可決,民主クラブ,山田 光昭,M018,賛成
D04,5,工事請負契約を締結することについて,可決,日本維新の会,横田 英樹,M019,賛成
D04,5,工事請負契約を締結することについて,可決,日本共産党,大西 由紀,M005,反対
D04,6,国に対し、適格請求書等保存方式（インボイス制度）の延期・見直しを求める陳情書,不採択,新政会,入江 啓太,M002,反対
D04,6,国に対し、適格請求書等保存方式（インボイス制度）の延期・見直しを求める陳情書,不採択,新政会,坂本 まり,M008,反対
D04,6,国に対し、適格請求書等保存方式（インボイス制度）の延期・見直しを求める陳情書,不採択,新政会,今竹 大祐,M003,注釈
D04,6,国に対し、適格請求書等保存方式（インボイス制度）の延期・見直しを求める陳情書,不採択,新政会,川端 宏明,M006,反対
D04,6,国に対し、適格請求書等保存方式（インボイス制度）の延期・見直しを求める陳情書,不採択,新政会,島津 明香,M011,反対
D04,6,国に対し、適格請求書等保存方式（インボイス制度）の延期・見直しを求める陳情書,不採択,新政会,岩見 明,M004,反対
D04,6,国に対し、適格請求書等保存方式（インボイス制度）の延期・見直しを求める陳情書,不採択,新政会,藤森 誠,M015,反対
D04,6,国に対し、適格請求書等保存方式（インボイス制度）の延期・見直しを求める陳情書,不採択,公明党,迫川 高行,M009,反対
D04,6,国に対し、適格請求書等保存方式（インボイス制度）の延期・見直しを求める陳情書,不採択,公明党,春増 勝利,M014,反対
D04,6,国に対し、適格請求書等保存方式（インボイス制度）の延期・見直しを求める陳情書,不採択,公明党,森 秀樹,M017,反対
D04,6,国に対し、適格請求書等保存方式（インボイス制度）の延期・見直しを求める陳情書,不採択,明風会,石崎 徹,M001,反対
D04,6,国に対し、適格請求書等保存方式（インボイス制度）の延期・見直しを求める陳情書,不採択,明風会,鷹尾 治久,M013,反対
D04,6,国に対し、適格請求書等保存方式（インボイス制度）の延期・見直しを求める陳情書,不採択,明風会,芝本 鎮彰,M010,反対
D04,6,国に対し、適格請求書等保存方式（インボイス制度）の延期・見直しを求める陳情書,不採択,未来ネット,鈴木 利信,M012,反対
D04,6,国に対し、適格請求書等保存方式（インボイス制度）の延期・見直しを求める陳情書,不採択,未来ネット,北野 誠一郎,M007,反対
D04,6,国に対し、適格請求書等保存方式（インボイス制度）の延期・見直しを求める陳情書,不採択,民主クラブ,松野 優也,M016,反対
D04,6,国に対し、適格請求書等保存方式（インボイス制度）の延期・見直しを求める陳情書,不採択,民主クラブ,山田 光昭,M018,反対
D04,6,国に対し、適格請求書等保存方式（インボイス制度）の延期・見直しを求める陳情書,不採択,日本維新の会,横田 英樹,M019,反対
D04,6,国に対し、適格請求書等保存方式（インボイス制度）の延期・見直しを求める陳情書,不採択,日本共産党,大西 由紀,M005,賛成
D04,7,消費税インボイス制度（適格請求書等保存方式）の実施延期を求める陳情書,不採択,新政会,入江 啓太,M002,反対
D04,7,消費税インボイス制度（適格請求書等保存方式）の実施延期を求める陳情書,不採択,新政会,坂本 まり,M008,反対
D04,7,消費税インボイス制度（適格請求書等保存方式）の実施延期を求める陳情書,不採択,新政会,今竹 大祐,M003,注釈
D04,7,消費税インボイス制度（適格請求書等保存方式）の実施延期を求める陳情書,不採択,新政会,川端 宏明,M006,反対
D04,7,消費税インボイス制度（適格請求書等保存方式）の実施延期を求める陳情書,不採択,新政会,島津 明香,M011,反対
D04,7,消費税インボイス制度（適格請求書等保存方式）の実施延期を求める陳情書,不採択,新政会,岩見 明,M004,反対
D04,7,消費税インボイス制度（適格請求書等保存方式）の実施延期を求める陳情書,不採択,新政会,藤森 誠,M015,反対
D04,7,消費税インボイス制度（適格請求書等保存方式）の実施延期を求める陳情書,不採択,公明党,迫川 高行,M009,反対
D04,7,消費税インボイス制度（適格請求書等保存方式）の実施延期を求める陳情書,不採択,公明党,春増 勝利,M014,反対
D04,7,消費税インボイス制度（適格請求書等保存方式）の実施延期を求める陳情書,不採択,公明党,森 秀樹,M017,反対
D04,7,消費税インボイス制度（適格請求書等保存方式）の実施延期を求める陳情書,不採択,明風会,石崎 徹,M001,反対
D04,7,消費税インボイス制度（適格請求書等保存方式）の実施延期を求める陳情書,不採択,明風会,鷹尾 治久,M013,反対
D04,7,消費税インボイス制度（適格請求書等保存方式）の実施延期を求める陳情書,不採択,明風会,芝本 鎮彰,M010,反対
D04,7,消費税インボイス制度（適格請求書等保存方式）の実施延期を求める陳情書,不採択,未来ネット,鈴木 利信,M012,反対
D04,7,消費税インボイス制度（適格請求書等保存方式）の実施延期を求める陳情書,不採択,未来ネット,北野 誠一郎,M007,反対
D04,7,消費税インボイス制度（適格請求書等保存方式）の実施延期を求める陳情書,不採択,民主クラブ,松野 優也,M016,反対
D04,7,消費税インボイス制度（適格請求書等保存方式）の実施延期を求める陳情書,不採択,民主クラブ,山田 光昭,M018,反対
D04,7,消費税インボイス制度（適格請求書等保存方式）の実施延期を求める陳情書,不採択,日本維新の会,横田 英樹,M019,反対
D04,7,消費税インボイス制度（適格請求書等保存方式）の実施延期を求める陳情書,不採択,日本共産党,大西 由紀,M005,賛成
D04,8,日本全体で解決すべき問題として、普天間基地周辺の子どもたちを取り巻く空・水・土の安全の保障を求める陳情,不採択,新政会,入江 啓太,M002,反対
D04,8,日本全体で解決すべき問題として、普天間基地周辺の子どもたちを取り巻く空・水・土の安全の保障を求める陳情,不採択,新政会,坂本 まり,M008,反対
D04,8,日本全体で解決すべき問題として、普天間基地周辺の子どもたちを取り巻く空・水・土の安全の保障を求める陳情,不採択,新政会,今竹 大祐,M003,注釈
D04,8,日本全体で解決すべき問題として、普天間基地周辺の子どもたちを取り巻く空・水・土の安全の保障を求める陳情,不採択,新政会,川端 宏明,M006,反対
D04,8,日本全体で解決すべき問題として、普天間基地周辺の子どもたちを取り巻く空・水・土の安全の保障を求める陳情,不採択,新政会,島津 明香,M011,反対
D04,8,日本全体で解決すべき問題として、普天間基地周辺の子どもたちを取り巻く空・水・土の安全の保障を求める陳情,不採択,新政会,岩見 明,M004,反対
D04,8,日本全体で解決すべき問題として、普天間基地周辺の子どもたちを取り巻く空・水・土の安全の保障を求める陳情,不採択,新政会,藤森 誠,M015,反対
D04,8,日本全体で解決すべき問題として、普天間基地周辺の子どもたちを取り巻く空・水・土の安全の保障を求める陳情,不採択,公明党,迫川 高行,M009,反対
D04,8,日本全体で解決すべき問題として、普天間基地周辺の子どもたちを取り巻く空・水・土の安全の保障を求める陳情,不採択,公明党,春増 勝利,M014,反対
D04,8,日本全体で解決すべき問題として、普天間基地周辺の子どもたちを取り巻く空・水・土の安全の保障を求める陳情,不採択,公明党,森 秀樹,M017,反対
D04,8,日本全体で解決すべき問題として、普天間基地周辺の子どもたちを取り巻く空・水・土の安全の保障を求める陳情,不採択,明風会,石崎 徹,M001,反対
D04,8,日本全体で解決すべき問題として、普天間基地周辺の子どもたちを取り巻く空・水・土の安全の保障を求める陳情,不採択,明風会,鷹尾 治久,M013,反対
D04,8,日本全体で解決すべき問題として、普天間基地周辺の子どもたちを取り巻く空・水・土の安全の保障を求める陳情,不採択,明風会,芝本 鎮彰,M010,反対
D04,8,日本全体で解決すべき問題として、普天間基地周辺の子どもたちを取り巻く空・水・土の安全の保障を求める陳情,不採択,未来ネット,鈴木 利信,M012,賛成
D04,8,日本全体で解決すべき問題として、普天間基地周辺の子どもたちを取り巻く空・水・土の安全の保障を求める陳情,不採択,未来ネット,北野 誠一郎,M007,反対
D04,8,日本全体で解決すべき問題として、普天間基地周辺の子どもたちを取り巻く空・水・土の安全の保障を求める陳情,不採択,民主クラブ,松野 優也,M016,反対
D04,8,日本全体で解決すべき問題として、普天間基地周辺の子どもたちを取り巻く空・水・土の安全の保障を求める陳情,不採択,民主クラブ,山田 光昭,M018,反対
D04,8,日本全体で解決すべき問題として、普天間基地周辺の子どもたちを取り巻く空・水・土の安全の保障を求める陳情,不採択,日本維新の会,横田 英樹,M019,反対
D04,8,日本全体で解決すべき問題として、普天間基地周辺の子どもたちを取り巻く空・水・土の安全の保障を求める陳情,不採択,日本共産党,大西 由紀,M005,賛成
D04,8,日本全体で解決すべき問題として、普天間基地周辺の子どもたちを取り巻く空・水・土の安全の保障を求める陳情,不採択,新政会,入江 啓太,M002,賛成
D04,8,日本全体で解決すべき問題として、普天間基地周辺の子どもたちを取り巻く空・水・土の安全の保障を求める陳情,不採択,新政会,坂本 まり,M008,賛成
D04,8,日本全体で解決すべき問題として、普天間基地周辺の子どもたちを取り巻く空・水・土の安全の保障を求める陳情,不採択,新政会,今竹 大祐,M003,注釈
D04,8,日本全体で解決すべき問題として、普天間基地周辺の子どもたちを取り巻く空・水・土の安全の保障を求める陳情,不採択,新政会,川端 宏明,M006,賛成
D04,8,日本全体で解決すべき問題として、普天間基地周辺の子どもたちを取り巻く空・水・土の安全の保障を求める陳情,不採択,新政会,島津 明香,M011,賛成
D04,8,日本全体で解決すべき問題として、普天間基地周辺の子どもたちを取り巻く空・水・土の安全の保障を求める陳情,不採択,新政会,岩見 明,M004,賛成
D04,8,日本全体で解決すべき問題として、普天間基地周辺の子どもたちを取り巻く空・水・土の安全の保障を求める陳情,不採択,新政会,藤森 誠,M015,賛成
D04,8,日本全体で解決すべき問題として、普天間基地周辺の子どもたちを取り巻く空・水・土の安全の保障を求める陳情,不採択,公明党,迫川 高行,M009,賛成
D04,8,日本全体で解決すべき問題として、普天間基地周辺の子どもたちを取り巻く空・水・土の安全の保障を求める陳情,不採択,公明党,春増 勝利,M014,賛成
D04,8,日本全体で解決すべき問題として、普天間基地周辺の子どもたちを取り巻く空・水・土の安全の保障を求める陳情,不採択,公明党,森 秀樹,M017,賛成
D04,8,日本全体で解決すべき問題として、普天間基地周辺の子どもたちを取り巻く空・水・土の安全の保障を求める陳情,不採択,明風会,石崎 徹,M001,賛成
D04,8,日本全体で解決すべき問題として、普天間基地周辺の子どもたちを取り巻く空・水・土の安全の保障を求める陳情,不採択,明風会,鷹尾 治久,M013,賛成
D04,8,日本全体で解決すべき問題として、普天間基地周辺の子どもたちを取り巻く空・水・土の安全の保障を求める陳情,不採択,明風会,芝本 鎮彰,M010,賛成
D04,8,日本全体で解決すべき問題として、普天間基地周辺の子どもたちを取り巻く空・水・土の安全の保障を求める陳情,不採択,未来ネット,鈴木 利信,M012,賛成
D04,8,日本全体で解決すべき問題として、普天間基地周辺の子どもたちを取り巻く空・水・土の安全の保障を求める陳情,不採択,未来ネット,北野 誠一郎,M007,賛成
D04,8,日本全体で解決すべき問題として、普天間基地周辺の子どもたちを取り巻く空・水・土の安全の保障を求める陳情,不採択,民主クラブ,松野 優也,M016,賛成
D04,8,日本全体で解決すべき問題として、普天間基地周辺の子どもたちを取り巻く空・水・土の安全の保障を求める陳情,不採択,民主クラブ,山田 光昭,M018,賛成
D04,8,日本全体で解決すべき問題として、普天間基地周辺の子どもたちを取り巻く空・水・土の安全の保障を求める陳情,不採択,日本維新の会,横田 英樹,M019,賛成
D04,8,日本全体で解決すべき問題として、普天間基地周辺の子どもたちを取り巻く空・水・土の安全の保障を求める陳情,不採択,日本共産党,大西 由紀,M005,反対
D05,1,高砂市印鑑条例の一部を改正する条例を定めることについて,可決,新政会,入江 啓太,M002,賛成
D05,1,高砂市印鑑条例の一部を改正する条例を定めることについて,可決,新政会,坂本 まり,M008,賛成
D05,1,高砂市印鑑条例の一部を改正する条例を定めることについて,可決,新政会,川端 宏明,M006,賛成
D05,1,高砂市印鑑条例の一部を改正する条例を定めることについて,可決,新政会,島津 明香,M011,賛成
D05,1,高砂市印鑑条例の一部を改正する条例を定めることについて,可決,新政会,岩見 明,M004,賛成
D05,1,高砂市印鑑条例の一部を改正する条例を定めることについて,可決,新政会,今竹 大祐,M003,賛成
D05,1,高砂市印鑑条例の一部を改正する条例を定めることについて,可決,公明党,迫川 高行,M009,賛成
D05,1,高砂市印鑑条例の一部を改正する条例を定めることについて,可決,公明党,春増 勝利,M014,賛成
D05,1,高砂市印鑑条例の一部を改正する条例を定めることについて,可決,公明党,森 秀樹,M017,賛成
D05,1,高砂市印鑑条例の一部を改正する条例を定めることについて,可決,明風会,石崎 徹,M001,賛成
D05,1,高砂市印鑑条例の一部を改正する条例を定めることについて,可決,明風会,鷹尾 治久,M013,賛成
D05,1,高砂市印鑑条例の一部を改正する条例を定めることについて,可決,明風会,芝本 鎮彰,M010,賛成
D05,1,高砂市印鑑条例の一部を改正する条例を定めることについて,可決,未来ネット,鈴木 利信,M012,賛成
D05,1,高砂市印鑑条例の一部を改正する条例を定めることについて,可決,未来ネット,北野 誠一郎,M007,賛成
D05,1,高砂市印鑑条例の一部を改正する条例を定めることについて,可決,民主クラブ,山田 光昭,M018,賛成
D05,1,高砂市印鑑条例の一部を改正する条例を定めることについて,可決,民主クラブ,松野 優也,M016,賛成
D05,1,高砂市印鑑条例の一部を改正する条例を定めることについて,可決,日本維新の会,横田 英樹,M019,賛成
D05,1,高砂市印鑑条例の一部を改正する条例を定めることについて,可決,日本共産党,大西 由紀,M005,反対
D05,2,高砂市廃棄物の処理及び清掃に関する条例の一部を改正する条例を定めることについて,可決,新政会,入江 啓太,M002,賛成
D05,2,高砂市廃棄物の処理及び清掃に関する条例の一部を改正する条例を定めることについて,可決,新政会,坂本 まり,M008,賛成
D05,2,高砂市廃棄物の処理及び清掃に関する条例の一部を改正する条例を定めることについて,可決,新政会,川端 宏明,M006,賛成
D05,2,高砂市廃棄物の処理及び清掃に関する条例の一部を改正する条例を定めることについて,可決,新政会,島津 明香,M011,賛成
D05,2,高砂市廃棄物の処理及び清掃に関する条例の一部を改正する条例を定めることについて,可決,新政会,岩見 明,M004,賛成
D05,2,高砂市廃棄物の処理及び清掃に関する条例の一部を改正する条例を定めることについて,可決,新政会,今竹 大祐,M003,賛成
D05,2,高砂市廃棄物の処理及び清掃に関する条例の一部を改正する条例を定めることについて,可決,公明党,迫川 高行,M009,賛成
D05,2,高砂市廃棄物の処理及び清掃に関する条例の一部を改正する条例を定めることについて,可決,公明党,春増 勝利,M014,賛成
D05,2,高砂市廃棄物の処理及び清掃に関する条例の一部を改正する条例を定めることについて,可決,公明党,森 秀樹,M017,賛成
D05,2,高砂市廃棄物の処理及び清掃に関する条例の一部を改正する条例を定めることについて,可決,明風会,石崎 徹,M001,賛成
D05,2,高砂市廃棄物の処理及び清掃に関する条例の一部を改正する条例を定めることについて,可決,明風会,鷹尾 治久,M013,賛成
D05,2,高砂市廃棄物の処理及び清掃に関する条例の一部を改正する条例を定めることについて,可決,明風会,芝本 鎮彰,M010,賛成
D05,2,高砂市廃棄物の処理及び清掃に関する条例の一部を改正する条例を定めることについて,可決,未来ネット,鈴木 利信,M012,賛成
D05,2,高砂市廃棄物の処理及び清掃に関する条例の一部を改正する条例を定めることについて,可決,未来ネット,北野 誠一郎,M007,賛成
D05,2,高砂市廃棄物の処理及び清掃に関する条例の一部を改正する条例を定めることについて,可決,民主クラブ,山田 光昭,M018,賛成
D05,2,高砂市廃棄物の処理及び清掃に関する条例の一部を改正する条例を定めることについて,可決,民主クラブ,松野 優也,M016,賛成
D05,2,高砂市廃棄物の処理及び清掃に関する条例の一部を改正する条例を定めることについて,可決,日本維新の会,横田 英樹,M019,賛成
D05,2,高砂市廃棄物の処理及び清掃に関する条例の一部を改正する条例を定めることについて,可決,日本共産党,大西 由紀,M005,反対
D05,3,第3回令和5年度高砂市一般会計補正予算,可決,新政会,入江 啓太,M002,賛成
D05,3,第3回令和5年度高砂市一般会計補正予算,可決,新政会,坂本 まり,M008,賛成
D05,3,第3回令和5年度高砂市一般会計補正予算,可決,新政会,川端 宏明,M006,賛成
D05,3,第3回令和5年度高砂市一般会計補正予算,可決,新政会,島津 明香,M011,賛成
D05,3,第3回令和5年度高砂市一般会計補正予算,可決,新政会,岩見 明,M004,賛成
D05,3,第3回令和5年度高砂市一般会計補正予算,可決,新政会,今竹 大祐,M003,賛成
D05,3,第3回令和5年度高砂市一般会計補正予算,可決,公明党,迫川 高行,M009,賛成
D05,3,第3回令和5年度高砂市一般会計補正予算,可決,公明党,春増 勝利,M014,賛成
D05,3,第3回令和5年度高砂市一般会計補正予算,可決,公明党,森 秀樹,M017,賛成
D05,3,第3回令和5年度高砂市一般会計補正予算,可決,明風会,石崎 徹,M001,賛成
D05,3,第3回令和5年度高砂市一般会計補正予算,可決,明風会,鷹尾 治久,M013,賛成
D05,3,第3回令和5年度高砂市一般会計補正予算,可決,明風会,芝本 鎮彰,M010,賛成
D05,3,第3回令和5年度高砂市一般会計補正予算,可決,未来ネット,鈴木 利信,M012,賛成
D05,3,第3回令和5年度高砂市一般会計補正予算,可決,未来ネット,北野 誠一郎,M007,賛成
D05,3,第3回令和5年度高砂市一般会計補正予算,可決,民主クラブ,山田 光昭,M018,賛成
D05,3,第3回令和5年度高砂市一般会計補正予算,可決,民主クラブ,松野 優也,M016,賛成
D05,3,第3回令和5年度高砂市一般会計補正予算,可決,日本維新の会,横田 英樹,M019,賛成
D05,3,第3回令和5年度高砂市一般会計補正予算,可決,日本共産党,大西 由紀,M005,反対
D05,4,第1回令和5年度高砂市後期高齢者医療事業特別会計補正予算,可決,新政会,入江 啓太,M002,賛成
D05,4,第1回令和5年度高砂市後期高齢者医療事業特別会計補正予算,可決,新政会,坂本 まり,M008,賛成
D05,4,第1回令和5年度高砂市後期高齢者医療事業特別会計補正予算,可決,新政会,川端 宏明,M006,賛成
D05,4,第1回令和5年度高砂市後期高齢者医療事業特別会計補正予算,可決,新政会,島津 明香,M011,賛成
D05,4,第1回令和5年度高砂市後期高齢者医療事業特別会計補正予算,可決,新政会,岩見 明,M004,賛成
D05,4,第1回令和5年度高砂市後期高齢者医療事業特別会計補正予算,可決,新政会,今竹 大祐,M003,賛成
D05,4,第1回令和5年度高砂市後期高齢者医療事業特別会計補正予算,可決,公明党,迫川 高行,M009,賛成
D05,4,第1回令和5年度高砂市後期高齢者医療事業特別会計補正予算,可決,公明党,春増 勝利,M014,賛成
D05,4,第1回令和5年度高砂市後期高齢者医療事業特別会計補正予算,可決,公明党,森 秀樹,M017,賛成
D05,4,第1回令和5年度高砂市後期高齢者医療事業特別会計補正予算,可決,明風会,石崎 徹,M001,賛成
D05,4,第1回令和5年度高砂市後期高齢者医療事業特別会計補正予算,可決,明風会,鷹尾 治久,M013,賛成
D05,4,第1回令和5年度高砂市後期高齢者医療事業特別会計補正予算,可決,明風会,芝本 鎮彰,M010,賛成
D05,4,第1回令和5年度高砂市後期高齢者医療事業特別会計補正予算,可決,未来ネット,鈴木 利信,M012,賛成
D05,4,第1回令和5年度高砂市後期高齢者医療事業特別会計補正予算,可決,未来ネット,北野 誠一郎,M007,賛成
D05,4,第1回令和5年度高砂市後期高齢者医療事業特別会計補正予算,可決,民主クラブ,山田 光昭,M018,賛成
D05,4,第1回令和5年度高砂市後期高齢者医療事業特別会計補正予算,可決,民主クラブ,松野 優也,M016,賛成
D05,4,第1回令和5年度高砂市後期高齢者医療事業特別会計補正予算,可決,日本維新の会,横田 英樹,M019,賛成
D05,4,第1回令和5年度高砂市後期高齢者医療事業特別会計補正予算,可決,日本共産党,大西 由紀,M005,反対
D05,5,第1回令和5年度高砂市介護保険事業特別会計補正予算,可決,新政会,入江 啓太,M002,賛成
D05,5,第1回令和5年度高砂市介護保険事業特別会計補正予算,可決,新政会,坂本 まり,M008,賛成
D05,5,第1回令和5年度高砂市介護保険事業特別会計補正予算,可決,新政会,川端 宏明,M006,賛成
D05,5,第1回令和5年度高砂市介護保険事業特別会計補正予算,可決,新政会,島津 明香,M011,賛成
D05,5,第1回令和5年度高砂市介護保険事業特別会計補正予算,可決,新政会,岩見 明,M004,賛成
D05,5,第1回令和5年度高砂市介護保険事業特別会計補正予算,可決,新政会,今竹 大祐,M003,賛成
D05,5,第1回令和5年度高砂市介護保険事業特別会計補正予算,可決,公明党,迫川 高行,M009,賛成
D05,5,第1回令和5年度高砂市介護保険事業特別会計補正予算,可決,公明党,春増 勝利,M014,賛成
D05,5,第1回令和5年度高砂市介護保険事業特別会計補正予算,可決,公明党,森 秀樹,M017,賛成
D05,5,第1回令和5年度高砂市介護保険事業特別会計補正予算,可決,明風会,石崎 徹,M001,賛成
D05,5,第1回令和5年度高砂市介護保険事業特別会計補正予算,可決,明風会,鷹尾 治久,M013,賛成
D05,5,第1回令和5年度高砂市介護保険事業特別会計補正予算,可決,明風会,芝本 鎮彰,M010,賛成
D05,5,第1回令和5年度高砂市介護保険事業特別会計補正予算,可決,未来ネット,鈴木 利信,M012,賛成
D05,5,第1回令和5年度高砂市介護保険事業特別会計補正予算,可決,未来ネット,北野 誠一郎,M007,賛成
D05,5,第1回令和5年度高砂市介護保険事業特別会計補正予算,可決,民主クラブ,山田 光昭,M018,賛成
D05,5,第1回令和5年度高砂市介護保険事業特別会計補正予算,可決,民主クラブ,松野 優也,M016,賛成
D05,5,第1回令和5年度高砂市介護保険事業特別会計補正予算,可決,日本維新の会,横田 英樹,M019,賛成
D05,5,第1回令和5年度高砂市介護保険事業特別会計補正予算,可決,日本共産党,大西 由紀,M005,反対
D05,5,第1回令和5年度高砂市介護保険事業特別会計補正予算,可決,新政会,入江 啓太,M002,賛成
D05,5,第1回令和5年度高砂市介護保険事業特別会計補正予算,可決,新政会,坂本 まり,M008,賛成
D05,5,第1回令和5年度高砂市介護保険事業特別会計補正予算,可決,新政会,川端 宏明,M006,賛成
D05,5,第1回令和5年度高砂市介護保険事業特別会計補正予算,可決,新政会,島津 明香,M011,賛成
D05,5,第1回令和5年度高砂市介護保険事業特別会計補正予算,可決,新政会,岩見 明,M004,賛成
D05,5,第1回令和5年度高砂市介護保険事業特別会計補正予算,可決,新政会,今竹 大祐,M003,賛成
D05,5,第1回令和5年度高砂市介護保険事業特別会計補正予算,可決,公明党,迫川 高行,M009,賛成
D05,5,第1回令和5年度高砂市介護保険事業特別会計補正予算,可決,公明党,春増 勝利,M014,賛成
D05,5,第1回令和5年度高砂市介護保険事業特別会計補正予算,可決,公明党,森 秀樹,M017,賛成
D05,5,第1回令和5年度高砂市介護保険事業特別会計補正予算,可決,明風会,石崎 徹,M001,賛成
D05,5,第1回令和5年度高砂市介護保険事業特別会計補正予算,可決,明風会,鷹尾 治久,M013,賛成
D05,5,第1回令和5年度高砂市介護保険事業特別会計補正予算,可決,明風会,芝本 鎮彰,M010,賛成
D05,5,第1回令和5年度高砂市介護保険事業特別会計補正予算,可決,未来ネット,鈴木 利信,M012,賛成
D05,5,第1回令和5年度高砂市介護保険事業特別会計補正予算,可決,未来ネット,北野 誠一郎,M007,賛成
D05,5,第1回令和5年度高砂市介護保険事業特別会計補正予算,可決,民主クラブ,山田 光昭,M018,賛成
D05,5,第1回令和5年度高砂市介護保険事業特別会計補正予算,可決,民主クラブ,松野 優也,M016,賛成
D05,5,第1回令和5年度高砂市介護保険事業特別会計補正予算,可決,日本維新の会,横田 英樹,M019,賛成
D05,5,第1回令和5年度高砂市介護保険事業特別会計補正予算,可決,日本共産党,大西 由紀,M005,反対
D05,5,第1回令和5年度高砂市介護保険事業特別会計補正予算,可決,新政会,入江 啓太,M002,賛成
D05,5,第1回令和5年度高砂市介護保険事業特別会計補正予算,可決,新政会,坂本 まり,M008,賛成
D05,5,第1回令和5年度高砂市介護保険事業特別会計補正予算,可決,新政会,川端 宏明,M006,賛成
D05,5,第1回令和5年度高砂市介護保険事業特別会計補正予算,可決,新政会,島津 明香,M011,賛成
D05,5,第1回令和5年度高砂市介護保険事業特別会計補正予算,可決,新政会,岩見 明,M004,賛成
D05,5,第1回令和5年度高砂市介護保険事業特別会計補正予算,可決,新政会,今竹 大祐,M003,賛成
D05,5,第1回令和5年度高砂市介護保険事業特別会計補正予算,可決,公明党,迫川 高行,M009,賛成
D05,5,第1回令和5年度高砂市介護保険事業特別会計補正予算,可決,公明党,春増 勝利,M014,賛成
D05,5,第1回令和5年度高砂市介護保険事業特別会計補正予算,可決,公明党,森 秀樹,M017,賛成
D05,5,第1回令和5年度高砂市介護保険事業特別会計補正予算,可決,明風会,石崎 徹,M001,賛成
D05,5,第1回令和5年度高砂市介護保険事業特別会計補正予算,可決,明風会,鷹尾 治久,M013,賛成
D05,5,第1回令和5年度高砂市介護保険事業特別会計補正予算,可決,明風会,芝本 鎮彰,M010,賛成
D05,5,第1回令和5年度高砂市介護保険事業特別会計補正予算,可決,未来ネット,鈴木 利信,M012,賛成
D05,5,第1回令和5年度高砂市介護保険事業特別会計補正予算,可決,未来ネット,北野 誠一郎,M007,賛成
D05,5,第1回令和5年度高砂市介護保険事業特別会計補正予算,可決,民主クラブ,山田 光昭,M018,賛成
D05,5,第1回令和5年度高砂市介護保険事業特別会計補正予算,可決,民主クラブ,松野 優也,M016,賛成
D05,5,第1回令和5年度高砂市介護保険事業特別会計補正予算,可決,日本維新の会,横田 英樹,M019,賛成
D05,5,第1回令和5年度高砂市介護保険事業特別会計補正予算,可決,日本共産党,大西 由紀,M005,反対
D06,1,指定管理者の指定について（高砂市文化会館）,可決,新政会,入江 啓太,M002,賛成
D06,1,指定管理者の指定について（高砂市文化会館）,可決,新政会,坂本 まり,M008,賛成
D06,1,指定管理者の指定について（高砂市文化会館）,可決,新政会,川端 宏明,M006,賛成
D06,1,指定管理者の指定について（高砂市文化会館）,可決,新政会,島津 明香,M011,賛成
D06,1,指定管理者の指定について（高砂市文化会館）,可決,新政会,岩見 明,M004,賛成
D06,1,指定管理者の指定について（高砂市文化会館）,可決,新政会,今竹 大祐,M003,賛成
D06,1,指定管理者の指定について（高砂市文化会館）,可決,公明党,迫川 高行,M009,賛成
D06,1,指定管理者の指定について（高砂市文化会館）,可決,公明党,春増 勝利,M014,賛成
D06,1,指定管理者の指定について（高砂市文化会館）,可決,公明党,森 秀樹,M017,賛成
D06,1,指定管理者の指定について（高砂市文化会館）,可決,石崎  徹 賛成,鷹尾 治久,M013,賛成
D06,1,指定管理者の指定について（高砂市文化会館）,可決,石崎  徹 賛成,芝本 鎮彰,M010,賛成
D06,1,指定管理者の指定について（高砂市文化会館）,可決,未来ネット,鈴木 利信,M012,賛成
D06,1,指定管理者の指定について（高砂市文化会館）,可決,未来ネット,北野 誠一郎,M007,賛成
D06,1,指定管理者の指定について（高砂市文化会館）,可決,民主クラブ,山田 光昭,M018,賛成
D06,1,指定管理者の指定について（高砂市文化会館）,可決,民主クラブ,松野 優也,M016,賛成
D06,1,指定管理者の指定について（高砂市文化会館）,可決,日本維新の会,横田 英樹,M019,賛成
D06,1,指定管理者の指定について（高砂市文化会館）,可決,日本共産党,大西 由紀,M005,反対
D06,2,指定管理者の指定について（高砂市民プール）,可決,新政会,入江 啓太,M002,賛成
D06,2,指定管理者の指定について（高砂市民プール）,可決,新政会,坂本 まり,M008,賛成
D06,2,指定管理者の指定について（高砂市民プール）,可決,新政会,川端 宏明,M006,賛成
D06,2,指定管理者の指定について（高砂市民プール）,可決,新政会,島津 明香,M011,賛成
D06,2,指定管理者の指定について（高砂市民プール）,可決,新政会,岩見 明,M004,賛成
D06,2,指定管理者の指定について（高砂市民プール）,可決,新政会,今竹 大祐,M003,賛成
D06,2,指定管理者の指定について（高砂市民プール）,可決,公明党,迫川 高行,M009,賛成
D06,2,指定管理者の指定について（高砂市民プール）,可決,公明党,春増 勝利,M014,賛成
D06,2,指定管理者の指定について（高砂市民プール）,可決,公明党,森 秀樹,M017,賛成
D06,2,指定管理者の指定について（高砂市民プール）,可決,石崎  徹 賛成,鷹尾 治久,M013,賛成
D06,2,指定管理者の指定について（高砂市民プール）,可決,石崎  徹 賛成,芝本 鎮彰,M010,賛成
D06,2,指定管理者の指定について（高砂市民プール）,可決,未来ネット,鈴木 利信,M012,賛成
D06,2,指定管理者の指定について（高砂市民プール）,可決,未来ネット,北野 誠一郎,M007,賛成
D06,2,指定管理者の指定について（高砂市民プール）,可決,民主クラブ,山田 光昭,M018,賛成
D06,2,指定管理者の指定について（高砂市民プール）,可決,民主クラブ,松野 優也,M016,賛成
D06,2,指定管理者の指定について（高砂市民プール）,可決,日本維新の会,横田 英樹,M019,賛成
D06,2,指定管理者の指定について（高砂市民プール）,可決,日本共産党,大西 由紀,M005,反対
D06,3,指定管理者の指定について（高砂市ユーアイ福祉交流センター）,可決,新政会,入江 啓太,M002,賛成
D06,3,指定管理者の指定について（高砂市ユーアイ福祉交流センター）,可決,新政会,坂本 まり,M008,賛成
D06,3,指定管理者の指定について（高砂市ユーアイ福祉交流センター）,可決,新政会,川端 宏明,M006,賛成
D06,3,指定管理者の指定について（高砂市ユーアイ福祉交流センター）,可決,新政会,島津 明香,M011,賛成
D06,3,指定管理者の指定について（高砂市ユーアイ福祉交流センター）,可決,新政会,岩見 明,M004,賛成
D06,3,指定管理者の指定について（高砂市ユーアイ福祉交流センター）,可決,新政会,今竹 大祐,M003,賛成
D06,3,指定管理者の指定について（高砂市ユーアイ福祉交流センター）,可決,公明党,迫川 高行,M009,賛成
D06,3,指定管理者の指定について（高砂市ユーアイ福祉交流センター）,可決,公明党,春増 勝利,M014,賛成
D06,3,指定管理者の指定について（高砂市ユーアイ福祉交流センター）,可決,公明党,森 秀樹,M017,賛成
D06,3,指定管理者の指定について（高砂市ユーアイ福祉交流センター）,可決,石崎  徹 賛成,鷹尾 治久,M013,賛成
D06,3,指定管理者の指定について（高砂市ユーアイ福祉交流センター）,可決,石崎  徹 賛成,芝本 鎮彰,M010,賛成
D06,3,指定管理者の指定について（高砂市ユーアイ福祉交流センター）,可決,未来ネット,鈴木 利信,M012,賛成
D06,3,指定管理者の指定について（高砂市ユーアイ福祉交流センター）,可決,未来ネット,北野 誠一郎,M007,賛成
D06,3,指定管理者の指定について（高砂市ユーアイ福祉交流センター）,可決,民主クラブ,山田 光昭,M018,賛成
D06,3,指定管理者の指定について（高砂市ユーアイ福祉交流センター）,可決,民主クラブ,松野 優也,M016,賛成
D06,3,指定管理者の指定について（高砂市ユーアイ福祉交流センター）,可決,日本維新の会,横田 英樹,M019,賛成
D06,3,指定管理者の指定について（高砂市ユーアイ福祉交流センター）,可決,日本共産党,大西 由紀,M005,反対
D06,4,高砂市会計年度任用職員の給与等に関する条例の一部を改正する条例を定めることについて,可決,新政会,入江 啓太,M002,賛成
D06,4,高砂市会計年度任用職員の給与等に関する条例の一部を改正する条例を定めることについて,可決,新政会,坂本 まり,M008,賛成
D06,4,高砂市会計年度任用職員の給与等に関する条例の一部を改正する条例を定めることについて,可決,新政会,川端 宏明,M006,賛成
D06,4,高砂市会計年度任用職員の給与等に関する条例の一部を改正する条例を定めることについて,可決,新政会,島津 明香,M011,賛成
D06,4,高砂市会計年度任用職員の給与等に関する条例の一部を改正する条例を定めることについて,可決,新政会,岩見 明,M004,賛成
D06,4,高砂市会計年度任用職員の給与等に関する条例の一部を改正する条例を定めることについて,可決,新政会,今竹 大祐,M003,賛成
D06,4,高砂市会計年度任用職員の給与等に関する条例の一部を改正する条例を定めることについて,可決,公明党,迫川 高行,M009,賛成
D06,4,高砂市会計年度任用職員の給与等に関する条例の一部を改正する条例を定めることについて,可決,公明党,春増 勝利,M014,賛成
D06,4,高砂市会計年度任用職員の給与等に関する条例の一部を改正する条例を定めることについて,可決,公明党,森 秀樹,M017,賛成
D06,4,高砂市会計年度任用職員の給与等に関する条例の一部を改正する条例を定めることについて,可決,石崎  徹 賛成,鷹尾 治久,M013,賛成
D06,4,高砂市会計年度任用職員の給与等に関する条例の一部を改正する条例を定めることについて,可決,石崎  徹 賛成,芝本 鎮彰,M010,賛成
D06,4,高砂市会計年度任用職員の給与等に関する条例の一部を改正する条例を定めることについて,可決,未来ネット,鈴木 利信,M012,賛成
D06,4,高砂市会計年度任用職員の給与等に関する条例の一部を改正する条例を定めることについて,可決,未来ネット,北野 誠一郎,M007,賛成
D06,4,高砂市会計年度任用職員の給与等に関する条例の一部を改正する条例を定めることについて,可決,民主クラブ,山田 光昭,M018,賛成
D06,4,高砂市会計年度任用職員の給与等に関する条例の一部を改正する条例を定めることについて,可決,民主クラブ,松野 優也,M016,賛成
D06,4,高砂市会計年度任用職員の給与等に関する条例の一部を改正する条例を定めることについて,可決,日本維新の会,横田 英樹,M019,賛成
D06,4,高砂市会計年度任用職員の給与等に関する条例の一部を改正する条例を定めることについて,可決,日本共産党,大西 由紀,M005,反対
D06,5,高砂市地域交流センター条例を定めることについて,可決,新政会,入江 啓太,M002,賛成
D06,5,高砂市地域交流センター条例を定めることについて,可決,新政会,坂本 まり,M008,賛成
D06,5,高砂市地域交流センター条例を定めることについて,可決,新政会,川端 宏明,M006,賛成
D06,5,高砂市地域交流センター条例を定めることについて,可決,新政会,島津 明香,M011,賛成
D06,5,高砂市地域交流センター条例を定めることについて,可決,新政会,岩見 明,M004,賛成
D06,5,高砂市地域交流センター条例を定めることについて,可決,新政会,今竹 大祐,M003,賛成
D06,5,高砂市地域交流センター条例を定めることについて,可決,公明党,迫川 高行,M009,賛成
D06,5,高砂市地域交流センター条例を定めることについて,可決,公明党,春増 勝利,M014,賛成
D06,5,高砂市地域交流センター条例を定めることについて,可決,公明党,森 秀樹,M017,賛成
D06,5,高砂市地域交流センター条例を定めることについて,可決,石崎  徹 賛成,鷹尾 治久,M013,賛成
D06,5,高砂市地域交流センター条例を定めることについて,可決,石崎  徹 賛成,芝本 鎮彰,M010,賛成
D06,5,高砂市地域交流センター条例を定めることについて,可決,未来ネット,鈴木 利信,M012,賛成
D06,5,高砂市地域交流センター条例を定めることについて,可決,未来ネット,北野 誠一郎,M007,賛成
D06,5,高砂市地域交流センター条例を定めることについて,可決,民主クラブ,山田 光昭,M018,賛成
D06,5,高砂市地域交流センター条例を定めることについて,可決,民主クラブ,松野 優也,M016,賛成
D06,5,高砂市地域交流センター条例を定めることについて,可決,日本維新の会,横田 英樹,M019,賛成
D06,5,高砂市地域交流センター条例を定めることについて,可決,日本共産党,大西 由紀,M005,反対
D06,6,高砂市市民サービスコーナー及び市民コーナー設置条例の一部を改正する条例を定めることについて,可決,新政会,入江 啓太,M002,賛成
D06,6,高砂市市民サービスコーナー及び市民コーナー設置条例の一部を改正する条例を定めることについて,可決,新政会,坂本 まり,M008,賛成
D06,6,高砂市市民サービスコーナー及び市民コーナー設置条例の一部を改正する条例を定めることについて,可決,新政会,川端 宏明,M006,賛成
D06,6,高砂市市民サービスコーナー及び市民コーナー設置条例の一部を改正する条例を定めることについて,可決,新政会,島津 明香,M011,賛成
D06,6,高砂市市民サービスコーナー及び市民コーナー設置条例の一部を改正する条例を定めることについて,可決,新政会,岩見 明,M004,賛成
D06,6,高砂市市民サービスコーナー及び市民コーナー設置条例の一部を改正する条例を定めることについて,可決,新政会,今竹 大祐,M003,賛成
D06,6,高砂市市民サービスコーナー及び市民コーナー設置条例の一部を改正する条例を定めることについて,可決,公明党,迫川 高行,M009,賛成
D06,6,高砂市市民サービスコーナー及び市民コーナー設置条例の一部を改正する条例を定めることについて,可決,公明党,春増 勝利,M014,賛成
D06,6,高砂市市民サービスコーナー及び市民コーナー設置条例の一部を改正する条例を定めることについて,可決,公明党,森 秀樹,M017,賛成
D06,6,高砂市市民サービスコーナー及び市民コーナー設置条例の一部を改正する条例を定めることについて,可決,石崎  徹 賛成,鷹尾 治久,M013,賛成
D06,6,高砂市市民サービスコーナー及び市民コーナー設置条例の一部を改正する条例を定めることについて,可決,石崎  徹 賛成,芝本 鎮彰,M010,賛成
D06,6,高砂市市民サービスコーナー及び市民コーナー設置条例の一部を改正する条例を定めることについて,可決,未来ネット,鈴木 利信,M012,賛成
D06,6,高砂市市民サービスコーナー及び市民コーナー設置条例の一部を改正する条例を定めることについて,可決,未来ネット,北野 誠一郎,M007,賛成
D06,6,高砂市市民サービスコーナー及び市民コーナー設置条例の一部を改正する条例を定めることについて,可決,民主クラブ,山田 光昭,M018,賛成
D06,6,高砂市市民サービスコーナー及び市民コーナー設置条例の一部を改正する条例を定めることについて,可決,民主クラブ,松野 優也,M016,賛成
D06,6,高砂市市民サービスコーナー及び市民コーナー設置条例の一部を改正する条例を定めることについて,可決,日本維新の会,横田 英樹,M019,賛成
D06,6,高砂市市民サービスコーナー及び市民コーナー設置条例の一部を改正する条例を定めることについて,可決,日本共産党,大西 由紀,M005,反対
D06,7,高砂市立幼保連携型認定こども園条例の一部を改正する等の条例を定めることについて,可決,新政会,入江 啓太,M002,賛成
D06,7,高砂市立幼保連携型認定こども園条例の一部を改正する等の条例を定めることについて,可決,新政会,坂本 まり,M008,賛成
D06,7,高砂市立幼保連携型認定こども園条例の一部を改正する等の条例を定めることについて,可決,新政会,川端 宏明,M006,賛成
D06,7,高砂市立幼保連携型認定こども園条例の一部を改正する等の条例を定めることについて,可決,新政会,島津 明香,M011,賛成
D06,7,高砂市立幼保連携型認定こども園条例の一部を改正する等の条例を定めることについて,可決,新政会,岩見 明,M004,賛成
D06,7,高砂市立幼保連携型認定こども園条例の一部を改正する等の条例を定めることについて,可決,新政会,今竹 大祐,M003,賛成
D06,7,高砂市立幼保連携型認定こども園条例の一部を改正する等の条例を定めることについて,可決,公明党,迫川 高行,M009,賛成
D06,7,高砂市立幼保連携型認定こども園条例の一部を改正する等の条例を定めることについて,可決,公明党,春増 勝利,M014,賛成
D06,7,高砂市立幼保連携型認定こども園条例の一部を改正する等の条例を定めることについて,可決,公明党,森 秀樹,M017,賛成
D06,7,高砂市立幼保連携型認定こども園条例の一部を改正する等の条例を定めることについて,可決,石崎  徹 賛成,鷹尾 治久,M013,賛成
D06,7,高砂市立幼保連携型認定こども園条例の一部を改正する等の条例を定めることについて,可決,石崎  徹 賛成,芝本 鎮彰,M010,賛成
D06,7,高砂市立幼保連携型認定こども園条例の一部を改正する等の条例を定めることについて,可決,未来ネット,鈴木 利信,M012,賛成
D06,7,高砂市立幼保連携型認定こども園条例の一部を改正する等の条例を定めることについて,可決,未来ネット,北野 誠一郎,M007,賛成
D06,7,高砂市立幼保連携型認定こども園条例の一部を改正する等の条例を定めることについて,可決,民主クラブ,山田 光昭,M018,賛成
D06,7,高砂市立幼保連携型認定こども園条例の一部を改正する等の条例を定めることについて,可決,民主クラブ,松野 優也,M016,賛成
D06,7,高砂市立幼保連携型認定こども園条例の一部を改正する等の条例を定めることについて,可決,日本維新の会,横田 英樹,M019,賛成
D06,7,高砂市立幼保連携型認定こども園条例の一部を改正する等の条例を定めることについて,可決,日本共産党,大西 由紀,M005,反対
D06,8,高砂市福祉総合相談センター条例を定めることについて,可決,新政会,入江 啓太,M002,賛成
D06,8,高砂市福祉総合相談センター条例を定めることについて,可決,新政会,坂本 まり,M008,賛成
D06,8,高砂市福祉総合相談センター条例を定めることについて,可決,新政会,川端 宏明,M006,賛成
D06,8,高砂市福祉総合相談センター条例を定めることについて,可決,新政会,島津 明香,M011,賛成
D06,8,高砂市福祉総合相談センター条例を定めることについて,可決,新政会,岩見 明,M004,賛成
D06,8,高砂市福祉総合相談センター条例を定めることについて,可決,新政会,今竹 大祐,M003,賛成
D06,8,高砂市福祉総合相談センター条例を定めることについて,可決,公明党,迫川 高行,M009,賛成
D06,8,高砂市福祉総合相談センター条例を定めることについて,可決,公明党,春増 勝利,M014,賛成
D06,8,高砂市福祉総合相談センター条例を定めることについて,可決,公明党,森 秀樹,M017,賛成
D06,8,高砂市福祉総合相談センター条例を定めることについて,可決,石崎  徹 賛成,鷹尾 治久,M013,賛成
D06,8,高砂市福祉総合相談センター条例を定めることについて,可決,石崎  徹 賛成,芝本 鎮彰,M010,賛成
D06,8,高砂市福祉総合相談センター条例を定めることについて,可決,未来ネット,鈴木 利信,M012,賛成
D06,8,高砂市福祉総合相談センター条例を定めることについて,可決,未来ネット,北野 誠一郎,M007,賛成
D06,8,高砂市福祉総合相談センター条例を定めることについて,可決,民主クラブ,山田 光昭,M018,賛成
D06,8,高砂市福祉総合相談センター条例を定めることについて,可決,民主クラブ,松野 優也,M016,賛成
D06,8,高砂市福祉総合相談センター条例を定めることについて,可決,日本維新の会,横田 英樹,M019,賛成
D06,8,高砂市福祉総合相談センター条例を定めることについて,可決,日本共産党,大西 由紀,M005,反対
D06,9,高砂市立公民館条例を廃止する条例を定めることについて,可決,新政会,入江 啓太,M002,賛成
D06,9,高砂市立公民館条例を廃止する条例を定めることについて,可決,新政会,坂本 まり,M008,賛成
D06,9,高砂市立公民館条例を廃止する条例を定めることについて,可決,新政会,川端 宏明,M006,賛成
D06,9,高砂市立公民館条例を廃止する条例を定めることについて,可決,新政会,島津 明香,M011,賛成
D06,9,高砂市立公民館条例を廃止する条例を定めることについて,可決,新政会,岩見 明,M004,賛成
D06,9,高砂市立公民館条例を廃止する条例を定めることについて,可決,新政会,今竹 大祐,M003,賛成
D06,9,高砂市立公民館条例を廃止する条例を定めることについて,可決,公明党,迫川 高行,M009,賛成
D06,9,高砂市立公民館条例を廃止する条例を定めることについて,可決,公明党,春増 勝利,M014,賛成
D06,9,高砂市立公民館条例を廃止する条例を定めることについて,可決,公明党,森 秀樹,M017,賛成
D06,9,高砂市立公民館条例を廃止する条例を定めることについて,可決,石崎  徹 賛成,鷹尾 治久,M013,賛成
D06,9,高砂市立公民館条例を廃止する条例を定めることについて,可決,石崎  徹 賛成,芝本 鎮彰,M010,賛成
D06,9,高砂市立公民館条例を廃止する条例を定めることについて,可決,未来ネット,鈴木 利信,M012,賛成
D06,9,高砂市立公民館条例を廃止する条例を定めることについて,可決,未来ネット,北野 誠一郎,M007,賛成
D06,9,高砂市立公民館条例を廃止する条例を定めることについて,可決,民主クラブ,山田 光昭,M018,賛成
D06,9,高砂市立公民館条例を廃止する条例を定めることについて,可決,民主クラブ,松野 優也,M016,賛成
D06,9,高砂市立公民館条例を廃止する条例を定めることについて,可決,日本維新の会,横田 英樹,M019,賛成
D06,9,高砂市立公民館条例を廃止する条例を定めることについて,可決,日本共産党,大西 由紀,M005,反対
D06,10,高砂市水道事業給水条例の一部を改正する条例を定めることについて,可決,新政会,入江 啓太,M002,賛成
D06,10,高砂市水道事業給水条例の一部を改正する条例を定めることについて,可決,新政会,坂本 まり,M008,賛成
D06,10,高砂市水道事業給水条例の一部を改正する条例を定めることについて,可決,新政会,川端 宏明,M006,賛成
D06,10,高砂市水道事業給水条例の一部を改正する条例を定めることについて,可決,新政会,島津 明香,M011,賛成
D06,10,高砂市水道事業給水条例の一部を改正する条例を定めることについて,可決,新政会,岩見 明,M004,賛成
D06,10,高砂市水道事業給水条例の一部を改正する条例を定めることについて,可決,新政会,今竹 大祐,M003,賛成
D06,10,高砂市水道事業給水条例の一部を改正する条例を定めることについて,可決,公明党,迫川 高行,M009,賛成
D06,10,高砂市水道事業給水条例の一部を改正する条例を定めることについて,可決,公明党,春増 勝利,M014,賛成
D06,10,高砂市水道事業給水条例の一部を改正する条例を定めることについて,可決,公明党,森 秀樹,M017,賛成
D06,10,高砂市水道事業給水条例の一部を改正する条例を定めることについて,可決,石崎  徹 賛成,鷹尾 治久,M013,賛成
D06,10,高砂市水道事業給水条例の一部を改正する条例を定めることについて,可決,石崎  徹 賛成,芝本 鎮彰,M010,賛成
D06,10,高砂市水道事業給水条例の一部を改正する条例を定めることについて,可決,未来ネット,鈴木 利信,M012,賛成
D06,10,高砂市水道事業給水条例の一部を改正する条例を定めることについて,可決,未来ネット,北野 誠一郎,M007,賛成
D06,10,高砂市水道事業給水条例の一部を改正する条例を定めることについて,可決,民主クラブ,山田 光昭,M018,賛成
D06,10,高砂市水道事業給水条例の一部を改正する条例を定めることについて,可決,民主クラブ,松野 優也,M016,賛成
D06,10,高砂市水道事業給水条例の一部を改正する条例を定めることについて,可決,日本維新の会,横田 英樹,M019,賛成
D06,10,高砂市水道事業給水条例の一部を改正する条例を定めることについて,可決,日本共産党,大西 由紀,M005,反対
D06,11,第7回令和5年度高砂市一般会計補正予算,可決,新政会,入江 啓太,M002,賛成
D06,11,第7回令和5年度高砂市一般会計補正予算,可決,新政会,坂本 まり,M008,賛成
D06,11,第7回令和5年度高砂市一般会計補正予算,可決,新政会,川端 宏明,M006,賛成
D06,11,第7回令和5年度高砂市一般会計補正予算,可決,新政会,島津 明香,M011,賛成
D06,11,第7回令和5年度高砂市一般会計補正予算,可決,新政会,岩見 明,M004,賛成
D06,11,第7回令和5年度高砂市一般会計補正予算,可決,新政会,今竹 大祐,M003,賛成
D06,11,第7回令和5年度高砂市一般会計補正予算,可決,公明党,迫川 高行,M009,賛成
D06,11,第7回令和5年度高砂市一般会計補正予算,可決,公明党,春増 勝利,M014,賛成
D06,11,第7回令和5年度高砂市一般会計補正予算,可決,公明党,森 秀樹,M017,賛成
D06,11,第7回令和5年度高砂市一般会計補正予算,可決,石崎  徹 賛成,鷹尾 治久,M013,賛成
D06,11,第7回令和5年度高砂市一般会計補正予算,可決,石崎  徹 賛成,芝本 鎮彰,M010,賛成
D06,11,第7回令和5年度高砂市一般会計補正予算,可決,未来ネット,鈴木 利信,M012,賛成
D06,11,第7回令和5年度高砂市一般会計補正予算,可決,未来ネット,北野 誠一郎,M007,賛成
D06,11,第7回令和5年度高砂市一般会計補正予算,可決,民主クラブ,山田 光昭,M018,賛成
D06,11,第7回令和5年度高砂市一般会計補正予算,可決,民主クラブ,松野 優也,M016,賛成
D06,11,第7回令和5年度高砂市一般会計補正予算,可決,日本維新の会,横田 英樹,M019,賛成
D06,11,第7回令和5年度高砂市一般会計補正予算,可決,日本共産党,大西 由紀,M005,反対
D06,12,第2回令和5年度高砂市国民健康保険事業特別会計補正予算,可決,新政会,入江 啓太,M002,賛成
D06,12,第2回令和5年度高砂市国民健康保険事業特別会計補正予算,可決,新政会,坂本 まり,M008,賛成
D06,12,第2回令和5年度高砂市国民健康保険事業特別会計補正予算,可決,新政会,川端 宏明,M006,賛成
D06,12,第2回令和5年度高砂市国民健康保険事業特別会計補正予算,可決,新政会,島津 明香,M011,賛成
D06,12,第2回令和5年度高砂市国民健康保険事業特別会計補正予算,可決,新政会,岩見 明,M004,賛成
D06,12,第2回令和5年度高砂市国民健康保険事業特別会計補正予算,可決,新政会,今竹 大祐,M003,賛成
D06,12,第2回令和5年度高砂市国民健康保険事業特別会計補正予算,可決,公明党,迫川 高行,M009,賛成
D06,12,第2回令和5年度高砂市国民健康保険事業特別会計補正予算,可決,公明党,春増 勝利,M014,賛成
D06,12,第2回令和5年度高砂市国民健康保険事業特別会計補正予算,可決,公明党,森 秀樹,M017,賛成
D06,12,第2回令和5年度高砂市国民健康保険事業特別会計補正予算,可決,石崎  徹 賛成,鷹尾 治久,M013,賛成
D06,12,第2回令和5年度高砂市国民健康保険事業特別会計補正予算,可決,石崎  徹 賛成,芝本 鎮彰,M010,賛成
D06,12,第2回令和5年度高砂市国民健康保険事業特別会計補正予算,可決,未来ネット,鈴木 利信,M012,賛成
D06,12,第2回令和5年度高砂市国民健康保険事業特別会計補正予算,可決,未来ネット,北野 誠一郎,M007,賛成
D06,12,第2回令和5年度高砂市国民健康保険事業特別会計補正予算,可決,民主クラブ,山田 光昭,M018,賛成
D06,12,第2回令和5年度高砂市国民健康保険事業特別会計補正予算,可決,民主クラブ,松野 優也,M016,賛成
D06,12,第2回令和5年度高砂市国民健康保険事業特別会計補正予算,可決,日本維新の会,横田 英樹,M019,賛成
D06,12,第2回令和5年度高砂市国民健康保険事業特別会計補正予算,可決,日本共産党,大西 由紀,M005,反対
D06,13,第2回令和5年度高砂市後期高齢者医療事業特別会計補正予算,可決,新政会,入江 啓太,M002,賛成
D06,13,第2回令和5年度高砂市後期高齢者医療事業特別会計補正予算,可決,新政会,坂本 まり,M008,賛成
D06,13,第2回令和5年度高砂市後期高齢者医療事業特別会計補正予算,可決,新政会,川端 宏明,M006,賛成
D06,13,第2回令和5年度高砂市後期高齢者医療事業特別会計補正予算,可決,新政会,島津 明香,M011,賛成
D06,13,第2回令和5年度高砂市後期高齢者医療事業特別会計補正予算,可決,新政会,岩見 明,M004,賛成
D06,13,第2回令和5年度高砂市後期高齢者医療事業特別会計補正予算,可決,新政会,今竹 大祐,M003,賛成
D06,13,第2回令和5年度高砂市後期高齢者医療事業特別会計補正予算,可決,公明党,迫川 高行,M009,賛成
D06,13,第2回令和5年度高砂市後期高齢者医療事業特別会計補正予算,可決,公明党,春増 勝利,M014,賛成
D06,13,第2回令和5年度高砂市後期高齢者医療事業特別会計補正予算,可決,公明党,森 秀樹,M017,賛成
D06,13,第2回令和5年度高砂市後期高齢者医療事業特別会計補正予算,可決,石崎  徹 賛成,鷹尾 治久,M013,賛成
D06,13,第2回令和5年度高砂市後期高齢者医療事業特別会計補正予算,可決,石崎  徹 賛成,芝本 鎮彰,M010,賛成
D06,13,第2回令和5年度高砂市後期高齢者医療事業特別会計補正予算,可決,未来ネット,鈴木 利信,M012,賛成
D06,13,第2回令和5年度高砂市後期高齢者医療事業特別会計補正予算,可決,未来ネット,北野 誠一郎,M007,賛成
D06,13,第2回令和5年度高砂市後期高齢者医療事業特別会計補正予算,可決,民主クラブ,山田 光昭,M018,賛成
D06,13,第2回令和5年度高砂市後期高齢者医療事業特別会計補正予算,可決,民主クラブ,松野 優也,M016,賛成
D06,13,第2回令和5年度高砂市後期高齢者医療事業特別会計補正予算,可決,日本維新の会,横田 英樹,M019,賛成
D06,13,第2回令和5年度高砂市後期高齢者医療事業特別会計補正予算,可決,日本共産党,大西 由紀,M005,反対
D06,14,第2回令和5年度高砂市介護保険事業特別会計補正予算,可決,新政会,入江 啓太,M002,賛成
D06,14,第2回令和5年度高砂市介護保険事業特別会計補正予算,可決,新政会,坂本 まり,M008,賛成
D06,14,第2回令和5年度高砂市介護保険事業特別会計補正予算,可決,新政会,川端 宏明,M006,賛成
D06,14,第2回令和5年度高砂市介護保険事業特別会計補正予算,可決,新政会,島津 明香,M011,賛成
D06,14,第2回令和5年度高砂市介護保険事業特別会計補正予算,可決,新政会,岩見 明,M004,賛成
D06,14,第2回令和5年度高砂市介護保険事業特別会計補正予算,可決,新政会,今竹 大祐,M003,賛成
D06,14,第2回令和5年度高砂市介護保険事業特別会計補正予算,可決,公明党,迫川 高行,M009,賛成
D06,14,第2回令和5年度高砂市介護保険事業特別会計補正予算,可決,公明党,春増 勝利,M014,賛成
D06,14,第2回令和5年度高砂市介護保険事業特別会計補正予算,可決,公明党,森 秀樹,M017,賛成
D06,14,第2回令和5年度高砂市介護保険事業特別会計補正予算,可決,石崎  徹 賛成,鷹尾 治久,M013,賛成
D06,14,第2回令和5年度高砂市介護保険事業特別会計補正予算,可決,石崎  徹 賛成,芝本 鎮彰,M010,賛成
D06,14,第2回令和5年度高砂市介護保険事業特別会計補正予算,可決,未来ネット,鈴木 利信,M012,賛成
D06,14,第2回令和5年度高砂市介護保険事業特別会計補正予算,可決,未来ネット,北野 誠一郎,M007,賛成
D06,14,第2回令和5年度高砂市介護保険事業特別会計補正予算,可決,民主クラブ,山田 光昭,M018,賛成
D06,14,第2回令和5年度高砂市介護保険事業特別会計補正予算,可決,民主クラブ,松野 優也,M016,賛成
D06,14,第2回令和5年度高砂市介護保険事業特別会計補正予算,可決,日本維新の会,横田 英樹,M019,賛成
D06,14,第2回令和5年度高砂市介護保険事業特別会計補正予算,可決,日本共産党,大西 由紀,M005,反対
D06,15,第2回令和5年度高砂市病院事業会計補正予算,可決,新政会,入江 啓太,M002,賛成
D06,15,第2回令和5年度高砂市病院事業会計補正予算,可決,新政会,坂本 まり,M008,賛成
D06,15,第2回令和5年度高砂市病院事業会計補正予算,可決,新政会,川端 宏明,M006,賛成
D06,15,第2回令和5年度高砂市病院事業会計補正予算,可決,新政会,島津 明香,M011,賛成
D06,15,第2回令和5年度高砂市病院事業会計補正予算,可決,新政会,岩見 明,M004,賛成
D06,15,第2回令和5年度高砂市病院事業会計補正予算,可決,新政会,今竹 大祐,M003,賛成
D06,15,第2回令和5年度高砂市病院事業会計補正予算,可決,公明党,迫川 高行,M009,賛成
D06,15,第2回令和5年度高砂市病院事業会計補正予算,可決,公明党,春増 勝利,M014,賛成
D06,15,第2回令和5年度高砂市病院事業会計補正予算,可決,公明党,森 秀樹,M017,賛成
D06,15,第2回令和5年度高砂市病院事業会計補正予算,可決,石崎  徹 賛成,鷹尾 治久,M013,賛成
D06,15,第2回令和5年度高砂市病院事業会計補正予算,可決,石崎  徹 賛成,芝本 鎮彰,M010,賛成
D06,15,第2回令和5年度高砂市病院事業会計補正予算,可決,未来ネット,鈴木 利信,M012,賛成
D06,15,第2回令和5年度高砂市病院事業会計補正予算,可決,未来ネット,北野 誠一郎,M007,賛成
D06,15,第2回令和5年度高砂市病院事業会計補正予算,可決,民主クラブ,山田 光昭,M018,賛成
D06,15,第2回令和5年度高砂市病院事業会計補正予算,可決,民主クラブ,松野 優也,M016,賛成
D06,15,第2回令和5年度高砂市病院事業会計補正予算,可決,日本維新の会,横田 英樹,M019,賛成
D06,15,第2回令和5年度高砂市病院事業会計補正予算,可決,日本共産党,大西 由紀,M005,反対
D06,16,高砂市民病院を市直営の総合病院として存続させ地域医療を守る役割を果たすことを求める陳情書,不採択,新政会,入江 啓太,M002,反対
D06,16,高砂市民病院を市直営の総合病院として存続させ地域医療を守る役割を果たすことを求める陳情書,不採択,新政会,坂本 まり,M008,反対
D06,16,高砂市民病院を市直営の総合病院として存続させ地域医療を守る役割を果たすことを求める陳情書,不採択,新政会,川端 宏明,M006,反対
D06,16,高砂市民病院を市直営の総合病院として存続させ地域医療を守る役割を果たすことを求める陳情書,不採択,新政会,島津 明香,M011,反対
D06,16,高砂市民病院を市直営の総合病院として存続させ地域医療を守る役割を果たすことを求める陳情書,不採択,新政会,岩見 明,M004,反対
D06,16,高砂市民病院を市直営の総合病院として存続させ地域医療を守る役割を果たすことを求める陳情書,不採択,新政会,今竹 大祐,M003,反対
D06,16,高砂市民病院を市直営の総合病院として存続させ地域医療を守る役割を果たすことを求める陳情書,不採択,公明党,迫川 高行,M009,反対
D06,16,高砂市民病院を市直営の総合病院として存続させ地域医療を守る役割を果たすことを求める陳情書,不採択,公明党,春増 勝利,M014,反対
D06,16,高砂市民病院を市直営の総合病院として存続させ地域医療を守る役割を果たすことを求める陳情書,不採択,公明党,森 秀樹,M017,反対
D06,16,高砂市民病院を市直営の総合病院として存続させ地域医療を守る役割を果たすことを求める陳情書,不採択,石崎  徹 反対,鷹尾 治久,M013,反対
D06,16,高砂市民病院を市直営の総合病院として存続させ地域医療を守る役割を果たすことを求める陳情書,不採択,石崎  徹 反対,芝本 鎮彰,M010,反対
D06,16,高砂市民病院を市直営の総合病院として存続させ地域医療を守る役割を果たすことを求める陳情書,不採択,未来ネット,鈴木 利信,M012,反対
D06,16,高砂市民病院を市直営の総合病院として存続させ地域医療を守る役割を果たすことを求める陳情書,不採択,未来ネット,北野 誠一郎,M007,反対
D06,16,高砂市民病院を市直営の総合病院として存続させ地域医療を守る役割を果たすことを求める陳情書,不採択,民主クラブ,山田 光昭,M018,反対
D06,16,高砂市民病院を市直営の総合病院として存続させ地域医療を守る役割を果たすことを求める陳情書,不採択,民主クラブ,松野 優也,M016,反対
D06,16,高砂市民病院を市直営の総合病院として存続させ地域医療を守る役割を果たすことを求める陳情書,不採択,日本維新の会,横田 英樹,M019,反対
D06,16,高砂市民病院を市直営の総合病院として存続させ地域医療を守る役割を果たすことを求める陳情書,不採択,日本共産党,大西 由紀,M005,賛成
D06,16,高砂市民病院を市直営の総合病院として存続させ地域医療を守る役割を果たすことを求める陳情書,不採択,新政会,入江 啓太,M002,賛成
D06,16,高砂市民病院を市直営の総合病院として存続させ地域医療を守る役割を果たすことを求める陳情書,不採択,新政会,坂本 まり,M008,賛成
D06,16,高砂市民病院を市直営の総合病院として存続させ地域医療を守る役割を果たすことを求める陳情書,不採択,新政会,川端 宏明,M006,賛成
D06,16,高砂市民病院を市直営の総合病院として存続させ地域医療を守る役割を果たすことを求める陳情書,不採択,新政会,島津 明香,M011,賛成
D06,16,高砂市民病院を市直営の総合病院として存続させ地域医療を守る役割を果たすことを求める陳情書,不採択,新政会,岩見 明,M004,賛成
D06,16,高砂市民病院を市直営の総合病院として存続させ地域医療を守る役割を果たすことを求める陳情書,不採択,新政会,今竹 大祐,M003,賛成
D06,16,高砂市民病院を市直営の総合病院として存続させ地域医療を守る役割を果たすことを求める陳情書,不採択,公明党,迫川 高行,M009,賛成
D06,16,高砂市民病院を市直営の総合病院として存続させ地域医療を守る役割を果たすことを求める陳情書,不採択,公明党,春増 勝利,M014,賛成
D06,16,高砂市民病院を市直営の総合病院として存続させ地域医療を守る役割を果たすことを求める陳情書,不採択,公明党,森 秀樹,M017,賛成
D06,16,高砂市民病院を市直営の総合病院として存続させ地域医療を守る役割を果たすことを求める陳情書,不採択,石崎  徹 賛成,鷹尾 治久,M013,賛成
D06,16,高砂市民病院を市直営の総合病院として存続させ地域医療を守る役割を果たすことを求める陳情書,不採択,石崎  徹 賛成,芝本 鎮彰,M010,賛成
D06,16,高砂市民病院を市直営の総合病院として存続させ地域医療を守る役割を果たすことを求める陳情書,不採択,未来ネット,鈴木 利信,M012,賛成
D06,16,高砂市民病院を市直営の総合病院として存続させ地域医療を守る役割を果たすことを求める陳情書,不採択,未来ネット,北野 誠一郎,M007,賛成
D06,16,高砂市民病院を市直営の総合病院として存続させ地域医療を守る役割を果たすことを求める陳情書,不採択,民主クラブ,山田 光昭,M018,賛成
D06,16,高砂市民病院を市直営の総合病院として存続させ地域医療を守る役割を果たすことを求める陳情書,不採択,民主クラブ,松野 優也,M016,賛成
D06,16,高砂市民病院を市直営の総合病院として存続させ地域医療を守る役割を果たすことを求める陳情書,不採択,日本維新の会,横田 英樹,M019,賛成
D06,16,高砂市民病院を市直営の総合病院として存続させ地域医療を守る役割を果たすことを求める陳情書,不採択,日本共産党,大西 由紀,M005,反対
D06,16,高砂市民病院を市直営の総合病院として存続させ地域医療を守る役割を果たすことを求める陳情書,不採択,新政会,入江 啓太,M002,賛成
D06,16,高砂市民病院を市直営の総合病院として存続させ地域医療を守る役割を果たすことを求める陳情書,不採択,新政会,坂本 まり,M008,賛成
D06,16,高砂市民病院を市直営の総合病院として存続させ地域医療を守る役割を果たすことを求める陳情書,不採択,新政会,川端 宏明,M006,賛成
D06,16,高砂市民病院を市直営の総合病院として存続させ地域医療を守る役割を果たすことを求める陳情書,不採択,新政会,島津 明香,M011,賛成
D06,16,高砂市民病院を市直営の総合病院として存続させ地域医療を守る役割を果たすことを求める陳情書,不採択,新政会,岩見 明,M004,賛成
D06,16,高砂市民病院を市直営の総合病院として存続させ地域医療を守る役割を果たすことを求める陳情書,不採択,新政会,今竹 大祐,M003,賛成
D06,16,高砂市民病院を市直営の総合病院として存続させ地域医療を守る役割を果たすことを求める陳情書,不採択,公明党,迫川 高行,M009,賛成
D06,16,高砂市民病院を市直営の総合病院として存続させ地域医療を守る役割を果たすことを求める陳情書,不採択,公明党,春増 勝利,M014,賛成
D06,16,高砂市民病院を市直営の総合病院として存続させ地域医療を守る役割を果たすことを求める陳情書,不採択,公明党,森 秀樹,M017,賛成
D06,16,高砂市民病院を市直営の総合病院として存続させ地域医療を守る役割を果たすことを求める陳情書,不採択,石崎  徹 賛成,鷹尾 治久,M013,賛成
D06,16,高砂市民病院を市直営の総合病院として存続させ地域医療を守る役割を果たすことを求める陳情書,不採択,石崎  徹 賛成,芝本 鎮彰,M010,賛成
D06,16,高砂市民病院を市直営の総合病院として存続させ地域医療を守る役割を果たすことを求める陳情書,不採択,未来ネット,鈴木 利信,M012,賛成
D06,16,高砂市民病院を市直営の総合病院として存続させ地域医療を守る役割を果たすことを求める陳情書,不採択,未来ネット,北野 誠一郎,M007,賛成
D06,16,高砂市民病院を市直営の総合病院として存続させ地域医療を守る役割を果たすことを求める陳情書,不採択,民主クラブ,山田 光昭,M018,賛成
D06,16,高砂市民病院を市直営の総合病院として存続させ地域医療を守る役割を果たすことを求める陳情書,不採択,民主クラブ,松野 優也,M016,賛成
D06,16,高砂市民病院を市直営の総合病院として存続させ地域医療を守る役割を果たすことを求める陳情書,不採択,日本維新の会,横田 英樹,M019,賛成
D06,16,高砂市民病院を市直営の総合病院として存続させ地域医療を守る役割を果たすことを求める陳情書,不採択,日本共産党,大西 由紀,M005,反対
D06,17,令和4年度高砂市一般会計歳入歳出決算認定について,認定,新政会,入江 啓太,M002,賛成
D06,17,令和4年度高砂市一般会計歳入歳出決算認定について,認定,新政会,坂本 まり,M008,賛成
D06,17,令和4年度高砂市一般会計歳入歳出決算認定について,認定,新政会,川端 宏明,M006,賛成
D06,17,令和4年度高砂市一般会計歳入歳出決算認定について,認定,新政会,島津 明香,M011,賛成
D06,17,令和4年度高砂市一般会計歳入歳出決算認定について,認定,新政会,岩見 明,M004,賛成
D06,17,令和4年度高砂市一般会計歳入歳出決算認定について,認定,新政会,今竹 大祐,M003,賛成
D06,17,令和4年度高砂市一般会計歳入歳出決算認定について,認定,公明党,迫川 高行,M009,賛成
D06,17,令和4年度高砂市一般会計歳入歳出決算認定について,認定,公明党,春増 勝利,M014,賛成
D06,17,令和4年度高砂市一般会計歳入歳出決算認定について,認定,公明党,森 秀樹,M017,賛成
D06,17,令和4年度高砂市一般会計歳入歳出決算認定について,認定,石崎  徹 賛成,鷹尾 治久,M013,賛成
D06,17,令和4年度高砂市一般会計歳入歳出決算認定について,認定,石崎  徹 賛成,芝本 鎮彰,M010,賛成
D06,17,令和4年度高砂市一般会計歳入歳出決算認定について,認定,未来ネット,鈴木 利信,M012,賛成
D06,17,令和4年度高砂市一般会計歳入歳出決算認定について,認定,未来ネット,北野 誠一郎,M007,賛成
D06,17,令和4年度高砂市一般会計歳入歳出決算認定について,認定,民主クラブ,山田 光昭,M018,賛成
D06,17,令和4年度高砂市一般会計歳入歳出決算認定について,認定,民主クラブ,松野 優也,M016,賛成
D06,17,令和4年度高砂市一般会計歳入歳出決算認定について,認定,日本維新の会,横田 英樹,M019,賛成
D06,17,令和4年度高砂市一般会計歳入歳出決算認定について,認定,日本共産党,大西 由紀,M005,反対
D06,18,令和4年度高砂市国民健康保険事業特別会計歳入歳出決算認定について,認定,新政会,入江 啓太,M002,賛成
D06,18,令和4年度高砂市国民健康保険事業特別会計歳入歳出決算認定について,認定,新政会,坂本 まり,M008,賛成
D06,18,令和4年度高砂市国民健康保険事業特別会計歳入歳出決算認定について,認定,新政会,川端 宏明,M006,賛成
D06,18,令和4年度高砂市国民健康保険事業特別会計歳入歳出決算認定について,認定,新政会,島津 明香,M011,賛成
D06,18,令和4年度高砂市国民健康保険事業特別会計歳入歳出決算認定について,認定,新政会,岩見 明,M004,賛成
D06,18,令和4年度高砂市国民健康保険事業特別会計歳入歳出決算認定について,認定,新政会,今竹 大祐,M003,賛成
D06,18,令和4年度高砂市国民健康保険事業特別会計歳入歳出決算認定について,認定,公明党,迫川 高行,M009,賛成
D06,18,令和4年度高砂市国民健康保険事業特別会計歳入歳出決算認定について,認定,公明党,春増 勝利,M014,賛成
D06,18,令和4年度高砂市国民健康保険事業特別会計歳入歳出決算認定について,認定,公明党,森 秀樹,M017,賛成
D06,18,令和4年度高砂市国民健康保険事業特別会計歳入歳出決算認定について,認定,石崎  徹 賛成,鷹尾 治久,M013,賛成
D06,18,令和4年度高砂市国民健康保険事業特別会計歳入歳出決算認定について,認定,石崎  徹 賛成,芝本 鎮彰,M010,賛成
D06,18,令和4年度高砂市国民健康保険事業特別会計歳入歳出決算認定について,認定,未来ネット,鈴木 利信,M012,賛成
D06,18,令和4年度高砂市国民健康保険事業特別会計歳入歳出決算認定について,認定,未来ネット,北野 誠一郎,M007,賛成
D06,18,令和4年度高砂市国民健康保険事業特別会計歳入歳出決算認定について,認定,民主クラブ,山田 光昭,M018,賛成
D06,18,令和4年度高砂市国民健康保険事業特別会計歳入歳出決算認定について,認定,民主クラブ,松野 優也,M016,賛成
D06,18,令和4年度高砂市国民健康保険事業特別会計歳入歳出決算認定について,認定,日本維新の会,横田 英樹,M019,賛成
D06,18,令和4年度高砂市国民健康保険事業特別会計歳入歳出決算認定について,認定,日本共産党,大西 由紀,M005,反対
D06,19,令和4年度高砂市後期高齢者医療事業特別会計歳入歳出決算認定について,認定,新政会,入江 啓太,M002,賛成
D06,19,令和4年度高砂市後期高齢者医療事業特別会計歳入歳出決算認定について,認定,新政会,坂本 まり,M008,賛成
D06,19,令和4年度高砂市後期高齢者医療事業特別会計歳入歳出決算認定について,認定,新政会,川端 宏明,M006,賛成
D06,19,令和4年度高砂市後期高齢者医療事業特別会計歳入歳出決算認定について,認定,新政会,島津 明香,M011,賛成
D06,19,令和4年度高砂市後期高齢者医療事業特別会計歳入歳出決算認定について,認定,新政会,岩見 明,M004,賛成
D06,19,令和4年度高砂市後期高齢者医療事業特別会計歳入歳出決算認定について,認定,新政会,今竹 大祐,M003,賛成
D06,19,令和4年度高砂市後期高齢者医療事業特別会計歳入歳出決算認定について,認定,公明党,迫川 高行,M009,賛成
D06,19,令和4年度高砂市後期高齢者医療事業特別会計歳入歳出決算認定について,認定,公明党,春増 勝利,M014,賛成
D06,19,令和4年度高砂市後期高齢者医療事業特別会計歳入歳出決算認定について,認定,公明党,森 秀樹,M017,賛成
D06,19,令和4年度高砂市後期高齢者医療事業特別会計歳入歳出決算認定について,認定,石崎  徹 賛成,鷹尾 治久,M013,賛成
D06,19,令和4年度高砂市後期高齢者医療事業特別会計歳入歳出決算認定について,認定,石崎  徹 賛成,芝本 鎮彰,M010,賛成
D06,19,令和4年度高砂市後期高齢者医療事業特別会計歳入歳出決算認定について,認定,未来ネット,鈴木 利信,M012,賛成
D06,19,令和4年度高砂市後期高齢者医療事業特別会計歳入歳出決算認定について,認定,未来ネット,北野 誠一郎,M007,賛成
D06,19,令和4年度高砂市後期高齢者医療事業特別会計歳入歳出決算認定について,認定,民主クラブ,山田 光昭,M018,賛成
D06,19,令和4年度高砂市後期高齢者医療事業特別会計歳入歳出決算認定について,認定,民主クラブ,松野 優也,M016,賛成
D06,19,令和4年度高砂市後期高齢者医療事業特別会計歳入歳出決算認定について,認定,日本維新の会,横田 英樹,M019,賛成
D06,19,令和4年度高砂市後期高齢者医療事業特別会計歳入歳出決算認定について,認定,日本共産党,大西 由紀,M005,反対
D06,20,令和4年度高砂市介護保険事業特別会計歳入歳出決算認定について,認定,新政会,入江 啓太,M002,賛成
D06,20,令和4年度高砂市介護保険事業特別会計歳入歳出決算認定について,認定,新政会,坂本 まり,M008,賛成
D06,20,令和4年度高砂市介護保険事業特別会計歳入歳出決算認定について,認定,新政会,川端 宏明,M006,賛成
D06,20,令和4年度高砂市介護保険事業特別会計歳入歳出決算認定について,認定,新政会,島津 明香,M011,賛成
D06,20,令和4年度高砂市介護保険事業特別会計歳入歳出決算認定について,認定,新政会,岩見 明,M004,賛成
D06,20,令和4年度高砂市介護保険事業特別会計歳入歳出決算認定について,認定,新政会,今竹 大祐,M003,賛成
D06,20,令和4年度高砂市介護保険事業特別会計歳入歳出決算認定について,認定,公明党,迫川 高行,M009,賛成
D06,20,令和4年度高砂市介護保険事業特別会計歳入歳出決算認定について,認定,公明党,春増 勝利,M014,賛成
D06,20,令和4年度高砂市介護保険事業特別会計歳入歳出決算認定について,認定,公明党,森 秀樹,M017,賛成
D06,20,令和4年度高砂市介護保険事業特別会計歳入歳出決算認定について,認定,石崎  徹 賛成,鷹尾 治久,M013,賛成
D06,20,令和4年度高砂市介護保険事業特別会計歳入歳出決算認定について,認定,石崎  徹 賛成,芝本 鎮彰,M010,賛成
D06,20,令和4年度高砂市介護保険事業特別会計歳入歳出決算認定について,認定,未来ネット,鈴木 利信,M012,賛成
D06,20,令和4年度高砂市介護保険事業特別会計歳入歳出決算認定について,認定,未来ネット,北野 誠一郎,M007,賛成
D06,20,令和4年度高砂市介護保険事業特別会計歳入歳出決算認定について,認定,民主クラブ,山田 光昭,M018,賛成
D06,20,令和4年度高砂市介護保険事業特別会計歳入歳出決算認定について,認定,民主クラブ,松野 優也,M016,賛成
D06,20,令和4年度高砂市介護保険事業特別会計歳入歳出決算認定について,認定,日本維新の会,横田 英樹,M019,賛成
D06,20,令和4年度高砂市介護保険事業特別会計歳入歳出決算認定について,認定,日本共産党,大西 由紀,M005,反対
D06,21,令和4年度高砂市広域ごみ処理事業特別会計歳入歳出決算認定について,認定,新政会,入江 啓太,M002,賛成
D06,21,令和4年度高砂市広域ごみ処理事業特別会計歳入歳出決算認定について,認定,新政会,坂本 まり,M008,賛成
D06,21,令和4年度高砂市広域ごみ処理事業特別会計歳入歳出決算認定について,認定,新政会,川端 宏明,M006,賛成
D06,21,令和4年度高砂市広域ごみ処理事業特別会計歳入歳出決算認定について,認定,新政会,島津 明香,M011,賛成
D06,21,令和4年度高砂市広域ごみ処理事業特別会計歳入歳出決算認定について,認定,新政会,岩見 明,M004,賛成
D06,21,令和4年度高砂市広域ごみ処理事業特別会計歳入歳出決算認定について,認定,新政会,今竹 大祐,M003,賛成
D06,21,令和4年度高砂市広域ごみ処理事業特別会計歳入歳出決算認定について,認定,公明党,迫川 高行,M009,賛成
D06,21,令和4年度高砂市広域ごみ処理事業特別会計歳入歳出決算認定について,認定,公明党,春増 勝利,M014,賛成
D06,21,令和4年度高砂市広域ごみ処理事業特別会計歳入歳出決算認定について,認定,公明党,森 秀樹,M017,賛成
D06,21,令和4年度高砂市広域ごみ処理事業特別会計歳入歳出決算認定について,認定,石崎  徹 賛成,鷹尾 治久,M013,賛成
D06,21,令和4年度高砂市広域ごみ処理事業特別会計歳入歳出決算認定について,認定,石崎  徹 賛成,芝本 鎮彰,M010,賛成
D06,21,令和4年度高砂市広域ごみ処理事業特別会計歳入歳出決算認定について,認定,未来ネット,鈴木 利信,M012,賛成
D06,21,令和4年度高砂市広域ごみ処理事業特別会計歳入歳出決算認定について,認定,未来ネット,北野 誠一郎,M007,賛成
D06,21,令和4年度高砂市広域ごみ処理事業特別会計歳入歳出決算認定について,認定,民主クラブ,山田 光昭,M018,賛成
D06,21,令和4年度高砂市広域ごみ処理事業特別会計歳入歳出決算認定について,認定,民主クラブ,松野 優也,M016,賛成
D06,21,令和4年度高砂市広域ごみ処理事業特別会計歳入歳出決算認定について,認定,日本維新の会,横田 英樹,M019,賛成
D06,21,令和4年度高砂市広域ごみ処理事業特別会計歳入歳出決算認定について,認定,日本共産党,大西 由紀,M005,反対
D06,22,令和4年度高砂市水道事業会計決算認定について,認定,新政会,入江 啓太,M002,賛成
D06,22,令和4年度高砂市水道事業会計決算認定について,認定,新政会,坂本 まり,M008,賛成
D06,22,令和4年度高砂市水道事業会計決算認定について,認定,新政会,川端 宏明,M006,賛成
D06,22,令和4年度高砂市水道事業会計決算認定について,認定,新政会,島津 明香,M011,賛成
D06,22,令和4年度高砂市水道事業会計決算認定について,認定,新政会,岩見 明,M004,賛成
D06,22,令和4年度高砂市水道事業会計決算認定について,認定,新政会,今竹 大祐,M003,賛成
D06,22,令和4年度高砂市水道事業会計決算認定について,認定,公明党,迫川 高行,M009,賛成
D06,22,令和4年度高砂市水道事業会計決算認定について,認定,公明党,春増 勝利,M014,賛成
D06,22,令和4年度高砂市水道事業会計決算認定について,認定,公明党,森 秀樹,M017,賛成
D06,22,令和4年度高砂市水道事業会計決算認定について,認定,石崎  徹 賛成,鷹尾 治久,M013,賛成
D06,22,令和4年度高砂市水道事業会計決算認定について,認定,石崎  徹 賛成,芝本 鎮彰,M010,賛成
D06,22,令和4年度高砂市水道事業会計決算認定について,認定,未来ネット,鈴木 利信,M012,賛成
D06,22,令和4年度高砂市水道事業会計決算認定について,認定,未来ネット,北野 誠一郎,M007,賛成
D06,22,令和4年度高砂市水道事業会計決算認定について,認定,民主クラブ,山田 光昭,M018,賛成
D06,22,令和4年度高砂市水道事業会計決算認定について,認定,民主クラブ,松野 優也,M016,賛成
D06,22,令和4年度高砂市水道事業会計決算認定について,認定,日本維新の会,横田 英樹,M019,賛成
D06,22,令和4年度高砂市水道事業会計決算認定について,認定,日本共産党,大西 由紀,M005,反対
D06,23,令和4年度高砂市病院事業会計決算認定について,認定,新政会,入江 啓太,M002,賛成
D06,23,令和4年度高砂市病院事業会計決算認定について,認定,新政会,坂本 まり,M008,賛成
D06,23,令和4年度高砂市病院事業会計決算認定について,認定,新政会,川端 宏明,M006,賛成
D06,23,令和4年度高砂市病院事業会計決算認定について,認定,新政会,島津 明香,M011,賛成
D06,23,令和4年度高砂市病院事業会計決算認定について,認定,新政会,岩見 明,M004,賛成
D06,23,令和4年度高砂市病院事業会計決算認定について,認定,新政会,今竹 大祐,M003,賛成
D06,23,令和4年度高砂市病院事業会計決算認定について,認定,公明党,迫川 高行,M009,賛成
D06,23,令和4年度高砂市病院事業会計決算認定について,認定,公明党,春増 勝利,M014,賛成
D06,23,令和4年度高砂市病院事業会計決算認定について,認定,公明党,森 秀樹,M017,賛成
D06,23,令和4年度高砂市病院事業会計決算認定について,認定,石崎  徹 賛成,鷹尾 治久,M013,賛成
D06,23,令和4年度高砂市病院事業会計決算認定について,認定,石崎  徹 賛成,芝本 鎮彰,M010,賛成
D06,23,令和4年度高砂市病院事業会計決算認定について,認定,未来ネット,鈴木 利信,M012,賛成
D06,23,令和4年度高砂市病院事業会計決算認定について,認定,未来ネット,北野 誠一郎,M007,賛成
D06,23,令和4年度高砂市病院事業会計決算認定について,認定,民主クラブ,山田 光昭,M018,賛成
D06,23,令和4年度高砂市病院事業会計決算認定について,認定,民主クラブ,松野 優也,M016,賛成
D06,23,令和4年度高砂市病院事業会計決算認定について,認定,日本維新の会,横田 英樹,M019,賛成
D06,23,令和4年度高砂市病院事業会計決算認定について,認定,日本共産党,大西 由紀,M005,反対
D07,1,第9回令和5年度高砂市一般会計補正予算,可決,新政会,入江 啓太,M002,賛成
D07,1,第9回令和5年度高砂市一般会計補正予算,可決,新政会,坂本 まり,M008,賛成
D07,1,第9回令和5年度高砂市一般会計補正予算,可決,新政会,川端 宏明,M006,賛成
D07,1,第9回令和5年度高砂市一般会計補正予算,可決,新政会,島津 明香,M011,賛成
D07,1,第9回令和5年度高砂市一般会計補正予算,可決,新政会,岩見 明,M004,賛成
D07,1,第9回令和5年度高砂市一般会計補正予算,可決,新政会,今竹 大祐,M003,賛成
D07,1,第9回令和5年度高砂市一般会計補正予算,可決,公明党,迫川 高行,M009,賛成
D07,1,第9回令和5年度高砂市一般会計補正予算,可決,公明党,春増 勝利,M014,賛成
D07,1,第9回令和5年度高砂市一般会計補正予算,可決,公明党,森 秀樹,M017,賛成
D07,1,第9回令和5年度高砂市一般会計補正予算,可決,明風会,石崎 徹,M001,賛成
D07,1,第9回令和5年度高砂市一般会計補正予算,可決,明風会,鷹尾 治久,M013,賛成
D07,1,第9回令和5年度高砂市一般会計補正予算,可決,明風会,芝本 鎮彰,M010,賛成
D07,1,第9回令和5年度高砂市一般会計補正予算,可決,未来ネット,鈴木 利信,M012,賛成
D07,1,第9回令和5年度高砂市一般会計補正予算,可決,未来ネット,北野 誠一郎,M007,賛成
D07,1,第9回令和5年度高砂市一般会計補正予算,可決,民主クラブ,山田 光昭,M018,賛成
D07,1,第9回令和5年度高砂市一般会計補正予算,可決,民主クラブ,松野 優也,M016,賛成
D07,1,第9回令和5年度高砂市一般会計補正予算,可決,日本維新の会,横田 英樹,M019,賛成
D07,1,第9回令和5年度高砂市一般会計補正予算,可決,日本共産党,大西 由紀,M005,賛成
D07,2,第10回令和5年度高砂市一般会計補正予算,可決,新政会,入江 啓太,M002,賛成
D07,2,第10回令和5年度高砂市一般会計補正予算,可決,新政会,坂本 まり,M008,賛成
D07,2,第10回令和5年度高砂市一般会計補正予算,可決,新政会,川端 宏明,M006,賛成
D07,2,第10回令和5年度高砂市一般会計補正予算,可決,新政会,島津 明香,M011,賛成
D07,2,第10回令和5年度高砂市一般会計補正予算,可決,新政会,岩見 明,M004,賛成
D07,2,第10回令和5年度高砂市一般会計補正予算,可決,新政会,今竹 大祐,M003,賛成
D07,2,第10回令和5年度高砂市一般会計補正予算,可決,公明党,迫川 高行,M009,賛成
D07,2,第10回令和5年度高砂市一般会計補正予算,可決,公明党,春増 勝利,M014,賛成
D07,2,第10回令和5年度高砂市一般会計補正予算,可決,公明党,森 秀樹,M017,賛成
D07,2,第10回令和5年度高砂市一般会計補正予算,可決,明風会,石崎 徹,M001,賛成
D07,2,第10回令和5年度高砂市一般会計補正予算,可決,明風会,鷹尾 治久,M013,賛成
D07,2,第10回令和5年度高砂市一般会計補正予算,可決,明風会,芝本 鎮彰,M010,賛成
D07,2,第10回令和5年度高砂市一般会計補正予算,可決,未来ネット,鈴木 利信,M012,賛成
D07,2,第10回令和5年度高砂市一般会計補正予算,可決,未来ネット,北野 誠一郎,M007,賛成
D07,2,第10回令和5年度高砂市一般会計補正予算,可決,民主クラブ,山田 光昭,M018,賛成
D07,2,第10回令和5年度高砂市一般会計補正予算,可決,民主クラブ,松野 優也,M016,賛成
D07,2,第10回令和5年度高砂市一般会計補正予算,可決,日本維新の会,横田 英樹,M019,賛成
D07,2,第10回令和5年度高砂市一般会計補正予算,可決,日本共産党,大西 由紀,M005,反対
D07,3,第5回令和5年度高砂市水道事業会計補正予算,可決,新政会,入江 啓太,M002,賛成
D07,3,第5回令和5年度高砂市水道事業会計補正予算,可決,新政会,坂本 まり,M008,賛成
D07,3,第5回令和5年度高砂市水道事業会計補正予算,可決,新政会,川端 宏明,M006,賛成
D07,3,第5回令和5年度高砂市水道事業会計補正予算,可決,新政会,島津 明香,M011,賛成
D07,3,第5回令和5年度高砂市水道事業会計補正予算,可決,新政会,岩見 明,M004,賛成
D07,3,第5回令和5年度高砂市水道事業会計補正予算,可決,新政会,今竹 大祐,M003,賛成
D07,3,第5回令和5年度高砂市水道事業会計補正予算,可決,公明党,迫川 高行,M009,賛成
D07,3,第5回令和5年度高砂市水道事業会計補正予算,可決,公明党,春増 勝利,M014,賛成
D07,3,第5回令和5年度高砂市水道事業会計補正予算,可決,公明党,森 秀樹,M017,賛成
D07,3,第5回令和5年度高砂市水道事業会計補正予算,可決,明風会,石崎 徹,M001,賛成
D07,3,第5回令和5年度高砂市水道事業会計補正予算,可決,明風会,鷹尾 治久,M013,賛成
D07,3,第5回令和5年度高砂市水道事業会計補正予算,可決,明風会,芝本 鎮彰,M010,賛成
D07,3,第5回令和5年度高砂市水道事業会計補正予算,可決,未来ネット,鈴木 利信,M012,賛成
D07,3,第5回令和5年度高砂市水道事業会計補正予算,可決,未来ネット,北野 誠一郎,M007,賛成
D07,3,第5回令和5年度高砂市水道事業会計補正予算,可決,民主クラブ,山田 光昭,M018,賛成
D07,3,第5回令和5年度高砂市水道事業会計補正予算,可決,民主クラブ,松野 優也,M016,賛成
D07,3,第5回令和5年度高砂市水道事業会計補正予算,可決,日本維新の会,横田 英樹,M019,賛成
D07,3,第5回令和5年度高砂市水道事業会計補正予算,可決,日本共産党,大西 由紀,M005,反対
D07,4,高砂市国民健康保険条例の一部を改正する条例を定めることについて,可決,新政会,入江 啓太,M002,賛成
D07,4,高砂市国民健康保険条例の一部を改正する条例を定めることについて,可決,新政会,坂本 まり,M008,賛成
D07,4,高砂市国民健康保険条例の一部を改正する条例を定めることについて,可決,新政会,川端 宏明,M006,賛成
D07,4,高砂市国民健康保険条例の一部を改正する条例を定めることについて,可決,新政会,島津 明香,M011,賛成
D07,4,高砂市国民健康保険条例の一部を改正する条例を定めることについて,可決,新政会,岩見 明,M004,賛成
D07,4,高砂市国民健康保険条例の一部を改正する条例を定めることについて,可決,新政会,今竹 大祐,M003,賛成
D07,4,高砂市国民健康保険条例の一部を改正する条例を定めることについて,可決,公明党,迫川 高行,M009,賛成
D07,4,高砂市国民健康保険条例の一部を改正する条例を定めることについて,可決,公明党,春増 勝利,M014,賛成
D07,4,高砂市国民健康保険条例の一部を改正する条例を定めることについて,可決,公明党,森 秀樹,M017,賛成
D07,4,高砂市国民健康保険条例の一部を改正する条例を定めることについて,可決,明風会,石崎 徹,M001,賛成
D07,4,高砂市国民健康保険条例の一部を改正する条例を定めることについて,可決,明風会,鷹尾 治久,M013,賛成
D07,4,高砂市国民健康保険条例の一部を改正する条例を定めることについて,可決,明風会,芝本 鎮彰,M010,賛成
D07,4,高砂市国民健康保険条例の一部を改正する条例を定めることについて,可決,未来ネット,鈴木 利信,M012,賛成
D07,4,高砂市国民健康保険条例の一部を改正する条例を定めることについて,可決,未来ネット,北野 誠一郎,M007,賛成
D07,4,高砂市国民健康保険条例の一部を改正する条例を定めることについて,可決,民主クラブ,山田 光昭,M018,賛成
D07,4,高砂市国民健康保険条例の一部を改正する条例を定めることについて,可決,民主クラブ,松野 優也,M016,賛成
D07,4,高砂市国民健康保険条例の一部を改正する条例を定めることについて,可決,日本維新の会,横田 英樹,M019,賛成
D07,4,高砂市国民健康保険条例の一部を改正する条例を定めることについて,可決,日本共産党,大西 由紀,M005,反対
D07,5,高砂市介護保険条例の一部を改正する条例を定めることについて,可決,新政会,入江 啓太,M002,賛成
D07,5,高砂市介護保険条例の一部を改正する条例を定めることについて,可決,新政会,坂本 まり,M008,賛成
D07,5,高砂市介護保険条例の一部を改正する条例を定めることについて,可決,新政会,川端 宏明,M006,賛成
D07,5,高砂市介護保険条例の一部を改正する条例を定めることについて,可決,新政会,島津 明香,M011,賛成
D07,5,高砂市介護保険条例の一部を改正する条例を定めることについて,可決,新政会,岩見 明,M004,賛成
D07,5,高砂市介護保険条例の一部を改正する条例を定めることについて,可決,新政会,今竹 大祐,M003,賛成
D07,5,高砂市介護保険条例の一部を改正する条例を定めることについて,可決,公明党,迫川 高行,M009,賛成
D07,5,高砂市介護保険条例の一部を改正する条例を定めることについて,可決,公明党,春増 勝利,M014,賛成
D07,5,高砂市介護保険条例の一部を改正する条例を定めることについて,可決,公明党,森 秀樹,M017,賛成
D07,5,高砂市介護保険条例の一部を改正する条例を定めることについて,可決,明風会,石崎 徹,M001,賛成
D07,5,高砂市介護保険条例の一部を改正する条例を定めることについて,可決,明風会,鷹尾 治久,M013,賛成
D07,5,高砂市介護保険条例の一部を改正する条例を定めることについて,可決,明風会,芝本 鎮彰,M010,賛成
D07,5,高砂市介護保険条例の一部を改正する条例を定めることについて,可決,未来ネット,鈴木 利信,M012,賛成
D07,5,高砂市介護保険条例の一部を改正する条例を定めることについて,可決,未来ネット,北野 誠一郎,M007,賛成
D07,5,高砂市介護保険条例の一部を改正する条例を定めることについて,可決,民主クラブ,山田 光昭,M018,賛成
D07,5,高砂市介護保険条例の一部を改正する条例を定めることについて,可決,民主クラブ,松野 優也,M016,賛成
D07,5,高砂市介護保険条例の一部を改正する条例を定めることについて,可決,日本維新の会,横田 英樹,M019,賛成
D07,5,高砂市介護保険条例の一部を改正する条例を定めることについて,可決,日本共産党,大西 由紀,M005,反対
D07,6,令和6年度高砂市一般会計予算,可決,新政会,入江 啓太,M002,賛成
D07,6,令和6年度高砂市一般会計予算,可決,新政会,坂本 まり,M008,賛成
D07,6,令和6年度高砂市一般会計予算,可決,新政会,川端 宏明,M006,賛成
D07,6,令和6年度高砂市一般会計予算,可決,新政会,島津 明香,M011,賛成
D07,6,令和6年度高砂市一般会計予算,可決,新政会,岩見 明,M004,賛成
D07,6,令和6年度高砂市一般会計予算,可決,新政会,今竹 大祐,M003,賛成
D07,6,令和6年度高砂市一般会計予算,可決,公明党,迫川 高行,M009,賛成
D07,6,令和6年度高砂市一般会計予算,可決,公明党,春増 勝利,M014,賛成
D07,6,令和6年度高砂市一般会計予算,可決,公明党,森 秀樹,M017,賛成
D07,6,令和6年度高砂市一般会計予算,可決,明風会,石崎 徹,M001,賛成
D07,6,令和6年度高砂市一般会計予算,可決,明風会,鷹尾 治久,M013,賛成
D07,6,令和6年度高砂市一般会計予算,可決,明風会,芝本 鎮彰,M010,賛成
D07,6,令和6年度高砂市一般会計予算,可決,未来ネット,鈴木 利信,M012,賛成
D07,6,令和6年度高砂市一般会計予算,可決,未来ネット,北野 誠一郎,M007,賛成
D07,6,令和6年度高砂市一般会計予算,可決,民主クラブ,山田 光昭,M018,賛成
D07,6,令和6年度高砂市一般会計予算,可決,民主クラブ,松野 優也,M016,賛成
D07,6,令和6年度高砂市一般会計予算,可決,日本維新の会,横田 英樹,M019,賛成
D07,6,令和6年度高砂市一般会計予算,可決,日本共産党,大西 由紀,M005,反対
D07,7,令和6年度高砂市国民健康保険事業特別会計予算,可決,新政会,入江 啓太,M002,賛成
D07,7,令和6年度高砂市国民健康保険事業特別会計予算,可決,新政会,坂本 まり,M008,賛成
D07,7,令和6年度高砂市国民健康保険事業特別会計予算,可決,新政会,川端 宏明,M006,賛成
D07,7,令和6年度高砂市国民健康保険事業特別会計予算,可決,新政会,島津 明香,M011,賛成
D07,7,令和6年度高砂市国民健康保険事業特別会計予算,可決,新政会,岩見 明,M004,賛成
D07,7,令和6年度高砂市国民健康保険事業特別会計予算,可決,新政会,今竹 大祐,M003,賛成
D07,7,令和6年度高砂市国民健康保険事業特別会計予算,可決,公明党,迫川 高行,M009,賛成
D07,7,令和6年度高砂市国民健康保険事業特別会計予算,可決,公明党,春増 勝利,M014,賛成
D07,7,令和6年度高砂市国民健康保険事業特別会計予算,可決,公明党,森 秀樹,M017,賛成
D07,7,令和6年度高砂市国民健康保険事業特別会計予算,可決,明風会,石崎 徹,M001,賛成
D07,7,令和6年度高砂市国民健康保険事業特別会計予算,可決,明風会,鷹尾 治久,M013,賛成
D07,7,令和6年度高砂市国民健康保険事業特別会計予算,可決,明風会,芝本 鎮彰,M010,賛成
D07,7,令和6年度高砂市国民健康保険事業特別会計予算,可決,未来ネット,鈴木 利信,M012,賛成
D07,7,令和6年度高砂市国民健康保険事業特別会計予算,可決,未来ネット,北野 誠一郎,M007,賛成
D07,7,令和6年度高砂市国民健康保険事業特別会計予算,可決,民主クラブ,山田 光昭,M018,賛成
D07,7,令和6年度高砂市国民健康保険事業特別会計予算,可決,民主クラブ,松野 優也,M016,賛成
D07,7,令和6年度高砂市国民健康保険事業特別会計予算,可決,日本維新の会,横田 英樹,M019,賛成
D07,7,令和6年度高砂市国民健康保険事業特別会計予算,可決,日本共産党,大西 由紀,M005,反対
D07,8,令和6年度高砂市後期高齢者医療事業特別会計予算,可決,新政会,入江 啓太,M002,賛成
D07,8,令和6年度高砂市後期高齢者医療事業特別会計予算,可決,新政会,坂本 まり,M008,賛成
D07,8,令和6年度高砂市後期高齢者医療事業特別会計予算,可決,新政会,川端 宏明,M006,賛成
D07,8,令和6年度高砂市後期高齢者医療事業特別会計予算,可決,新政会,島津 明香,M011,賛成
D07,8,令和6年度高砂市後期高齢者医療事業特別会計予算,可決,新政会,岩見 明,M004,賛成
D07,8,令和6年度高砂市後期高齢者医療事業特別会計予算,可決,新政会,今竹 大祐,M003,賛成
D07,8,令和6年度高砂市後期高齢者医療事業特別会計予算,可決,公明党,迫川 高行,M009,賛成
D07,8,令和6年度高砂市後期高齢者医療事業特別会計予算,可決,公明党,春増 勝利,M014,賛成
D07,8,令和6年度高砂市後期高齢者医療事業特別会計予算,可決,公明党,森 秀樹,M017,賛成
D07,8,令和6年度高砂市後期高齢者医療事業特別会計予算,可決,明風会,石崎 徹,M001,賛成
D07,8,令和6年度高砂市後期高齢者医療事業特別会計予算,可決,明風会,鷹尾 治久,M013,賛成
D07,8,令和6年度高砂市後期高齢者医療事業特別会計予算,可決,明風会,芝本 鎮彰,M010,賛成
D07,8,令和6年度高砂市後期高齢者医療事業特別会計予算,可決,未来ネット,鈴木 利信,M012,賛成
D07,8,令和6年度高砂市後期高齢者医療事業特別会計予算,可決,未来ネット,北野 誠一郎,M007,賛成
D07,8,令和6年度高砂市後期高齢者医療事業特別会計予算,可決,民主クラブ,山田 光昭,M018,賛成
D07,8,令和6年度高砂市後期高齢者医療事業特別会計予算,可決,民主クラブ,松野 優也,M016,賛成
D07,8,令和6年度高砂市後期高齢者医療事業特別会計予算,可決,日本維新の会,横田 英樹,M019,賛成
D07,8,令和6年度高砂市後期高齢者医療事業特別会計予算,可決,日本共産党,大西 由紀,M005,反対
D07,9,令和6年度高砂市介護保険事業特別会計予算,可決,新政会,入江 啓太,M002,賛成
D07,9,令和6年度高砂市介護保険事業特別会計予算,可決,新政会,坂本 まり,M008,賛成
D07,9,令和6年度高砂市介護保険事業特別会計予算,可決,新政会,川端 宏明,M006,賛成
D07,9,令和6年度高砂市介護保険事業特別会計予算,可決,新政会,島津 明香,M011,賛成
D07,9,令和6年度高砂市介護保険事業特別会計予算,可決,新政会,岩見 明,M004,賛成
D07,9,令和6年度高砂市介護保険事業特別会計予算,可決,新政会,今竹 大祐,M003,賛成
D07,9,令和6年度高砂市介護保険事業特別会計予算,可決,公明党,迫川 高行,M009,賛成
D07,9,令和6年度高砂市介護保険事業特別会計予算,可決,公明党,春増 勝利,M014,賛成
D07,9,令和6年度高砂市介護保険事業特別会計予算,可決,公明党,森 秀樹,M017,賛成
D07,9,令和6年度高砂市介護保険事業特別会計予算,可決,明風会,石崎 徹,M001,賛成
D07,9,令和6年度高砂市介護保険事業特別会計予算,可決,明風会,鷹尾 治久,M013,賛成
D07,9,令和6年度高砂市介護保険事業特別会計予算,可決,明風会,芝本 鎮彰,M010,賛成
D07,9,令和6年度高砂市介護保険事業特別会計予算,可決,未来ネット,鈴木 利信,M012,賛成
D07,9,令和6年度高砂市介護保険事業特別会計予算,可決,未来ネット,北野 誠一郎,M007,賛成
D07,9,令和6年度高砂市介護保険事業特別会計予算,可決,民主クラブ,山田 光昭,M018,賛成
D07,9,令和6年度高砂市介護保険事業特別会計予算,可決,民主クラブ,松野 優也,M016,賛成
D07,9,令和6年度高砂市介護保険事業特別会計予算,可決,日本維新の会,横田 英樹,M019,賛成
D07,9,令和6年度高砂市介護保険事業特別会計予算,可決,日本共産党,大西 由紀,M005,反対
D07,9,令和6年度高砂市介護保険事業特別会計予算,可決,新政会,入江 啓太,M002,賛成
D07,9,令和6年度高砂市介護保険事業特別会計予算,可決,新政会,坂本 まり,M008,賛成
D07,9,令和6年度高砂市介護保険事業特別会計予算,可決,新政会,川端 宏明,M006,賛成
D07,9,令和6年度高砂市介護保険事業特別会計予算,可決,新政会,島津 明香,M011,賛成
D07,9,令和6年度高砂市介護保険事業特別会計予算,可決,新政会,岩見 明,M004,賛成
D07,9,令和6年度高砂市介護保険事業特別会計予算,可決,新政会,今竹 大祐,M003,賛成
D07,9,令和6年度高砂市介護保険事業特別会計予算,可決,公明党,迫川 高行,M009,賛成
D07,9,令和6年度高砂市介護保険事業特別会計予算,可決,公明党,春増 勝利,M014,賛成
D07,9,令和6年度高砂市介護保険事業特別会計予算,可決,公明党,森 秀樹,M017,賛成
D07,9,令和6年度高砂市介護保険事業特別会計予算,可決,明風会,石崎 徹,M001,賛成
D07,9,令和6年度高砂市介護保険事業特別会計予算,可決,明風会,鷹尾 治久,M013,賛成
D07,9,令和6年度高砂市介護保険事業特別会計予算,可決,明風会,芝本 鎮彰,M010,賛成
D07,9,令和6年度高砂市介護保険事業特別会計予算,可決,未来ネット,鈴木 利信,M012,賛成
D07,9,令和6年度高砂市介護保険事業特別会計予算,可決,未来ネット,北野 誠一郎,M007,賛成
D07,9,令和6年度高砂市介護保険事業特別会計予算,可決,民主クラブ,山田 光昭,M018,賛成
D07,9,令和6年度高砂市介護保険事業特別会計予算,可決,民主クラブ,松野 優也,M016,賛成
D07,9,令和6年度高砂市介護保険事業特別会計予算,可決,日本維新の会,横田 英樹,M019,賛成
D07,9,令和6年度高砂市介護保険事業特別会計予算,可決,日本共産党,大西 由紀,M005,反対
D07,9,令和6年度高砂市介護保険事業特別会計予算,可決,新政会,入江 啓太,M002,賛成
D07,9,令和6年度高砂市介護保険事業特別会計予算,可決,新政会,坂本 まり,M008,賛成
D07,9,令和6年度高砂市介護保険事業特別会計予算,可決,新政会,川端 宏明,M006,賛成
D07,9,令和6年度高砂市介護保険事業特別会計予算,可決,新政会,島津 明香,M011,賛成
D07,9,令和6年度高砂市介護保険事業特別会計予算,可決,新政会,岩見 明,M004,賛成
D07,9,令和6年度高砂市介護保険事業特別会計予算,可決,新政会,今竹 大祐,M003,賛成
D07,9,令和6年度高砂市介護保険事業特別会計予算,可決,公明党,迫川 高行,M009,賛成
D07,9,令和6年度高砂市介護保険事業特別会計予算,可決,公明党,春増 勝利,M014,賛成
D07,9,令和6年度高砂市介護保険事業特別会計予算,可決,公明党,森 秀樹,M017,賛成
D07,9,令和6年度高砂市介護保険事業特別会計予算,可決,明風会,石崎 徹,M001,賛成
D07,9,令和6年度高砂市介護保険事業特別会計予算,可決,明風会,鷹尾 治久,M013,賛成
D07,9,令和6年度高砂市介護保険事業特別会計予算,可決,明風会,芝本 鎮彰,M010,賛成
D07,9,令和6年度高砂市介護保険事業特別会計予算,可決,未来ネット,鈴木 利信,M012,賛成
D07,9,令和6年度高砂市介護保険事業特別会計予算,可決,未来ネット,北野 誠一郎,M007,賛成
D07,9,令和6年度高砂市介護保険事業特別会計予算,可決,民主クラブ,山田 光昭,M018,賛成
D07,9,令和6年度高砂市介護保険事業特別会計予算,可決,民主クラブ,松野 優也,M016,賛成
D07,9,令和6年度高砂市介護保険事業特別会計予算,可決,日本維新の会,横田 英樹,M019,賛成
D07,9,令和6年度高砂市介護保険事業特別会計予算,可決,日本共産党,大西 由紀,M005,反対
D08,1,兵庫県後期高齢者医療広域連合規約の変更について,可決,新政会,入江啓太,M002,賛成
D08,1,兵庫県後期高齢者医療広域連合規約の変更について,可決,新政会,坂本まり,M008,賛成
D08,1,兵庫県後期高齢者医療広域連合規約の変更について,可決,新政会,川端宏明,M006,賛成
D08,1,兵庫県後期高齢者医療広域連合規約の変更について,可決,新政会,島津明香,M011,賛成
D08,1,兵庫県後期高齢者医療広域連合規約の変更について,可決,新政会,岩見明,M004,賛成
D08,1,兵庫県後期高齢者医療広域連合規約の変更について,可決,新政会,今竹大祐,M003,賛成
D08,1,兵庫県後期高齢者医療広域連合規約の変更について,可決,新政会,藤森誠,M015,注釈
D08,1,兵庫県後期高齢者医療広域連合規約の変更について,可決,公明党,迫川 高行,M009,賛成
D08,1,兵庫県後期高齢者医療広域連合規約の変更について,可決,公明党,春増 勝利,M014,賛成
D08,1,兵庫県後期高齢者医療広域連合規約の変更について,可決,公明党,森 秀樹,M017,賛成
D08,1,兵庫県後期高齢者医療広域連合規約の変更について,可決,明風会,石崎 徹,M001,賛成
D08,1,兵庫県後期高齢者医療広域連合規約の変更について,可決,明風会,鷹尾 治久,M013,賛成
D08,1,兵庫県後期高齢者医療広域連合規約の変更について,可決,明風会,芝本 鎮彰,M010,賛成
D08,1,兵庫県後期高齢者医療広域連合規約の変更について,可決,未来ネット,鈴木 利信,M012,賛成
D08,1,兵庫県後期高齢者医療広域連合規約の変更について,可決,未来ネット,北野 誠一郎,M007,賛成
D08,1,兵庫県後期高齢者医療広域連合規約の変更について,可決,民主クラブ,山田 光昭,M018,賛成
D08,1,兵庫県後期高齢者医療広域連合規約の変更について,可決,民主クラブ,松野 優也,M016,賛成
D08,1,兵庫県後期高齢者医療広域連合規約の変更について,可決,日本維新の会,横田 英樹,M019,賛成
D08,1,兵庫県後期高齢者医療広域連合規約の変更について,可決,日本共産党,大西 由紀,M005,反対
D08,2,高砂市新たな学校づくり推進審議会条例を定めることについて,可決,新政会,入江啓太,M002,賛成
D08,2,高砂市新たな学校づくり推進審議会条例を定めることについて,可決,新政会,坂本まり,M008,賛成
D08,2,高砂市新たな学校づくり推進審議会条例を定めることについて,可決,新政会,川端宏明,M006,賛成
D08,2,高砂市新たな学校づくり推進審議会条例を定めることについて,可決,新政会,島津明香,M011,賛成
D08,2,高砂市新たな学校づくり推進審議会条例を定めることについて,可決,新政会,岩見明,M004,賛成
D08,2,高砂市新たな学校づくり推進審議会条例を定めることについて,可決,新政会,今竹大祐,M003,賛成
D08,2,高砂市新たな学校づくり推進審議会条例を定めることについて,可決,新政会,藤森誠,M015,注釈
D08,2,高砂市新たな学校づくり推進審議会条例を定めることについて,可決,公明党,迫川 高行,M009,賛成
D08,2,高砂市新たな学校づくり推進審議会条例を定めることについて,可決,公明党,春増 勝利,M014,賛成
D08,2,高砂市新たな学校づくり推進審議会条例を定めることについて,可決,公明党,森 秀樹,M017,賛成
D08,2,高砂市新たな学校づくり推進審議会条例を定めることについて,可決,明風会,石崎 徹,M001,賛成
D08,2,高砂市新たな学校づくり推進審議会条例を定めることについて,可決,明風会,鷹尾 治久,M013,賛成
D08,2,高砂市新たな学校づくり推進審議会条例を定めることについて,可決,明風会,芝本 鎮彰,M010,賛成
D08,2,高砂市新たな学校づくり推進審議会条例を定めることについて,可決,未来ネット,鈴木 利信,M012,賛成
D08,2,高砂市新たな学校づくり推進審議会条例を定めることについて,可決,未来ネット,北野 誠一郎,M007,賛成
D08,2,高砂市新たな学校づくり推進審議会条例を定めることについて,可決,民主クラブ,山田 光昭,M018,賛成
D08,2,高砂市新たな学校づくり推進審議会条例を定めることについて,可決,民主クラブ,松野 優也,M016,賛成
D08,2,高砂市新たな学校づくり推進審議会条例を定めることについて,可決,日本維新の会,横田 英樹,M019,賛成
D08,2,高砂市新たな学校づくり推進審議会条例を定めることについて,可決,日本共産党,大西 由紀,M005,反対
D08,3,特別職の職員で非常勤のものの報酬及び費用弁償に関する条例の一部を改正する条例を定めることについて,可決,新政会,入江啓太,M002,賛成
D08,3,特別職の職員で非常勤のものの報酬及び費用弁償に関する条例の一部を改正する条例を定めることについて,可決,新政会,坂本まり,M008,賛成
D08,3,特別職の職員で非常勤のものの報酬及び費用弁償に関する条例の一部を改正する条例を定めることについて,可決,新政会,川端宏明,M006,賛成
D08,3,特別職の職員で非常勤のものの報酬及び費用弁償に関する条例の一部を改正する条例を定めることについて,可決,新政会,島津明香,M011,賛成
D08,3,特別職の職員で非常勤のものの報酬及び費用弁償に関する条例の一部を改正する条例を定めることについて,可決,新政会,岩見明,M004,賛成
D08,3,特別職の職員で非常勤のものの報酬及び費用弁償に関する条例の一部を改正する条例を定めることについて,可決,新政会,今竹大祐,M003,賛成
D08,3,特別職の職員で非常勤のものの報酬及び費用弁償に関する条例の一部を改正する条例を定めることについて,可決,新政会,藤森誠,M015,注釈
D08,3,特別職の職員で非常勤のものの報酬及び費用弁償に関する条例の一部を改正する条例を定めることについて,可決,公明党,迫川 高行,M009,賛成
D08,3,特別職の職員で非常勤のものの報酬及び費用弁償に関する条例の一部を改正する条例を定めることについて,可決,公明党,春増 勝利,M014,賛成
D08,3,特別職の職員で非常勤のものの報酬及び費用弁償に関する条例の一部を改正する条例を定めることについて,可決,公明党,森 秀樹,M017,賛成
D08,3,特別職の職員で非常勤のものの報酬及び費用弁償に関する条例の一部を改正する条例を定めることについて,可決,明風会,石崎 徹,M001,賛成
D08,3,特別職の職員で非常勤のものの報酬及び費用弁償に関する条例の一部を改正する条例を定めることについて,可決,明風会,鷹尾 治久,M013,賛成
D08,3,特別職の職員で非常勤のものの報酬及び費用弁償に関する条例の一部を改正する条例を定めることについて,可決,明風会,芝本 鎮彰,M010,賛成
D08,3,特別職の職員で非常勤のものの報酬及び費用弁償に関する条例の一部を改正する条例を定めることについて,可決,未来ネット,鈴木 利信,M012,賛成
D08,3,特別職の職員で非常勤のものの報酬及び費用弁償に関する条例の一部を改正する条例を定めることについて,可決,未来ネット,北野 誠一郎,M007,賛成
D08,3,特別職の職員で非常勤のものの報酬及び費用弁償に関する条例の一部を改正する条例を定めることについて,可決,民主クラブ,山田 光昭,M018,賛成
D08,3,特別職の職員で非常勤のものの報酬及び費用弁償に関する条例の一部を改正する条例を定めることについて,可決,民主クラブ,松野 優也,M016,賛成
D08,3,特別職の職員で非常勤のものの報酬及び費用弁償に関する条例の一部を改正する条例を定めることについて,可決,日本維新の会,横田 英樹,M019,賛成
D08,3,特別職の職員で非常勤のものの報酬及び費用弁償に関する条例の一部を改正する条例を定めることについて,可決,日本共産党,大西 由紀,M005,反対
D08,4,第1回令和6年度高砂市一般会計補正予算,可決,新政会,入江啓太,M002,賛成
D08,4,第1回令和6年度高砂市一般会計補正予算,可決,新政会,坂本まり,M008,賛成
D08,4,第1回令和6年度高砂市一般会計補正予算,可決,新政会,川端宏明,M006,賛成
D08,4,第1回令和6年度高砂市一般会計補正予算,可決,新政会,島津明香,M011,賛成
D08,4,第1回令和6年度高砂市一般会計補正予算,可決,新政会,岩見明,M004,賛成
D08,4,第1回令和6年度高砂市一般会計補正予算,可決,新政会,今竹大祐,M003,賛成
D08,4,第1回令和6年度高砂市一般会計補正予算,可決,新政会,藤森誠,M015,注釈
D08,4,第1回令和6年度高砂市一般会計補正予算,可決,公明党,迫川 高行,M009,賛成
D08,4,第1回令和6年度高砂市一般会計補正予算,可決,公明党,春増 勝利,M014,賛成
D08,4,第1回令和6年度高砂市一般会計補正予算,可決,公明党,森 秀樹,M017,賛成
D08,4,第1回令和6年度高砂市一般会計補正予算,可決,明風会,石崎 徹,M001,賛成
D08,4,第1回令和6年度高砂市一般会計補正予算,可決,明風会,鷹尾 治久,M013,賛成
D08,4,第1回令和6年度高砂市一般会計補正予算,可決,明風会,芝本 鎮彰,M010,賛成
D08,4,第1回令和6年度高砂市一般会計補正予算,可決,未来ネット,鈴木 利信,M012,賛成
D08,4,第1回令和6年度高砂市一般会計補正予算,可決,未来ネット,北野 誠一郎,M007,賛成
D08,4,第1回令和6年度高砂市一般会計補正予算,可決,民主クラブ,山田 光昭,M018,賛成
D08,4,第1回令和6年度高砂市一般会計補正予算,可決,民主クラブ,松野 優也,M016,賛成
D08,4,第1回令和6年度高砂市一般会計補正予算,可決,日本維新の会,横田 英樹,M019,賛成
D08,4,第1回令和6年度高砂市一般会計補正予算,可決,日本共産党,大西 由紀,M005,反対
D08,4,第1回令和6年度高砂市一般会計補正予算,可決,新政会,入江啓太,M002,賛成
D08,4,第1回令和6年度高砂市一般会計補正予算,可決,新政会,坂本まり,M008,賛成
D08,4,第1回令和6年度高砂市一般会計補正予算,可決,新政会,川端宏明,M006,賛成
D08,4,第1回令和6年度高砂市一般会計補正予算,可決,新政会,島津明香,M011,賛成
D08,4,第1回令和6年度高砂市一般会計補正予算,可決,新政会,岩見明,M004,賛成
D08,4,第1回令和6年度高砂市一般会計補正予算,可決,新政会,今竹大祐,M003,賛成
D08,4,第1回令和6年度高砂市一般会計補正予算,可決,新政会,藤森誠,M015,注釈
D08,4,第1回令和6年度高砂市一般会計補正予算,可決,公明党,迫川 高行,M009,賛成
D08,4,第1回令和6年度高砂市一般会計補正予算,可決,公明党,春増 勝利,M014,賛成
D08,4,第1回令和6年度高砂市一般会計補正予算,可決,公明党,森 秀樹,M017,賛成
D08,4,第1回令和6年度高砂市一般会計補正予算,可決,明風会,石崎 徹,M001,賛成
D08,4,第1回令和6年度高砂市一般会計補正予算,可決,明風会,鷹尾 治久,M013,賛成
D08,4,第1回令和6年度高砂市一般会計補正予算,可決,明風会,芝本 鎮彰,M010,賛成
D08,4,第1回令和6年度高砂市一般会計補正予算,可決,未来ネット,鈴木 利信,M012,賛成
D08,4,第1回令和6年度高砂市一般会計補正予算,可決,未来ネット,北野 誠一郎,M007,賛成
D08,4,第1回令和6年度高砂市一般会計補正予算,可決,民主クラブ,山田 光昭,M018,賛成
D08,4,第1回令和6年度高砂市一般会計補正予算,可決,民主クラブ,松野 優也,M016,賛成
D08,4,第1回令和6年度高砂市一般会計補正予算,可決,日本維新の会,横田 英樹,M019,反対
D08,4,第1回令和6年度高砂市一般会計補正予算,可決,日本共産党,大西 由紀,M005,反対
D08,5,加齢性難聴者の補聴器購入に対する公的補助を求める陳情,不採択,新政会,入江啓太,M002,反対
D08,5,加齢性難聴者の補聴器購入に対する公的補助を求める陳情,不採択,新政会,坂本まり,M008,反対
D08,5,加齢性難聴者の補聴器購入に対する公的補助を求める陳情,不採択,新政会,川端宏明,M006,反対
D08,5,加齢性難聴者の補聴器購入に対する公的補助を求める陳情,不採択,新政会,島津明香,M011,反対
D08,5,加齢性難聴者の補聴器購入に対する公的補助を求める陳情,不採択,新政会,岩見明,M004,反対
D08,5,加齢性難聴者の補聴器購入に対する公的補助を求める陳情,不採択,新政会,今竹大祐,M003,反対
D08,5,加齢性難聴者の補聴器購入に対する公的補助を求める陳情,不採択,新政会,藤森誠,M015,注釈
D08,5,加齢性難聴者の補聴器購入に対する公的補助を求める陳情,不採択,公明党,迫川 高行,M009,反対
D08,5,加齢性難聴者の補聴器購入に対する公的補助を求める陳情,不採択,公明党,春増 勝利,M014,反対
D08,5,加齢性難聴者の補聴器購入に対する公的補助を求める陳情,不採択,公明党,森 秀樹,M017,反対
D08,5,加齢性難聴者の補聴器購入に対する公的補助を求める陳情,不採択,明風会,石崎 徹,M001,反対
D08,5,加齢性難聴者の補聴器購入に対する公的補助を求める陳情,不採択,明風会,鷹尾 治久,M013,反対
D08,5,加齢性難聴者の補聴器購入に対する公的補助を求める陳情,不採択,明風会,芝本 鎮彰,M010,反対
D08,5,加齢性難聴者の補聴器購入に対する公的補助を求める陳情,不採択,未来ネット,鈴木 利信,M012,反対
D08,5,加齢性難聴者の補聴器購入に対する公的補助を求める陳情,不採択,未来ネット,北野 誠一郎,M007,反対
D08,5,加齢性難聴者の補聴器購入に対する公的補助を求める陳情,不採択,民主クラブ,山田 光昭,M018,反対
D08,5,加齢性難聴者の補聴器購入に対する公的補助を求める陳情,不採択,民主クラブ,松野 優也,M016,反対
D08,5,加齢性難聴者の補聴器購入に対する公的補助を求める陳情,不採択,日本維新の会,横田 英樹,M019,反対
D08,5,加齢性難聴者の補聴器購入に対する公的補助を求める陳情,不採択,日本共産党,大西 由紀,M005,賛成
D08,6,日本政府にミャンマー軍が実施した徴兵制に対し、在留ミャンマー人、ならびに日本への避難を希望する若者たちの安全を確保するよう求める意見書の提出を求める陳情書,可決,新政会,入江啓太,M002,賛成
D08,6,日本政府にミャンマー軍が実施した徴兵制に対し、在留ミャンマー人、ならびに日本への避難を希望する若者たちの安全を確保するよう求める意見書の提出を求める陳情書,可決,新政会,坂本まり,M008,賛成
D08,6,日本政府にミャンマー軍が実施した徴兵制に対し、在留ミャンマー人、ならびに日本への避難を希望する若者たちの安全を確保するよう求める意見書の提出を求める陳情書,可決,新政会,川端宏明,M006,賛成
D08,6,日本政府にミャンマー軍が実施した徴兵制に対し、在留ミャンマー人、ならびに日本への避難を希望する若者たちの安全を確保するよう求める意見書の提出を求める陳情書,可決,新政会,島津明香,M011,賛成
D08,6,日本政府にミャンマー軍が実施した徴兵制に対し、在留ミャンマー人、ならびに日本への避難を希望する若者たちの安全を確保するよう求める意見書の提出を求める陳情書,可決,新政会,岩見明,M004,賛成
D08,6,日本政府にミャンマー軍が実施した徴兵制に対し、在留ミャンマー人、ならびに日本への避難を希望する若者たちの安全を確保するよう求める意見書の提出を求める陳情書,可決,新政会,今竹大祐,M003,賛成
D08,6,日本政府にミャンマー軍が実施した徴兵制に対し、在留ミャンマー人、ならびに日本への避難を希望する若者たちの安全を確保するよう求める意見書の提出を求める陳情書,可決,新政会,藤森誠,M015,注釈
D08,6,日本政府にミャンマー軍が実施した徴兵制に対し、在留ミャンマー人、ならびに日本への避難を希望する若者たちの安全を確保するよう求める意見書の提出を求める陳情書,可決,公明党,迫川 高行,M009,賛成
D08,6,日本政府にミャンマー軍が実施した徴兵制に対し、在留ミャンマー人、ならびに日本への避難を希望する若者たちの安全を確保するよう求める意見書の提出を求める陳情書,可決,公明党,春増 勝利,M014,賛成
D08,6,日本政府にミャンマー軍が実施した徴兵制に対し、在留ミャンマー人、ならびに日本への避難を希望する若者たちの安全を確保するよう求める意見書の提出を求める陳情書,可決,公明党,森 秀樹,M017,賛成
D08,6,日本政府にミャンマー軍が実施した徴兵制に対し、在留ミャンマー人、ならびに日本への避難を希望する若者たちの安全を確保するよう求める意見書の提出を求める陳情書,可決,明風会,石崎 徹,M001,賛成
D08,6,日本政府にミャンマー軍が実施した徴兵制に対し、在留ミャンマー人、ならびに日本への避難を希望する若者たちの安全を確保するよう求める意見書の提出を求める陳情書,可決,明風会,鷹尾 治久,M013,賛成
D08,6,日本政府にミャンマー軍が実施した徴兵制に対し、在留ミャンマー人、ならびに日本への避難を希望する若者たちの安全を確保するよう求める意見書の提出を求める陳情書,可決,明風会,芝本 鎮彰,M010,賛成
D08,6,日本政府にミャンマー軍が実施した徴兵制に対し、在留ミャンマー人、ならびに日本への避難を希望する若者たちの安全を確保するよう求める意見書の提出を求める陳情書,可決,未来ネット,鈴木 利信,M012,賛成
D08,6,日本政府にミャンマー軍が実施した徴兵制に対し、在留ミャンマー人、ならびに日本への避難を希望する若者たちの安全を確保するよう求める意見書の提出を求める陳情書,可決,未来ネット,北野 誠一郎,M007,賛成
D08,6,日本政府にミャンマー軍が実施した徴兵制に対し、在留ミャンマー人、ならびに日本への避難を希望する若者たちの安全を確保するよう求める意見書の提出を求める陳情書,可決,民主クラブ,山田 光昭,M018,賛成
D08,6,日本政府にミャンマー軍が実施した徴兵制に対し、在留ミャンマー人、ならびに日本への避難を希望する若者たちの安全を確保するよう求める意見書の提出を求める陳情書,可決,民主クラブ,松野 優也,M016,賛成
D08,6,日本政府にミャンマー軍が実施した徴兵制に対し、在留ミャンマー人、ならびに日本への避難を希望する若者たちの安全を確保するよう求める意見書の提出を求める陳情書,可決,日本維新の会,横田 英樹,M019,反対
D08,6,日本政府にミャンマー軍が実施した徴兵制に対し、在留ミャンマー人、ならびに日本への避難を希望する若者たちの安全を確保するよう求める意見書の提出を求める陳情書,可決,日本共産党,大西 由紀,M005,賛成
D09,1,高砂市国民健康保険条例の一部を改正する条例を定めることについて,可決,新政会,入江 啓太,M002,賛成
D09,1,高砂市国民健康保険条例の一部を改正する条例を定めることについて,可決,新政会,岩見 明,M004,賛成
D09,1,高砂市国民健康保険条例の一部を改正する条例を定めることについて,可決,新政会,藤森 誠,M015,賛成
D09,1,高砂市国民健康保険条例の一部を改正する条例を定めることについて,可決,新政会,川端 宏明,M006,賛成
D09,1,高砂市国民健康保険条例の一部を改正する条例を定めることについて,可決,新政会,島津 明香,M011,賛成
D09,1,高砂市国民健康保険条例の一部を改正する条例を定めることについて,可決,新政会,今竹 大祐,M003,賛成
D09,1,高砂市国民健康保険条例の一部を改正する条例を定めることについて,可決,迫川 高行 注,春増 勝利,M014,賛成
D09,1,高砂市国民健康保険条例の一部を改正する条例を定めることについて,可決,迫川 高行 注,森 秀樹,M017,賛成
D09,1,高砂市国民健康保険条例の一部を改正する条例を定めることについて,可決,明風会,石崎 徹,M001,賛成
D09,1,高砂市国民健康保険条例の一部を改正する条例を定めることについて,可決,明風会,鷹尾 治久,M013,賛成
D09,1,高砂市国民健康保険条例の一部を改正する条例を定めることについて,可決,明風会,芝本 鎮彰,M010,賛成
D09,1,高砂市国民健康保険条例の一部を改正する条例を定めることについて,可決,未来ネット,鈴木 利信,M012,賛成
D09,1,高砂市国民健康保険条例の一部を改正する条例を定めることについて,可決,未来ネット,北野 誠一郎,M007,賛成
D09,1,高砂市国民健康保険条例の一部を改正する条例を定めることについて,可決,民主クラブ,松野 優也,M016,賛成
D09,1,高砂市国民健康保険条例の一部を改正する条例を定めることについて,可決,民主クラブ,山田 光昭,M018,賛成
D09,1,高砂市国民健康保険条例の一部を改正する条例を定めることについて,可決,日本維新の会,横田 英樹,M019,賛成
D09,1,高砂市国民健康保険条例の一部を改正する条例を定めることについて,可決,日本共産党,大西 由紀,M005,反対
D09,1,高砂市国民健康保険条例の一部を改正する条例を定めることについて,可決,まつかぜ,坂本 まり,M008,賛成
D09,2,高砂市急傾斜地崩壊対策事業分担金徴収条例を定めることについて,可決,新政会,入江 啓太,M002,賛成
D09,2,高砂市急傾斜地崩壊対策事業分担金徴収条例を定めることについて,可決,新政会,岩見 明,M004,賛成
D09,2,高砂市急傾斜地崩壊対策事業分担金徴収条例を定めることについて,可決,新政会,藤森 誠,M015,賛成
D09,2,高砂市急傾斜地崩壊対策事業分担金徴収条例を定めることについて,可決,新政会,川端 宏明,M006,賛成
D09,2,高砂市急傾斜地崩壊対策事業分担金徴収条例を定めることについて,可決,新政会,島津 明香,M011,賛成
D09,2,高砂市急傾斜地崩壊対策事業分担金徴収条例を定めることについて,可決,新政会,今竹 大祐,M003,賛成
D09,2,高砂市急傾斜地崩壊対策事業分担金徴収条例を定めることについて,可決,迫川 高行 注,春増 勝利,M014,賛成
D09,2,高砂市急傾斜地崩壊対策事業分担金徴収条例を定めることについて,可決,迫川 高行 注,森 秀樹,M017,賛成
D09,2,高砂市急傾斜地崩壊対策事業分担金徴収条例を定めることについて,可決,明風会,石崎 徹,M001,賛成
D09,2,高砂市急傾斜地崩壊対策事業分担金徴収条例を定めることについて,可決,明風会,鷹尾 治久,M013,賛成
D09,2,高砂市急傾斜地崩壊対策事業分担金徴収条例を定めることについて,可決,明風会,芝本 鎮彰,M010,賛成
D09,2,高砂市急傾斜地崩壊対策事業分担金徴収条例を定めることについて,可決,未来ネット,鈴木 利信,M012,賛成
D09,2,高砂市急傾斜地崩壊対策事業分担金徴収条例を定めることについて,可決,未来ネット,北野 誠一郎,M007,賛成
D09,2,高砂市急傾斜地崩壊対策事業分担金徴収条例を定めることについて,可決,民主クラブ,松野 優也,M016,賛成
D09,2,高砂市急傾斜地崩壊対策事業分担金徴収条例を定めることについて,可決,民主クラブ,山田 光昭,M018,賛成
D09,2,高砂市急傾斜地崩壊対策事業分担金徴収条例を定めることについて,可決,日本維新の会,横田 英樹,M019,賛成
D09,2,高砂市急傾斜地崩壊対策事業分担金徴収条例を定めることについて,可決,日本共産党,大西 由紀,M005,反対
D09,2,高砂市急傾斜地崩壊対策事業分担金徴収条例を定めることについて,可決,まつかぜ,坂本 まり,M008,賛成
D09,3,高砂市立学校条例等の一部を改正する条例を定めることについて,可決,新政会,入江 啓太,M002,賛成
D09,3,高砂市立学校条例等の一部を改正する条例を定めることについて,可決,新政会,岩見 明,M004,賛成
D09,3,高砂市立学校条例等の一部を改正する条例を定めることについて,可決,新政会,藤森 誠,M015,賛成
D09,3,高砂市立学校条例等の一部を改正する条例を定めることについて,可決,新政会,川端 宏明,M006,賛成
D09,3,高砂市立学校条例等の一部を改正する条例を定めることについて,可決,新政会,島津 明香,M011,賛成
D09,3,高砂市立学校条例等の一部を改正する条例を定めることについて,可決,新政会,今竹 大祐,M003,賛成
D09,3,高砂市立学校条例等の一部を改正する条例を定めることについて,可決,迫川 高行 注,春増 勝利,M014,賛成
D09,3,高砂市立学校条例等の一部を改正する条例を定めることについて,可決,迫川 高行 注,森 秀樹,M017,賛成
D09,3,高砂市立学校条例等の一部を改正する条例を定めることについて,可決,明風会,石崎 徹,M001,賛成
D09,3,高砂市立学校条例等の一部を改正する条例を定めることについて,可決,明風会,鷹尾 治久,M013,賛成
D09,3,高砂市立学校条例等の一部を改正する条例を定めることについて,可決,明風会,芝本 鎮彰,M010,賛成
D09,3,高砂市立学校条例等の一部を改正する条例を定めることについて,可決,未来ネット,鈴木 利信,M012,賛成
D09,3,高砂市立学校条例等の一部を改正する条例を定めることについて,可決,未来ネット,北野 誠一郎,M007,賛成
D09,3,高砂市立学校条例等の一部を改正する条例を定めることについて,可決,民主クラブ,松野 優也,M016,賛成
D09,3,高砂市立学校条例等の一部を改正する条例を定めることについて,可決,民主クラブ,山田 光昭,M018,賛成
D09,3,高砂市立学校条例等の一部を改正する条例を定めることについて,可決,日本維新の会,横田 英樹,M019,賛成
D09,3,高砂市立学校条例等の一部を改正する条例を定めることについて,可決,日本共産党,大西 由紀,M005,反対
D09,3,高砂市立学校条例等の一部を改正する条例を定めることについて,可決,まつかぜ,坂本 まり,M008,賛成
D09,4,第2回令和6年度高砂市一般会計補正予算,可決,新政会,入江 啓太,M002,賛成
D09,4,第2回令和6年度高砂市一般会計補正予算,可決,新政会,岩見 明,M004,賛成
D09,4,第2回令和6年度高砂市一般会計補正予算,可決,新政会,藤森 誠,M015,賛成
D09,4,第2回令和6年度高砂市一般会計補正予算,可決,新政会,川端 宏明,M006,賛成
D09,4,第2回令和6年度高砂市一般会計補正予算,可決,新政会,島津 明香,M011,賛成
D09,4,第2回令和6年度高砂市一般会計補正予算,可決,新政会,今竹 大祐,M003,賛成
D09,4,第2回令和6年度高砂市一般会計補正予算,可決,迫川 高行 注,春増 勝利,M014,賛成
D09,4,第2回令和6年度高砂市一般会計補正予算,可決,迫川 高行 注,森 秀樹,M017,賛成
D09,4,第2回令和6年度高砂市一般会計補正予算,可決,明風会,石崎 徹,M001,賛成
D09,4,第2回令和6年度高砂市一般会計補正予算,可決,明風会,鷹尾 治久,M013,賛成
D09,4,第2回令和6年度高砂市一般会計補正予算,可決,明風会,芝本 鎮彰,M010,賛成
D09,4,第2回令和6年度高砂市一般会計補正予算,可決,未来ネット,鈴木 利信,M012,賛成
D09,4,第2回令和6年度高砂市一般会計補正予算,可決,未来ネット,北野 誠一郎,M007,賛成
D09,4,第2回令和6年度高砂市一般会計補正予算,可決,民主クラブ,松野 優也,M016,賛成
D09,4,第2回令和6年度高砂市一般会計補正予算,可決,民主クラブ,山田 光昭,M018,賛成
D09,4,第2回令和6年度高砂市一般会計補正予算,可決,日本維新の会,横田 英樹,M019,賛成
D09,4,第2回令和6年度高砂市一般会計補正予算,可決,日本共産党,大西 由紀,M005,反対
D09,4,第2回令和6年度高砂市一般会計補正予算,可決,まつかぜ,坂本 まり,M008,賛成
D09,5,第1回令和6年度高砂市国民健康保険事業特別会計補正予算,可決,新政会,入江 啓太,M002,賛成
D09,5,第1回令和6年度高砂市国民健康保険事業特別会計補正予算,可決,新政会,岩見 明,M004,賛成
D09,5,第1回令和6年度高砂市国民健康保険事業特別会計補正予算,可決,新政会,藤森 誠,M015,賛成
D09,5,第1回令和6年度高砂市国民健康保険事業特別会計補正予算,可決,新政会,川端 宏明,M006,賛成
D09,5,第1回令和6年度高砂市国民健康保険事業特別会計補正予算,可決,新政会,島津 明香,M011,賛成
D09,5,第1回令和6年度高砂市国民健康保険事業特別会計補正予算,可決,新政会,今竹 大祐,M003,賛成
D09,5,第1回令和6年度高砂市国民健康保険事業特別会計補正予算,可決,迫川 高行 注,春増 勝利,M014,賛成
D09,5,第1回令和6年度高砂市国民健康保険事業特別会計補正予算,可決,迫川 高行 注,森 秀樹,M017,賛成
D09,5,第1回令和6年度高砂市国民健康保険事業特別会計補正予算,可決,明風会,石崎 徹,M001,賛成
D09,5,第1回令和6年度高砂市国民健康保険事業特別会計補正予算,可決,明風会,鷹尾 治久,M013,賛成
D09,5,第1回令和6年度高砂市国民健康保険事業特別会計補正予算,可決,明風会,芝本 鎮彰,M010,賛成
D09,5,第1回令和6年度高砂市国民健康保険事業特別会計補正予算,可決,未来ネット,鈴木 利信,M012,賛成
D09,5,第1回令和6年度高砂市国民健康保険事業特別会計補正予算,可決,未来ネット,北野 誠一郎,M007,賛成
D09,5,第1回令和6年度高砂市国民健康保険事業特別会計補正予算,可決,民主クラブ,松野 優也,M016,賛成
D09,5,第1回令和6年度高砂市国民健康保険事業特別会計補正予算,可決,民主クラブ,山田 光昭,M018,賛成
D09,5,第1回令和6年度高砂市国民健康保険事業特別会計補正予算,可決,日本維新の会,横田 英樹,M019,賛成
D09,5,第1回令和6年度高砂市国民健康保険事業特別会計補正予算,可決,日本共産党,大西 由紀,M005,反対
D09,5,第1回令和6年度高砂市国民健康保険事業特別会計補正予算,可決,まつかぜ,坂本 まり,M008,賛成
D09,6,第1回令和6年度高砂市後期高齢者医療事業特別会計補正予算,可決,新政会,入江 啓太,M002,賛成
D09,6,第1回令和6年度高砂市後期高齢者医療事業特別会計補正予算,可決,新政会,岩見 明,M004,賛成
D09,6,第1回令和6年度高砂市後期高齢者医療事業特別会計補正予算,可決,新政会,藤森 誠,M015,賛成
D09,6,第1回令和6年度高砂市後期高齢者医療事業特別会計補正予算,可決,新政会,川端 宏明,M006,賛成
D09,6,第1回令和6年度高砂市後期高齢者医療事業特別会計補正予算,可決,新政会,島津 明香,M011,賛成
D09,6,第1回令和6年度高砂市後期高齢者医療事業特別会計補正予算,可決,新政会,今竹 大祐,M003,賛成
D09,6,第1回令和6年度高砂市後期高齢者医療事業特別会計補正予算,可決,迫川 高行 注,春増 勝利,M014,賛成
D09,6,第1回令和6年度高砂市後期高齢者医療事業特別会計補正予算,可決,迫川 高行 注,森 秀樹,M017,賛成
D09,6,第1回令和6年度高砂市後期高齢者医療事業特別会計補正予算,可決,明風会,石崎 徹,M001,賛成
D09,6,第1回令和6年度高砂市後期高齢者医療事業特別会計補正予算,可決,明風会,鷹尾 治久,M013,賛成
D09,6,第1回令和6年度高砂市後期高齢者医療事業特別会計補正予算,可決,明風会,芝本 鎮彰,M010,賛成
D09,6,第1回令和6年度高砂市後期高齢者医療事業特別会計補正予算,可決,未来ネット,鈴木 利信,M012,賛成
D09,6,第1回令和6年度高砂市後期高齢者医療事業特別会計補正予算,可決,未来ネット,北野 誠一郎,M007,賛成
D09,6,第1回令和6年度高砂市後期高齢者医療事業特別会計補正予算,可決,民主クラブ,松野 優也,M016,賛成
D09,6,第1回令和6年度高砂市後期高齢者医療事業特別会計補正予算,可決,民主クラブ,山田 光昭,M018,賛成
D09,6,第1回令和6年度高砂市後期高齢者医療事業特別会計補正予算,可決,日本維新の会,横田 英樹,M019,賛成
D09,6,第1回令和6年度高砂市後期高齢者医療事業特別会計補正予算,可決,日本共産党,大西 由紀,M005,反対
D09,6,第1回令和6年度高砂市後期高齢者医療事業特別会計補正予算,可決,まつかぜ,坂本 まり,M008,賛成
D09,7,第1回令和6年度高砂市介護保険事業特別会計補正予算,可決,新政会,入江 啓太,M002,賛成
D09,7,第1回令和6年度高砂市介護保険事業特別会計補正予算,可決,新政会,岩見 明,M004,賛成
D09,7,第1回令和6年度高砂市介護保険事業特別会計補正予算,可決,新政会,藤森 誠,M015,賛成
D09,7,第1回令和6年度高砂市介護保険事業特別会計補正予算,可決,新政会,川端 宏明,M006,賛成
D09,7,第1回令和6年度高砂市介護保険事業特別会計補正予算,可決,新政会,島津 明香,M011,賛成
D09,7,第1回令和6年度高砂市介護保険事業特別会計補正予算,可決,新政会,今竹 大祐,M003,賛成
D09,7,第1回令和6年度高砂市介護保険事業特別会計補正予算,可決,迫川 高行 注,春増 勝利,M014,賛成
D09,7,第1回令和6年度高砂市介護保険事業特別会計補正予算,可決,迫川 高行 注,森 秀樹,M017,賛成
D09,7,第1回令和6年度高砂市介護保険事業特別会計補正予算,可決,明風会,石崎 徹,M001,賛成
D09,7,第1回令和6年度高砂市介護保険事業特別会計補正予算,可決,明風会,鷹尾 治久,M013,賛成
D09,7,第1回令和6年度高砂市介護保険事業特別会計補正予算,可決,明風会,芝本 鎮彰,M010,賛成
D09,7,第1回令和6年度高砂市介護保険事業特別会計補正予算,可決,未来ネット,鈴木 利信,M012,賛成
D09,7,第1回令和6年度高砂市介護保険事業特別会計補正予算,可決,未来ネット,北野 誠一郎,M007,賛成
D09,7,第1回令和6年度高砂市介護保険事業特別会計補正予算,可決,民主クラブ,松野 優也,M016,賛成
D09,7,第1回令和6年度高砂市介護保険事業特別会計補正予算,可決,民主クラブ,山田 光昭,M018,賛成
D09,7,第1回令和6年度高砂市介護保険事業特別会計補正予算,可決,日本維新の会,横田 英樹,M019,賛成
D09,7,第1回令和6年度高砂市介護保険事業特別会計補正予算,可決,日本共産党,大西 由紀,M005,反対
D09,7,第1回令和6年度高砂市介護保険事業特別会計補正予算,可決,まつかぜ,坂本 まり,M008,賛成
D10,1,指定管理者の指定について（高砂市工楽松右衛門旧宅）,可決,新政会,入江 啓太,M002,賛成
D10,1,指定管理者の指定について（高砂市工楽松右衛門旧宅）,可決,新政会,岩見 明,M004,賛成
D10,1,指定管理者の指定について（高砂市工楽松右衛門旧宅）,可決,新政会,藤森 誠,M015,賛成
D10,1,指定管理者の指定について（高砂市工楽松右衛門旧宅）,可決,新政会,川端 宏明,M006,賛成
D10,1,指定管理者の指定について（高砂市工楽松右衛門旧宅）,可決,新政会,島津 明香,M011,賛成
D10,1,指定管理者の指定について（高砂市工楽松右衛門旧宅）,可決,新政会,今竹 大祐,M003,賛成
D10,1,指定管理者の指定について（高砂市工楽松右衛門旧宅）,可決,迫川 高行 注,春増 勝利,M014,賛成
D10,1,指定管理者の指定について（高砂市工楽松右衛門旧宅）,可決,迫川 高行 注,森 秀樹,M017,賛成
D10,1,指定管理者の指定について（高砂市工楽松右衛門旧宅）,可決,明風会,石崎 徹,M001,賛成
D10,1,指定管理者の指定について（高砂市工楽松右衛門旧宅）,可決,明風会,鷹尾 治久,M013,賛成
D10,1,指定管理者の指定について（高砂市工楽松右衛門旧宅）,可決,明風会,芝本 鎮彰,M010,賛成
D10,1,指定管理者の指定について（高砂市工楽松右衛門旧宅）,可決,未来ネット,鈴木 利信,M012,賛成
D10,1,指定管理者の指定について（高砂市工楽松右衛門旧宅）,可決,未来ネット,北野 誠一郎,M007,賛成
D10,1,指定管理者の指定について（高砂市工楽松右衛門旧宅）,可決,民主クラブ,松野 優也,M016,賛成
D10,1,指定管理者の指定について（高砂市工楽松右衛門旧宅）,可決,民主クラブ,山田 光昭,M018,賛成
D10,1,指定管理者の指定について（高砂市工楽松右衛門旧宅）,可決,日本共産党,大西 由紀,M005,反対
D10,1,指定管理者の指定について（高砂市工楽松右衛門旧宅）,可決,まつかぜ,坂本 まり,M008,賛成
D10,2,指定管理者の指定について（高砂市立図書館）,可決,新政会,入江 啓太,M002,賛成
D10,2,指定管理者の指定について（高砂市立図書館）,可決,新政会,岩見 明,M004,賛成
D10,2,指定管理者の指定について（高砂市立図書館）,可決,新政会,藤森 誠,M015,賛成
D10,2,指定管理者の指定について（高砂市立図書館）,可決,新政会,川端 宏明,M006,賛成
D10,2,指定管理者の指定について（高砂市立図書館）,可決,新政会,島津 明香,M011,賛成
D10,2,指定管理者の指定について（高砂市立図書館）,可決,新政会,今竹 大祐,M003,賛成
D10,2,指定管理者の指定について（高砂市立図書館）,可決,迫川 高行 注,春増 勝利,M014,賛成
D10,2,指定管理者の指定について（高砂市立図書館）,可決,迫川 高行 注,森 秀樹,M017,賛成
D10,2,指定管理者の指定について（高砂市立図書館）,可決,明風会,石崎 徹,M001,賛成
D10,2,指定管理者の指定について（高砂市立図書館）,可決,明風会,鷹尾 治久,M013,賛成
D10,2,指定管理者の指定について（高砂市立図書館）,可決,明風会,芝本 鎮彰,M010,賛成
D10,2,指定管理者の指定について（高砂市立図書館）,可決,未来ネット,鈴木 利信,M012,賛成
D10,2,指定管理者の指定について（高砂市立図書館）,可決,未来ネット,北野 誠一郎,M007,賛成
D10,2,指定管理者の指定について（高砂市立図書館）,可決,民主クラブ,松野 優也,M016,賛成
D10,2,指定管理者の指定について（高砂市立図書館）,可決,民主クラブ,山田 光昭,M018,賛成
D10,2,指定管理者の指定について（高砂市立図書館）,可決,日本共産党,大西 由紀,M005,反対
D10,2,指定管理者の指定について（高砂市立図書館）,可決,まつかぜ,坂本 まり,M008,賛成
D10,3,姫路市及び高砂市における連携中枢都市圏形成に係る連携協約の一部を変更する連携協約の締結について,可決,新政会,入江 啓太,M002,賛成
D10,3,姫路市及び高砂市における連携中枢都市圏形成に係る連携協約の一部を変更する連携協約の締結について,可決,新政会,岩見 明,M004,賛成
D10,3,姫路市及び高砂市における連携中枢都市圏形成に係る連携協約の一部を変更する連携協約の締結について,可決,新政会,藤森 誠,M015,賛成
D10,3,姫路市及び高砂市における連携中枢都市圏形成に係る連携協約の一部を変更する連携協約の締結について,可決,新政会,川端 宏明,M006,賛成
D10,3,姫路市及び高砂市における連携中枢都市圏形成に係る連携協約の一部を変更する連携協約の締結について,可決,新政会,島津 明香,M011,賛成
D10,3,姫路市及び高砂市における連携中枢都市圏形成に係る連携協約の一部を変更する連携協約の締結について,可決,新政会,今竹 大祐,M003,賛成
D10,3,姫路市及び高砂市における連携中枢都市圏形成に係る連携協約の一部を変更する連携協約の締結について,可決,迫川 高行 注,春増 勝利,M014,賛成
D10,3,姫路市及び高砂市における連携中枢都市圏形成に係る連携協約の一部を変更する連携協約の締結について,可決,迫川 高行 注,森 秀樹,M017,賛成
D10,3,姫路市及び高砂市における連携中枢都市圏形成に係る連携協約の一部を変更する連携協約の締結について,可決,明風会,石崎 徹,M001,賛成
D10,3,姫路市及び高砂市における連携中枢都市圏形成に係る連携協約の一部を変更する連携協約の締結について,可決,明風会,鷹尾 治久,M013,賛成
D10,3,姫路市及び高砂市における連携中枢都市圏形成に係る連携協約の一部を変更する連携協約の締結について,可決,明風会,芝本 鎮彰,M010,賛成
D10,3,姫路市及び高砂市における連携中枢都市圏形成に係る連携協約の一部を変更する連携協約の締結について,可決,未来ネット,鈴木 利信,M012,賛成
D10,3,姫路市及び高砂市における連携中枢都市圏形成に係る連携協約の一部を変更する連携協約の締結について,可決,未来ネット,北野 誠一郎,M007,賛成
D10,3,姫路市及び高砂市における連携中枢都市圏形成に係る連携協約の一部を変更する連携協約の締結について,可決,民主クラブ,松野 優也,M016,賛成
D10,3,姫路市及び高砂市における連携中枢都市圏形成に係る連携協約の一部を変更する連携協約の締結について,可決,民主クラブ,山田 光昭,M018,賛成
D10,3,姫路市及び高砂市における連携中枢都市圏形成に係る連携協約の一部を変更する連携協約の締結について,可決,日本共産党,大西 由紀,M005,反対
D10,3,姫路市及び高砂市における連携中枢都市圏形成に係る連携協約の一部を変更する連携協約の締結について,可決,まつかぜ,坂本 まり,M008,賛成
D10,4,特別職の職員で常勤のものの給与に関する条例の一部を改正する条例を定めることについて,可決,新政会,入江 啓太,M002,賛成
D10,4,特別職の職員で常勤のものの給与に関する条例の一部を改正する条例を定めることについて,可決,新政会,岩見 明,M004,賛成
D10,4,特別職の職員で常勤のものの給与に関する条例の一部を改正する条例を定めることについて,可決,新政会,藤森 誠,M015,賛成
D10,4,特別職の職員で常勤のものの給与に関する条例の一部を改正する条例を定めることについて,可決,新政会,川端 宏明,M006,賛成
D10,4,特別職の職員で常勤のものの給与に関する条例の一部を改正する条例を定めることについて,可決,新政会,島津 明香,M011,賛成
D10,4,特別職の職員で常勤のものの給与に関する条例の一部を改正する条例を定めることについて,可決,新政会,今竹 大祐,M003,賛成
D10,4,特別職の職員で常勤のものの給与に関する条例の一部を改正する条例を定めることについて,可決,迫川 高行 注,春増 勝利,M014,賛成
D10,4,特別職の職員で常勤のものの給与に関する条例の一部を改正する条例を定めることについて,可決,迫川 高行 注,森 秀樹,M017,賛成
D10,4,特別職の職員で常勤のものの給与に関する条例の一部を改正する条例を定めることについて,可決,明風会,石崎 徹,M001,賛成
D10,4,特別職の職員で常勤のものの給与に関する条例の一部を改正する条例を定めることについて,可決,明風会,鷹尾 治久,M013,賛成
D10,4,特別職の職員で常勤のものの給与に関する条例の一部を改正する条例を定めることについて,可決,明風会,芝本 鎮彰,M010,賛成
D10,4,特別職の職員で常勤のものの給与に関する条例の一部を改正する条例を定めることについて,可決,未来ネット,鈴木 利信,M012,反対
D10,4,特別職の職員で常勤のものの給与に関する条例の一部を改正する条例を定めることについて,可決,未来ネット,北野 誠一郎,M007,反対
D10,4,特別職の職員で常勤のものの給与に関する条例の一部を改正する条例を定めることについて,可決,民主クラブ,松野 優也,M016,賛成
D10,4,特別職の職員で常勤のものの給与に関する条例の一部を改正する条例を定めることについて,可決,民主クラブ,山田 光昭,M018,賛成
D10,4,特別職の職員で常勤のものの給与に関する条例の一部を改正する条例を定めることについて,可決,日本共産党,大西 由紀,M005,反対
D10,4,特別職の職員で常勤のものの給与に関する条例の一部を改正する条例を定めることについて,可決,まつかぜ,坂本 まり,M008,賛成
D10,5,議会議員の議員報酬及び費用弁償に関する条例の一部を改正する条例を定めることについて,可決,新政会,入江 啓太,M002,賛成
D10,5,議会議員の議員報酬及び費用弁償に関する条例の一部を改正する条例を定めることについて,可決,新政会,岩見 明,M004,賛成
D10,5,議会議員の議員報酬及び費用弁償に関する条例の一部を改正する条例を定めることについて,可決,新政会,藤森 誠,M015,賛成
D10,5,議会議員の議員報酬及び費用弁償に関する条例の一部を改正する条例を定めることについて,可決,新政会,川端 宏明,M006,賛成
D10,5,議会議員の議員報酬及び費用弁償に関する条例の一部を改正する条例を定めることについて,可決,新政会,島津 明香,M011,賛成
D10,5,議会議員の議員報酬及び費用弁償に関する条例の一部を改正する条例を定めることについて,可決,新政会,今竹 大祐,M003,賛成
D10,5,議会議員の議員報酬及び費用弁償に関する条例の一部を改正する条例を定めることについて,可決,迫川 高行 注,春増 勝利,M014,賛成
D10,5,議会議員の議員報酬及び費用弁償に関する条例の一部を改正する条例を定めることについて,可決,迫川 高行 注,森 秀樹,M017,賛成
D10,5,議会議員の議員報酬及び費用弁償に関する条例の一部を改正する条例を定めることについて,可決,明風会,石崎 徹,M001,賛成
D10,5,議会議員の議員報酬及び費用弁償に関する条例の一部を改正する条例を定めることについて,可決,明風会,鷹尾 治久,M013,賛成
D10,5,議会議員の議員報酬及び費用弁償に関する条例の一部を改正する条例を定めることについて,可決,明風会,芝本 鎮彰,M010,賛成
D10,5,議会議員の議員報酬及び費用弁償に関する条例の一部を改正する条例を定めることについて,可決,未来ネット,鈴木 利信,M012,反対
D10,5,議会議員の議員報酬及び費用弁償に関する条例の一部を改正する条例を定めることについて,可決,未来ネット,北野 誠一郎,M007,反対
D10,5,議会議員の議員報酬及び費用弁償に関する条例の一部を改正する条例を定めることについて,可決,民主クラブ,松野 優也,M016,賛成
D10,5,議会議員の議員報酬及び費用弁償に関する条例の一部を改正する条例を定めることについて,可決,民主クラブ,山田 光昭,M018,賛成
D10,5,議会議員の議員報酬及び費用弁償に関する条例の一部を改正する条例を定めることについて,可決,日本共産党,大西 由紀,M005,反対
D10,5,議会議員の議員報酬及び費用弁償に関する条例の一部を改正する条例を定めることについて,可決,まつかぜ,坂本 まり,M008,賛成
D10,6,第6回令和6年度高砂市一般会計補正予算,可決,新政会,入江 啓太,M002,賛成
D10,6,第6回令和6年度高砂市一般会計補正予算,可決,新政会,岩見 明,M004,賛成
D10,6,第6回令和6年度高砂市一般会計補正予算,可決,新政会,藤森 誠,M015,賛成
D10,6,第6回令和6年度高砂市一般会計補正予算,可決,新政会,川端 宏明,M006,賛成
D10,6,第6回令和6年度高砂市一般会計補正予算,可決,新政会,島津 明香,M011,賛成
D10,6,第6回令和6年度高砂市一般会計補正予算,可決,新政会,今竹 大祐,M003,賛成
D10,6,第6回令和6年度高砂市一般会計補正予算,可決,迫川 高行 注,春増 勝利,M014,賛成
D10,6,第6回令和6年度高砂市一般会計補正予算,可決,迫川 高行 注,森 秀樹,M017,賛成
D10,6,第6回令和6年度高砂市一般会計補正予算,可決,明風会,石崎 徹,M001,賛成
D10,6,第6回令和6年度高砂市一般会計補正予算,可決,明風会,鷹尾 治久,M013,賛成
D10,6,第6回令和6年度高砂市一般会計補正予算,可決,明風会,芝本 鎮彰,M010,賛成
D10,6,第6回令和6年度高砂市一般会計補正予算,可決,未来ネット,鈴木 利信,M012,賛成
D10,6,第6回令和6年度高砂市一般会計補正予算,可決,未来ネット,北野 誠一郎,M007,賛成
D10,6,第6回令和6年度高砂市一般会計補正予算,可決,民主クラブ,松野 優也,M016,賛成
D10,6,第6回令和6年度高砂市一般会計補正予算,可決,民主クラブ,山田 光昭,M018,賛成
D10,6,第6回令和6年度高砂市一般会計補正予算,可決,日本共産党,大西 由紀,M005,反対
D10,6,第6回令和6年度高砂市一般会計補正予算,可決,まつかぜ,坂本 まり,M008,賛成
D10,7,第7回令和6年度高砂市一般会計補正予算,可決,新政会,入江 啓太,M002,賛成
D10,7,第7回令和6年度高砂市一般会計補正予算,可決,新政会,岩見 明,M004,賛成
D10,7,第7回令和6年度高砂市一般会計補正予算,可決,新政会,藤森 誠,M015,賛成
D10,7,第7回令和6年度高砂市一般会計補正予算,可決,新政会,川端 宏明,M006,賛成
D10,7,第7回令和6年度高砂市一般会計補正予算,可決,新政会,島津 明香,M011,賛成
D10,7,第7回令和6年度高砂市一般会計補正予算,可決,新政会,今竹 大祐,M003,賛成
D10,7,第7回令和6年度高砂市一般会計補正予算,可決,迫川 高行 注,春増 勝利,M014,賛成
D10,7,第7回令和6年度高砂市一般会計補正予算,可決,迫川 高行 注,森 秀樹,M017,賛成
D10,7,第7回令和6年度高砂市一般会計補正予算,可決,明風会,石崎 徹,M001,賛成
D10,7,第7回令和6年度高砂市一般会計補正予算,可決,明風会,鷹尾 治久,M013,賛成
D10,7,第7回令和6年度高砂市一般会計補正予算,可決,明風会,芝本 鎮彰,M010,賛成
D10,7,第7回令和6年度高砂市一般会計補正予算,可決,未来ネット,鈴木 利信,M012,賛成
D10,7,第7回令和6年度高砂市一般会計補正予算,可決,未来ネット,北野 誠一郎,M007,賛成
D10,7,第7回令和6年度高砂市一般会計補正予算,可決,民主クラブ,松野 優也,M016,賛成
D10,7,第7回令和6年度高砂市一般会計補正予算,可決,民主クラブ,山田 光昭,M018,賛成
D10,7,第7回令和6年度高砂市一般会計補正予算,可決,日本共産党,大西 由紀,M005,反対
D10,7,第7回令和6年度高砂市一般会計補正予算,可決,まつかぜ,坂本 まり,M008,賛成
D10,8,第4回令和6年度高砂市水道事業会計補正予算,可決,新政会,入江 啓太,M002,賛成
D10,8,第4回令和6年度高砂市水道事業会計補正予算,可決,新政会,岩見 明,M004,賛成
D10,8,第4回令和6年度高砂市水道事業会計補正予算,可決,新政会,藤森 誠,M015,賛成
D10,8,第4回令和6年度高砂市水道事業会計補正予算,可決,新政会,川端 宏明,M006,賛成
D10,8,第4回令和6年度高砂市水道事業会計補正予算,可決,新政会,島津 明香,M011,賛成
D10,8,第4回令和6年度高砂市水道事業会計補正予算,可決,新政会,今竹 大祐,M003,賛成
D10,8,第4回令和6年度高砂市水道事業会計補正予算,可決,迫川 高行 注,春増 勝利,M014,賛成
D10,8,第4回令和6年度高砂市水道事業会計補正予算,可決,迫川 高行 注,森 秀樹,M017,賛成
D10,8,第4回令和6年度高砂市水道事業会計補正予算,可決,明風会,石崎 徹,M001,賛成
D10,8,第4回令和6年度高砂市水道事業会計補正予算,可決,明風会,鷹尾 治久,M013,賛成
D10,8,第4回令和6年度高砂市水道事業会計補正予算,可決,明風会,芝本 鎮彰,M010,賛成
D10,8,第4回令和6年度高砂市水道事業会計補正予算,可決,未来ネット,鈴木 利信,M012,賛成
D10,8,第4回令和6年度高砂市水道事業会計補正予算,可決,未来ネット,北野 誠一郎,M007,賛成
D10,8,第4回令和6年度高砂市水道事業会計補正予算,可決,民主クラブ,松野 優也,M016,賛成
D10,8,第4回令和6年度高砂市水道事業会計補正予算,可決,民主クラブ,山田 光昭,M018,賛成
D10,8,第4回令和6年度高砂市水道事業会計補正予算,可決,日本共産党,大西 由紀,M005,反対
D10,8,第4回令和6年度高砂市水道事業会計補正予算,可決,まつかぜ,坂本 まり,M008,賛成
D10,9,第2回令和6年度高砂市病院事業会計補正予算,可決,新政会,入江 啓太,M002,賛成
D10,9,第2回令和6年度高砂市病院事業会計補正予算,可決,新政会,岩見 明,M004,賛成
D10,9,第2回令和6年度高砂市病院事業会計補正予算,可決,新政会,藤森 誠,M015,賛成
D10,9,第2回令和6年度高砂市病院事業会計補正予算,可決,新政会,川端 宏明,M006,賛成
D10,9,第2回令和6年度高砂市病院事業会計補正予算,可決,新政会,島津 明香,M011,賛成
D10,9,第2回令和6年度高砂市病院事業会計補正予算,可決,新政会,今竹 大祐,M003,賛成
D10,9,第2回令和6年度高砂市病院事業会計補正予算,可決,迫川 高行 注,春増 勝利,M014,賛成
D10,9,第2回令和6年度高砂市病院事業会計補正予算,可決,迫川 高行 注,森 秀樹,M017,賛成
D10,9,第2回令和6年度高砂市病院事業会計補正予算,可決,明風会,石崎 徹,M001,賛成
D10,9,第2回令和6年度高砂市病院事業会計補正予算,可決,明風会,鷹尾 治久,M013,賛成
D10,9,第2回令和6年度高砂市病院事業会計補正予算,可決,明風会,芝本 鎮彰,M010,賛成
D10,9,第2回令和6年度高砂市病院事業会計補正予算,可決,未来ネット,鈴木 利信,M012,賛成
D10,9,第2回令和6年度高砂市病院事業会計補正予算,可決,未来ネット,北野 誠一郎,M007,賛成
D10,9,第2回令和6年度高砂市病院事業会計補正予算,可決,民主クラブ,松野 優也,M016,賛成
D10,9,第2回令和6年度高砂市病院事業会計補正予算,可決,民主クラブ,山田 光昭,M018,賛成
D10,9,第2回令和6年度高砂市病院事業会計補正予算,可決,日本共産党,大西 由紀,M005,反対
D10,9,第2回令和6年度高砂市病院事業会計補正予算,可決,まつかぜ,坂本 まり,M008,賛成
D10,9,第2回令和6年度高砂市病院事業会計補正予算,可決,新政会,入江 啓太,M002,賛成
D10,9,第2回令和6年度高砂市病院事業会計補正予算,可決,新政会,岩見 明,M004,賛成
D10,9,第2回令和6年度高砂市病院事業会計補正予算,可決,新政会,藤森 誠,M015,賛成
D10,9,第2回令和6年度高砂市病院事業会計補正予算,可決,新政会,川端 宏明,M006,賛成
D10,9,第2回令和6年度高砂市病院事業会計補正予算,可決,新政会,島津 明香,M011,賛成
D10,9,第2回令和6年度高砂市病院事業会計補正予算,可決,新政会,今竹 大祐,M003,賛成
D10,9,第2回令和6年度高砂市病院事業会計補正予算,可決,迫川 高行 注,春増 勝利,M014,賛成
D10,9,第2回令和6年度高砂市病院事業会計補正予算,可決,迫川 高行 注,森 秀樹,M017,賛成
D10,9,第2回令和6年度高砂市病院事業会計補正予算,可決,明風会,石崎 徹,M001,賛成
D10,9,第2回令和6年度高砂市病院事業会計補正予算,可決,明風会,鷹尾 治久,M013,賛成
D10,9,第2回令和6年度高砂市病院事業会計補正予算,可決,明風会,芝本 鎮彰,M010,賛成
D10,9,第2回令和6年度高砂市病院事業会計補正予算,可決,未来ネット,鈴木 利信,M012,賛成
D10,9,第2回令和6年度高砂市病院事業会計補正予算,可決,未来ネット,北野 誠一郎,M007,賛成
D10,9,第2回令和6年度高砂市病院事業会計補正予算,可決,民主クラブ,松野 優也,M016,賛成
D10,9,第2回令和6年度高砂市病院事業会計補正予算,可決,民主クラブ,山田 光昭,M018,賛成
D10,9,第2回令和6年度高砂市病院事業会計補正予算,可決,日本共産党,大西 由紀,M005,反対
D10,9,第2回令和6年度高砂市病院事業会計補正予算,可決,まつかぜ,坂本 まり,M008,賛成
D10,10,令和5年度高砂市一般会計歳入歳出決算認定について,認定,新政会,入江 啓太,M002,賛成
D10,10,令和5年度高砂市一般会計歳入歳出決算認定について,認定,新政会,岩見 明,M004,賛成
D10,10,令和5年度高砂市一般会計歳入歳出決算認定について,認定,新政会,藤森 誠,M015,賛成
D10,10,令和5年度高砂市一般会計歳入歳出決算認定について,認定,新政会,川端 宏明,M006,賛成
D10,10,令和5年度高砂市一般会計歳入歳出決算認定について,認定,新政会,島津 明香,M011,賛成
D10,10,令和5年度高砂市一般会計歳入歳出決算認定について,認定,新政会,今竹 大祐,M003,賛成
D10,10,令和5年度高砂市一般会計歳入歳出決算認定について,認定,迫川 高行 注,春増 勝利,M014,賛成
D10,10,令和5年度高砂市一般会計歳入歳出決算認定について,認定,迫川 高行 注,森 秀樹,M017,賛成
D10,10,令和5年度高砂市一般会計歳入歳出決算認定について,認定,明風会,石崎 徹,M001,賛成
D10,10,令和5年度高砂市一般会計歳入歳出決算認定について,認定,明風会,鷹尾 治久,M013,賛成
D10,10,令和5年度高砂市一般会計歳入歳出決算認定について,認定,明風会,芝本 鎮彰,M010,賛成
D10,10,令和5年度高砂市一般会計歳入歳出決算認定について,認定,未来ネット,鈴木 利信,M012,賛成
D10,10,令和5年度高砂市一般会計歳入歳出決算認定について,認定,未来ネット,北野 誠一郎,M007,賛成
D10,10,令和5年度高砂市一般会計歳入歳出決算認定について,認定,民主クラブ,松野 優也,M016,賛成
D10,10,令和5年度高砂市一般会計歳入歳出決算認定について,認定,民主クラブ,山田 光昭,M018,賛成
D10,10,令和5年度高砂市一般会計歳入歳出決算認定について,認定,日本共産党,大西 由紀,M005,反対
D10,10,令和5年度高砂市一般会計歳入歳出決算認定について,認定,まつかぜ,坂本 まり,M008,賛成
D10,11,令和5年度高砂市国民健康保険事業特別会計歳入歳出決算認定について,認定,新政会,入江 啓太,M002,賛成
D10,11,令和5年度高砂市国民健康保険事業特別会計歳入歳出決算認定について,認定,新政会,岩見 明,M004,賛成
D10,11,令和5年度高砂市国民健康保険事業特別会計歳入歳出決算認定について,認定,新政会,藤森 誠,M015,賛成
D10,11,令和5年度高砂市国民健康保険事業特別会計歳入歳出決算認定について,認定,新政会,川端 宏明,M006,賛成
D10,11,令和5年度高砂市国民健康保険事業特別会計歳入歳出決算認定について,認定,新政会,島津 明香,M011,賛成
D10,11,令和5年度高砂市国民健康保険事業特別会計歳入歳出決算認定について,認定,新政会,今竹 大祐,M003,賛成
D10,11,令和5年度高砂市国民健康保険事業特別会計歳入歳出決算認定について,認定,迫川 高行 注,春増 勝利,M014,賛成
D10,11,令和5年度高砂市国民健康保険事業特別会計歳入歳出決算認定について,認定,迫川 高行 注,森 秀樹,M017,賛成
D10,11,令和5年度高砂市国民健康保険事業特別会計歳入歳出決算認定について,認定,明風会,石崎 徹,M001,賛成
D10,11,令和5年度高砂市国民健康保険事業特別会計歳入歳出決算認定について,認定,明風会,鷹尾 治久,M013,賛成
D10,11,令和5年度高砂市国民健康保険事業特別会計歳入歳出決算認定について,認定,明風会,芝本 鎮彰,M010,賛成
D10,11,令和5年度高砂市国民健康保険事業特別会計歳入歳出決算認定について,認定,未来ネット,鈴木 利信,M012,賛成
D10,11,令和5年度高砂市国民健康保険事業特別会計歳入歳出決算認定について,認定,未来ネット,北野 誠一郎,M007,賛成
D10,11,令和5年度高砂市国民健康保険事業特別会計歳入歳出決算認定について,認定,民主クラブ,松野 優也,M016,賛成
D10,11,令和5年度高砂市国民健康保険事業特別会計歳入歳出決算認定について,認定,民主クラブ,山田 光昭,M018,賛成
D10,11,令和5年度高砂市国民健康保険事業特別会計歳入歳出決算認定について,認定,日本共産党,大西 由紀,M005,反対
D10,11,令和5年度高砂市国民健康保険事業特別会計歳入歳出決算認定について,認定,まつかぜ,坂本 まり,M008,賛成
D10,12,令和5年度高砂市後期高齢者医療事業特別会計歳入歳出決算認定について,認定,新政会,入江 啓太,M002,賛成
D10,12,令和5年度高砂市後期高齢者医療事業特別会計歳入歳出決算認定について,認定,新政会,岩見 明,M004,賛成
D10,12,令和5年度高砂市後期高齢者医療事業特別会計歳入歳出決算認定について,認定,新政会,藤森 誠,M015,賛成
D10,12,令和5年度高砂市後期高齢者医療事業特別会計歳入歳出決算認定について,認定,新政会,川端 宏明,M006,賛成
D10,12,令和5年度高砂市後期高齢者医療事業特別会計歳入歳出決算認定について,認定,新政会,島津 明香,M011,賛成
D10,12,令和5年度高砂市後期高齢者医療事業特別会計歳入歳出決算認定について,認定,新政会,今竹 大祐,M003,賛成
D10,12,令和5年度高砂市後期高齢者医療事業特別会計歳入歳出決算認定について,認定,迫川 高行 注,春増 勝利,M014,賛成
D10,12,令和5年度高砂市後期高齢者医療事業特別会計歳入歳出決算認定について,認定,迫川 高行 注,森 秀樹,M017,賛成
D10,12,令和5年度高砂市後期高齢者医療事業特別会計歳入歳出決算認定について,認定,明風会,石崎 徹,M001,賛成
D10,12,令和5年度高砂市後期高齢者医療事業特別会計歳入歳出決算認定について,認定,明風会,鷹尾 治久,M013,賛成
D10,12,令和5年度高砂市後期高齢者医療事業特別会計歳入歳出決算認定について,認定,明風会,芝本 鎮彰,M010,賛成
D10,12,令和5年度高砂市後期高齢者医療事業特別会計歳入歳出決算認定について,認定,未来ネット,鈴木 利信,M012,賛成
D10,12,令和5年度高砂市後期高齢者医療事業特別会計歳入歳出決算認定について,認定,未来ネット,北野 誠一郎,M007,賛成
D10,12,令和5年度高砂市後期高齢者医療事業特別会計歳入歳出決算認定について,認定,民主クラブ,松野 優也,M016,賛成
D10,12,令和5年度高砂市後期高齢者医療事業特別会計歳入歳出決算認定について,認定,民主クラブ,山田 光昭,M018,賛成
D10,12,令和5年度高砂市後期高齢者医療事業特別会計歳入歳出決算認定について,認定,日本共産党,大西 由紀,M005,反対
D10,12,令和5年度高砂市後期高齢者医療事業特別会計歳入歳出決算認定について,認定,まつかぜ,坂本 まり,M008,賛成
D10,13,令和5年度高砂市介護保険事業特別会計歳入歳出決算認定について,認定,新政会,入江 啓太,M002,賛成
D10,13,令和5年度高砂市介護保険事業特別会計歳入歳出決算認定について,認定,新政会,岩見 明,M004,賛成
D10,13,令和5年度高砂市介護保険事業特別会計歳入歳出決算認定について,認定,新政会,藤森 誠,M015,賛成
D10,13,令和5年度高砂市介護保険事業特別会計歳入歳出決算認定について,認定,新政会,川端 宏明,M006,賛成
D10,13,令和5年度高砂市介護保険事業特別会計歳入歳出決算認定について,認定,新政会,島津 明香,M011,賛成
D10,13,令和5年度高砂市介護保険事業特別会計歳入歳出決算認定について,認定,新政会,今竹 大祐,M003,賛成
D10,13,令和5年度高砂市介護保険事業特別会計歳入歳出決算認定について,認定,迫川 高行 注,春増 勝利,M014,賛成
D10,13,令和5年度高砂市介護保険事業特別会計歳入歳出決算認定について,認定,迫川 高行 注,森 秀樹,M017,賛成
D10,13,令和5年度高砂市介護保険事業特別会計歳入歳出決算認定について,認定,明風会,石崎 徹,M001,賛成
D10,13,令和5年度高砂市介護保険事業特別会計歳入歳出決算認定について,認定,明風会,鷹尾 治久,M013,賛成
D10,13,令和5年度高砂市介護保険事業特別会計歳入歳出決算認定について,認定,明風会,芝本 鎮彰,M010,賛成
D10,13,令和5年度高砂市介護保険事業特別会計歳入歳出決算認定について,認定,未来ネット,鈴木 利信,M012,賛成
D10,13,令和5年度高砂市介護保険事業特別会計歳入歳出決算認定について,認定,未来ネット,北野 誠一郎,M007,賛成
D10,13,令和5年度高砂市介護保険事業特別会計歳入歳出決算認定について,認定,民主クラブ,松野 優也,M016,賛成
D10,13,令和5年度高砂市介護保険事業特別会計歳入歳出決算認定について,認定,民主クラブ,山田 光昭,M018,賛成
D10,13,令和5年度高砂市介護保険事業特別会計歳入歳出決算認定について,認定,日本共産党,大西 由紀,M005,反対
D10,13,令和5年度高砂市介護保険事業特別会計歳入歳出決算認定について,認定,まつかぜ,坂本 まり,M008,賛成
D10,14,令和5年度高砂市水道事業会計決算認定について,認定,新政会,入江 啓太,M002,賛成
D10,14,令和5年度高砂市水道事業会計決算認定について,認定,新政会,岩見 明,M004,賛成
D10,14,令和5年度高砂市水道事業会計決算認定について,認定,新政会,藤森 誠,M015,賛成
D10,14,令和5年度高砂市水道事業会計決算認定について,認定,新政会,川端 宏明,M006,賛成
D10,14,令和5年度高砂市水道事業会計決算認定について,認定,新政会,島津 明香,M011,賛成
D10,14,令和5年度高砂市水道事業会計決算認定について,認定,新政会,今竹 大祐,M003,賛成
D10,14,令和5年度高砂市水道事業会計決算認定について,認定,迫川 高行 注,春増 勝利,M014,賛成
D10,14,令和5年度高砂市水道事業会計決算認定について,認定,迫川 高行 注,森 秀樹,M017,賛成
D10,14,令和5年度高砂市水道事業会計決算認定について,認定,明風会,石崎 徹,M001,賛成
D10,14,令和5年度高砂市水道事業会計決算認定について,認定,明風会,鷹尾 治久,M013,賛成
D10,14,令和5年度高砂市水道事業会計決算認定について,認定,明風会,芝本 鎮彰,M010,賛成
D10,14,令和5年度高砂市水道事業会計決算認定について,認定,未来ネット,鈴木 利信,M012,賛成
D10,14,令和5年度高砂市水道事業会計決算認定について,認定,未来ネット,北野 誠一郎,M007,賛成
D10,14,令和5年度高砂市水道事業会計決算認定について,認定,民主クラブ,松野 優也,M016,賛成
D10,14,令和5年度高砂市水道事業会計決算認定について,認定,民主クラブ,山田 光昭,M018,賛成
D10,14,令和5年度高砂市水道事業会計決算認定について,認定,日本共産党,大西 由紀,M005,反対
D10,14,令和5年度高砂市水道事業会計決算認定について,認定,まつかぜ,坂本 まり,M008,賛成
D10,15,令和5年度高砂市病院事業会計決算認定について,認定,新政会,入江 啓太,M002,賛成
D10,15,令和5年度高砂市病院事業会計決算認定について,認定,新政会,岩見 明,M004,賛成
D10,15,令和5年度高砂市病院事業会計決算認定について,認定,新政会,藤森 誠,M015,賛成
D10,15,令和5年度高砂市病院事業会計決算認定について,認定,新政会,川端 宏明,M006,賛成
D10,15,令和5年度高砂市病院事業会計決算認定について,認定,新政会,島津 明香,M011,賛成
D10,15,令和5年度高砂市病院事業会計決算認定について,認定,新政会,今竹 大祐,M003,賛成
D10,15,令和5年度高砂市病院事業会計決算認定について,認定,迫川 高行 注,春増 勝利,M014,賛成
D10,15,令和5年度高砂市病院事業会計決算認定について,認定,迫川 高行 注,森 秀樹,M017,賛成
D10,15,令和5年度高砂市病院事業会計決算認定について,認定,明風会,石崎 徹,M001,賛成
D10,15,令和5年度高砂市病院事業会計決算認定について,認定,明風会,鷹尾 治久,M013,賛成
D10,15,令和5年度高砂市病院事業会計決算認定について,認定,明風会,芝本 鎮彰,M010,賛成
D10,15,令和5年度高砂市病院事業会計決算認定について,認定,未来ネット,鈴木 利信,M012,賛成
D10,15,令和5年度高砂市病院事業会計決算認定について,認定,未来ネット,北野 誠一郎,M007,賛成
D10,15,令和5年度高砂市病院事業会計決算認定について,認定,民主クラブ,松野 優也,M016,賛成
D10,15,令和5年度高砂市病院事業会計決算認定について,認定,民主クラブ,山田 光昭,M018,賛成
D10,15,令和5年度高砂市病院事業会計決算認定について,認定,日本共産党,大西 由紀,M005,反対
D10,15,令和5年度高砂市病院事業会計決算認定について,認定,まつかぜ,坂本 まり,M008,賛成
D11,1,第8回令和6年度高砂市一般会計補正予算,可決,新政会,入江 啓太,M002,賛成
D11,1,第8回令和6年度高砂市一般会計補正予算,可決,新政会,岩見 明,M004,賛成
D11,1,第8回令和6年度高砂市一般会計補正予算,可決,新政会,藤森 誠,M015,賛成
D11,1,第8回令和6年度高砂市一般会計補正予算,可決,新政会,川端 宏明,M006,賛成
D11,1,第8回令和6年度高砂市一般会計補正予算,可決,新政会,島津 明香,M011,賛成
D11,1,第8回令和6年度高砂市一般会計補正予算,可決,新政会,今竹 大祐,M003,賛成
D11,1,第8回令和6年度高砂市一般会計補正予算,可決,迫川 高行 (注),春増 勝利,M014,賛成
D11,1,第8回令和6年度高砂市一般会計補正予算,可決,迫川 高行 (注),森 秀樹,M017,賛成
D11,1,第8回令和6年度高砂市一般会計補正予算,可決,明風会,石崎 徹,M001,賛成
D11,1,第8回令和6年度高砂市一般会計補正予算,可決,明風会,鷹尾 治久,M013,賛成
D11,1,第8回令和6年度高砂市一般会計補正予算,可決,明風会,芝本 鎮彰,M010,賛成
D11,1,第8回令和6年度高砂市一般会計補正予算,可決,未来ネット,鈴木 利信,M012,賛成
D11,1,第8回令和6年度高砂市一般会計補正予算,可決,未来ネット,北野 誠一郎,M007,賛成
D11,1,第8回令和6年度高砂市一般会計補正予算,可決,民主クラブ,松野 優也,M016,賛成
D11,1,第8回令和6年度高砂市一般会計補正予算,可決,民主クラブ,山田 光昭,M018,賛成
D11,1,第8回令和6年度高砂市一般会計補正予算,可決,日本維新の会,横田 英樹,M019,賛成
D11,1,第8回令和6年度高砂市一般会計補正予算,可決,日本共産党,大西 由紀,M005,賛成
D11,1,第8回令和6年度高砂市一般会計補正予算,可決,まつかぜ,坂本 まり,M008,賛成
D11,2,第10回令和6年度高砂市一般会計補正予算,可決,新政会,入江 啓太,M002,賛成
D11,2,第10回令和6年度高砂市一般会計補正予算,可決,新政会,岩見 明,M004,賛成
D11,2,第10回令和6年度高砂市一般会計補正予算,可決,新政会,藤森 誠,M015,賛成
D11,2,第10回令和6年度高砂市一般会計補正予算,可決,新政会,川端 宏明,M006,賛成
D11,2,第10回令和6年度高砂市一般会計補正予算,可決,新政会,島津 明香,M011,賛成
D11,2,第10回令和6年度高砂市一般会計補正予算,可決,新政会,今竹 大祐,M003,欠席
D11,2,第10回令和6年度高砂市一般会計補正予算,可決,迫川 高行 (注),春増 勝利,M014,賛成
D11,2,第10回令和6年度高砂市一般会計補正予算,可決,迫川 高行 (注),森 秀樹,M017,賛成
D11,2,第10回令和6年度高砂市一般会計補正予算,可決,明風会,石崎 徹,M001,賛成
D11,2,第10回令和6年度高砂市一般会計補正予算,可決,明風会,鷹尾 治久,M013,賛成
D11,2,第10回令和6年度高砂市一般会計補正予算,可決,明風会,芝本 鎮彰,M010,賛成
D11,2,第10回令和6年度高砂市一般会計補正予算,可決,未来ネット,鈴木 利信,M012,賛成
D11,2,第10回令和6年度高砂市一般会計補正予算,可決,未来ネット,北野 誠一郎,M007,賛成
D11,2,第10回令和6年度高砂市一般会計補正予算,可決,民主クラブ,松野 優也,M016,賛成
D11,2,第10回令和6年度高砂市一般会計補正予算,可決,民主クラブ,山田 光昭,M018,賛成
D11,2,第10回令和6年度高砂市一般会計補正予算,可決,日本維新の会,横田 英樹,M019,賛成
D11,2,第10回令和6年度高砂市一般会計補正予算,可決,日本共産党,大西 由紀,M005,反対
D11,2,第10回令和6年度高砂市一般会計補正予算,可決,まつかぜ,坂本 まり,M008,賛成
D11,3,行政手続における特定の個人を識別するための番号の利用等に関する法律に基づく個人番号の利用及び特定個人情報の提供に関する条例の一部を改正する条例を定めることについて,可決,新政会,入江 啓太,M002,賛成
D11,3,行政手続における特定の個人を識別するための番号の利用等に関する法律に基づく個人番号の利用及び特定個人情報の提供に関する条例の一部を改正する条例を定めることについて,可決,新政会,岩見 明,M004,賛成
D11,3,行政手続における特定の個人を識別するための番号の利用等に関する法律に基づく個人番号の利用及び特定個人情報の提供に関する条例の一部を改正する条例を定めることについて,可決,新政会,藤森 誠,M015,賛成
D11,3,行政手続における特定の個人を識別するための番号の利用等に関する法律に基づく個人番号の利用及び特定個人情報の提供に関する条例の一部を改正する条例を定めることについて,可決,新政会,川端 宏明,M006,賛成
D11,3,行政手続における特定の個人を識別するための番号の利用等に関する法律に基づく個人番号の利用及び特定個人情報の提供に関する条例の一部を改正する条例を定めることについて,可決,新政会,島津 明香,M011,賛成
D11,3,行政手続における特定の個人を識別するための番号の利用等に関する法律に基づく個人番号の利用及び特定個人情報の提供に関する条例の一部を改正する条例を定めることについて,可決,新政会,今竹 大祐,M003,賛成
D11,3,行政手続における特定の個人を識別するための番号の利用等に関する法律に基づく個人番号の利用及び特定個人情報の提供に関する条例の一部を改正する条例を定めることについて,可決,迫川 高行 (注),春増 勝利,M014,賛成
D11,3,行政手続における特定の個人を識別するための番号の利用等に関する法律に基づく個人番号の利用及び特定個人情報の提供に関する条例の一部を改正する条例を定めることについて,可決,迫川 高行 (注),森 秀樹,M017,賛成
D11,3,行政手続における特定の個人を識別するための番号の利用等に関する法律に基づく個人番号の利用及び特定個人情報の提供に関する条例の一部を改正する条例を定めることについて,可決,明風会,石崎 徹,M001,賛成
D11,3,行政手続における特定の個人を識別するための番号の利用等に関する法律に基づく個人番号の利用及び特定個人情報の提供に関する条例の一部を改正する条例を定めることについて,可決,明風会,鷹尾 治久,M013,賛成
D11,3,行政手続における特定の個人を識別するための番号の利用等に関する法律に基づく個人番号の利用及び特定個人情報の提供に関する条例の一部を改正する条例を定めることについて,可決,明風会,芝本 鎮彰,M010,賛成
D11,3,行政手続における特定の個人を識別するための番号の利用等に関する法律に基づく個人番号の利用及び特定個人情報の提供に関する条例の一部を改正する条例を定めることについて,可決,未来ネット,鈴木 利信,M012,賛成
D11,3,行政手続における特定の個人を識別するための番号の利用等に関する法律に基づく個人番号の利用及び特定個人情報の提供に関する条例の一部を改正する条例を定めることについて,可決,未来ネット,北野 誠一郎,M007,賛成
D11,3,行政手続における特定の個人を識別するための番号の利用等に関する法律に基づく個人番号の利用及び特定個人情報の提供に関する条例の一部を改正する条例を定めることについて,可決,民主クラブ,松野 優也,M016,賛成
D11,3,行政手続における特定の個人を識別するための番号の利用等に関する法律に基づく個人番号の利用及び特定個人情報の提供に関する条例の一部を改正する条例を定めることについて,可決,民主クラブ,山田 光昭,M018,賛成
D11,3,行政手続における特定の個人を識別するための番号の利用等に関する法律に基づく個人番号の利用及び特定個人情報の提供に関する条例の一部を改正する条例を定めることについて,可決,日本維新の会,横田 英樹,M019,賛成
D11,3,行政手続における特定の個人を識別するための番号の利用等に関する法律に基づく個人番号の利用及び特定個人情報の提供に関する条例の一部を改正する条例を定めることについて,可決,日本共産党,大西 由紀,M005,反対
D11,3,行政手続における特定の個人を識別するための番号の利用等に関する法律に基づく個人番号の利用及び特定個人情報の提供に関する条例の一部を改正する条例を定めることについて,可決,まつかぜ,坂本 まり,M008,賛成
D11,4,刑法等の一部を改正する法律の施行に伴う関係条例の整理に関する条例を定めることについて,可決,新政会,入江 啓太,M002,賛成
D11,4,刑法等の一部を改正する法律の施行に伴う関係条例の整理に関する条例を定めることについて,可決,新政会,岩見 明,M004,賛成
D11,4,刑法等の一部を改正する法律の施行に伴う関係条例の整理に関する条例を定めることについて,可決,新政会,藤森 誠,M015,賛成
D11,4,刑法等の一部を改正する法律の施行に伴う関係条例の整理に関する条例を定めることについて,可決,新政会,川端 宏明,M006,賛成
D11,4,刑法等の一部を改正する法律の施行に伴う関係条例の整理に関する条例を定めることについて,可決,新政会,島津 明香,M011,賛成
D11,4,刑法等の一部を改正する法律の施行に伴う関係条例の整理に関する条例を定めることについて,可決,新政会,今竹 大祐,M003,賛成
D11,4,刑法等の一部を改正する法律の施行に伴う関係条例の整理に関する条例を定めることについて,可決,迫川 高行 (注),春増 勝利,M014,賛成
D11,4,刑法等の一部を改正する法律の施行に伴う関係条例の整理に関する条例を定めることについて,可決,迫川 高行 (注),森 秀樹,M017,賛成
D11,4,刑法等の一部を改正する法律の施行に伴う関係条例の整理に関する条例を定めることについて,可決,明風会,石崎 徹,M001,賛成
D11,4,刑法等の一部を改正する法律の施行に伴う関係条例の整理に関する条例を定めることについて,可決,明風会,鷹尾 治久,M013,賛成
D11,4,刑法等の一部を改正する法律の施行に伴う関係条例の整理に関する条例を定めることについて,可決,明風会,芝本 鎮彰,M010,賛成
D11,4,刑法等の一部を改正する法律の施行に伴う関係条例の整理に関する条例を定めることについて,可決,未来ネット,鈴木 利信,M012,賛成
D11,4,刑法等の一部を改正する法律の施行に伴う関係条例の整理に関する条例を定めることについて,可決,未来ネット,北野 誠一郎,M007,賛成
D11,4,刑法等の一部を改正する法律の施行に伴う関係条例の整理に関する条例を定めることについて,可決,民主クラブ,松野 優也,M016,賛成
D11,4,刑法等の一部を改正する法律の施行に伴う関係条例の整理に関する条例を定めることについて,可決,民主クラブ,山田 光昭,M018,賛成
D11,4,刑法等の一部を改正する法律の施行に伴う関係条例の整理に関する条例を定めることについて,可決,日本維新の会,横田 英樹,M019,賛成
D11,4,刑法等の一部を改正する法律の施行に伴う関係条例の整理に関する条例を定めることについて,可決,日本共産党,大西 由紀,M005,反対
D11,4,刑法等の一部を改正する法律の施行に伴う関係条例の整理に関する条例を定めることについて,可決,まつかぜ,坂本 まり,M008,賛成
D11,5,高砂市国民健康保険条例の一部を改正する条例を定めることについて,可決,新政会,入江 啓太,M002,賛成
D11,5,高砂市国民健康保険条例の一部を改正する条例を定めることについて,可決,新政会,岩見 明,M004,賛成
D11,5,高砂市国民健康保険条例の一部を改正する条例を定めることについて,可決,新政会,藤森 誠,M015,賛成
D11,5,高砂市国民健康保険条例の一部を改正する条例を定めることについて,可決,新政会,川端 宏明,M006,賛成
D11,5,高砂市国民健康保険条例の一部を改正する条例を定めることについて,可決,新政会,島津 明香,M011,賛成
D11,5,高砂市国民健康保険条例の一部を改正する条例を定めることについて,可決,新政会,今竹 大祐,M003,賛成
D11,5,高砂市国民健康保険条例の一部を改正する条例を定めることについて,可決,迫川 高行 (注),春増 勝利,M014,賛成
D11,5,高砂市国民健康保険条例の一部を改正する条例を定めることについて,可決,迫川 高行 (注),森 秀樹,M017,賛成
D11,5,高砂市国民健康保険条例の一部を改正する条例を定めることについて,可決,明風会,石崎 徹,M001,賛成
D11,5,高砂市国民健康保険条例の一部を改正する条例を定めることについて,可決,明風会,鷹尾 治久,M013,賛成
D11,5,高砂市国民健康保険条例の一部を改正する条例を定めることについて,可決,明風会,芝本 鎮彰,M010,賛成
D11,5,高砂市国民健康保険条例の一部を改正する条例を定めることについて,可決,未来ネット,鈴木 利信,M012,賛成
D11,5,高砂市国民健康保険条例の一部を改正する条例を定めることについて,可決,未来ネット,北野 誠一郎,M007,賛成
D11,5,高砂市国民健康保険条例の一部を改正する条例を定めることについて,可決,民主クラブ,松野 優也,M016,賛成
D11,5,高砂市国民健康保険条例の一部を改正する条例を定めることについて,可決,民主クラブ,山田 光昭,M018,賛成
D11,5,高砂市国民健康保険条例の一部を改正する条例を定めることについて,可決,日本維新の会,横田 英樹,M019,賛成
D11,5,高砂市国民健康保険条例の一部を改正する条例を定めることについて,可決,日本共産党,大西 由紀,M005,反対
D11,5,高砂市国民健康保険条例の一部を改正する条例を定めることについて,可決,まつかぜ,坂本 まり,M008,賛成
D11,6,令和7年度高砂市一般会計予算,可決,新政会,入江 啓太,M002,賛成
D11,6,令和7年度高砂市一般会計予算,可決,新政会,岩見 明,M004,賛成
D11,6,令和7年度高砂市一般会計予算,可決,新政会,藤森 誠,M015,賛成
D11,6,令和7年度高砂市一般会計予算,可決,新政会,川端 宏明,M006,賛成
D11,6,令和7年度高砂市一般会計予算,可決,新政会,島津 明香,M011,賛成
D11,6,令和7年度高砂市一般会計予算,可決,新政会,今竹 大祐,M003,賛成
D11,6,令和7年度高砂市一般会計予算,可決,迫川 高行 (注),春増 勝利,M014,賛成
D11,6,令和7年度高砂市一般会計予算,可決,迫川 高行 (注),森 秀樹,M017,賛成
D11,6,令和7年度高砂市一般会計予算,可決,明風会,石崎 徹,M001,賛成
D11,6,令和7年度高砂市一般会計予算,可決,明風会,鷹尾 治久,M013,賛成
D11,6,令和7年度高砂市一般会計予算,可決,明風会,芝本 鎮彰,M010,賛成
D11,6,令和7年度高砂市一般会計予算,可決,未来ネット,鈴木 利信,M012,賛成
D11,6,令和7年度高砂市一般会計予算,可決,未来ネット,北野 誠一郎,M007,賛成
D11,6,令和7年度高砂市一般会計予算,可決,民主クラブ,松野 優也,M016,賛成
D11,6,令和7年度高砂市一般会計予算,可決,民主クラブ,山田 光昭,M018,賛成
D11,6,令和7年度高砂市一般会計予算,可決,日本維新の会,横田 英樹,M019,賛成
D11,6,令和7年度高砂市一般会計予算,可決,日本共産党,大西 由紀,M005,反対
D11,6,令和7年度高砂市一般会計予算,可決,まつかぜ,坂本 まり,M008,賛成
D11,7,令和7年度高砂市国民健康保険事業特別会計予算,可決,新政会,入江 啓太,M002,賛成
D11,7,令和7年度高砂市国民健康保険事業特別会計予算,可決,新政会,岩見 明,M004,賛成
D11,7,令和7年度高砂市国民健康保険事業特別会計予算,可決,新政会,藤森 誠,M015,賛成
D11,7,令和7年度高砂市国民健康保険事業特別会計予算,可決,新政会,川端 宏明,M006,賛成
D11,7,令和7年度高砂市国民健康保険事業特別会計予算,可決,新政会,島津 明香,M011,賛成
D11,7,令和7年度高砂市国民健康保険事業特別会計予算,可決,新政会,今竹 大祐,M003,賛成
D11,7,令和7年度高砂市国民健康保険事業特別会計予算,可決,迫川 高行 (注),春増 勝利,M014,賛成
D11,7,令和7年度高砂市国民健康保険事業特別会計予算,可決,迫川 高行 (注),森 秀樹,M017,賛成
D11,7,令和7年度高砂市国民健康保険事業特別会計予算,可決,明風会,石崎 徹,M001,賛成
D11,7,令和7年度高砂市国民健康保険事業特別会計予算,可決,明風会,鷹尾 治久,M013,賛成
D11,7,令和7年度高砂市国民健康保険事業特別会計予算,可決,明風会,芝本 鎮彰,M010,賛成
D11,7,令和7年度高砂市国民健康保険事業特別会計予算,可決,未来ネット,鈴木 利信,M012,賛成
D11,7,令和7年度高砂市国民健康保険事業特別会計予算,可決,未来ネット,北野 誠一郎,M007,賛成
D11,7,令和7年度高砂市国民健康保険事業特別会計予算,可決,民主クラブ,松野 優也,M016,賛成
D11,7,令和7年度高砂市国民健康保険事業特別会計予算,可決,民主クラブ,山田 光昭,M018,賛成
D11,7,令和7年度高砂市国民健康保険事業特別会計予算,可決,日本維新の会,横田 英樹,M019,賛成
D11,7,令和7年度高砂市国民健康保険事業特別会計予算,可決,日本共産党,大西 由紀,M005,反対
D11,7,令和7年度高砂市国民健康保険事業特別会計予算,可決,まつかぜ,坂本 まり,M008,賛成
D11,8,令和7年度高砂市後期高齢者医療事業特別会計予算,可決,新政会,入江 啓太,M002,賛成
D11,8,令和7年度高砂市後期高齢者医療事業特別会計予算,可決,新政会,岩見 明,M004,賛成
D11,8,令和7年度高砂市後期高齢者医療事業特別会計予算,可決,新政会,藤森 誠,M015,賛成
D11,8,令和7年度高砂市後期高齢者医療事業特別会計予算,可決,新政会,川端 宏明,M006,賛成
D11,8,令和7年度高砂市後期高齢者医療事業特別会計予算,可決,新政会,島津 明香,M011,賛成
D11,8,令和7年度高砂市後期高齢者医療事業特別会計予算,可決,新政会,今竹 大祐,M003,賛成
D11,8,令和7年度高砂市後期高齢者医療事業特別会計予算,可決,迫川 高行 (注),春増 勝利,M014,賛成
D11,8,令和7年度高砂市後期高齢者医療事業特別会計予算,可決,迫川 高行 (注),森 秀樹,M017,賛成
D11,8,令和7年度高砂市後期高齢者医療事業特別会計予算,可決,明風会,石崎 徹,M001,賛成
D11,8,令和7年度高砂市後期高齢者医療事業特別会計予算,可決,明風会,鷹尾 治久,M013,賛成
D11,8,令和7年度高砂市後期高齢者医療事業特別会計予算,可決,明風会,芝本 鎮彰,M010,賛成
D11,8,令和7年度高砂市後期高齢者医療事業特別会計予算,可決,未来ネット,鈴木 利信,M012,賛成
D11,8,令和7年度高砂市後期高齢者医療事業特別会計予算,可決,未来ネット,北野 誠一郎,M007,賛成
D11,8,令和7年度高砂市後期高齢者医療事業特別会計予算,可決,民主クラブ,松野 優也,M016,賛成
D11,8,令和7年度高砂市後期高齢者医療事業特別会計予算,可決,民主クラブ,山田 光昭,M018,賛成
D11,8,令和7年度高砂市後期高齢者医療事業特別会計予算,可決,日本維新の会,横田 英樹,M019,賛成
D11,8,令和7年度高砂市後期高齢者医療事業特別会計予算,可決,日本共産党,大西 由紀,M005,反対
D11,8,令和7年度高砂市後期高齢者医療事業特別会計予算,可決,まつかぜ,坂本 まり,M008,賛成
D11,9,令和7年度高砂市介護保険事業特別会計予算,可決,新政会,入江 啓太,M002,賛成
D11,9,令和7年度高砂市介護保険事業特別会計予算,可決,新政会,岩見 明,M004,賛成
D11,9,令和7年度高砂市介護保険事業特別会計予算,可決,新政会,藤森 誠,M015,賛成
D11,9,令和7年度高砂市介護保険事業特別会計予算,可決,新政会,川端 宏明,M006,賛成
D11,9,令和7年度高砂市介護保険事業特別会計予算,可決,新政会,島津 明香,M011,賛成
D11,9,令和7年度高砂市介護保険事業特別会計予算,可決,新政会,今竹 大祐,M003,賛成
D11,9,令和7年度高砂市介護保険事業特別会計予算,可決,迫川 高行 (注),春増 勝利,M014,賛成
D11,9,令和7年度高砂市介護保険事業特別会計予算,可決,迫川 高行 (注),森 秀樹,M017,賛成
D11,9,令和7年度高砂市介護保険事業特別会計予算,可決,明風会,石崎 徹,M001,賛成
D11,9,令和7年度高砂市介護保険事業特別会計予算,可決,明風会,鷹尾 治久,M013,賛成
D11,9,令和7年度高砂市介護保険事業特別会計予算,可決,明風会,芝本 鎮彰,M010,賛成
D11,9,令和7年度高砂市介護保険事業特別会計予算,可決,未来ネット,鈴木 利信,M012,賛成
D11,9,令和7年度高砂市介護保険事業特別会計予算,可決,未来ネット,北野 誠一郎,M007,賛成
D11,9,令和7年度高砂市介護保険事業特別会計予算,可決,民主クラブ,松野 優也,M016,賛成
D11,9,令和7年度高砂市介護保険事業特別会計予算,可決,民主クラブ,山田 光昭,M018,賛成
D11,9,令和7年度高砂市介護保険事業特別会計予算,可決,日本維新の会,横田 英樹,M019,賛成
D11,9,令和7年度高砂市介護保険事業特別会計予算,可決,日本共産党,大西 由紀,M005,反対
D11,9,令和7年度高砂市介護保険事業特別会計予算,可決,まつかぜ,坂本 まり,M008,賛成
D11,10,臓器移植に関わる不正取引、非人道性が疑われる国への渡航移植等を防止するための法整備等を求める意見書提出の陳情,採択,新政会,入江 啓太,M002,賛成
D11,10,臓器移植に関わる不正取引、非人道性が疑われる国への渡航移植等を防止するための法整備等を求める意見書提出の陳情,採択,新政会,岩見 明,M004,賛成
D11,10,臓器移植に関わる不正取引、非人道性が疑われる国への渡航移植等を防止するための法整備等を求める意見書提出の陳情,採択,新政会,藤森 誠,M015,賛成
D11,10,臓器移植に関わる不正取引、非人道性が疑われる国への渡航移植等を防止するための法整備等を求める意見書提出の陳情,採択,新政会,川端 宏明,M006,賛成
D11,10,臓器移植に関わる不正取引、非人道性が疑われる国への渡航移植等を防止するための法整備等を求める意見書提出の陳情,採択,新政会,島津 明香,M011,賛成
D11,10,臓器移植に関わる不正取引、非人道性が疑われる国への渡航移植等を防止するための法整備等を求める意見書提出の陳情,採択,新政会,今竹 大祐,M003,賛成
D11,10,臓器移植に関わる不正取引、非人道性が疑われる国への渡航移植等を防止するための法整備等を求める意見書提出の陳情,採択,迫川 高行 (注),春増 勝利,M014,賛成
D11,10,臓器移植に関わる不正取引、非人道性が疑われる国への渡航移植等を防止するための法整備等を求める意見書提出の陳情,採択,迫川 高行 (注),森 秀樹,M017,賛成
D11,10,臓器移植に関わる不正取引、非人道性が疑われる国への渡航移植等を防止するための法整備等を求める意見書提出の陳情,採択,明風会,石崎 徹,M001,賛成
D11,10,臓器移植に関わる不正取引、非人道性が疑われる国への渡航移植等を防止するための法整備等を求める意見書提出の陳情,採択,明風会,鷹尾 治久,M013,賛成
D11,10,臓器移植に関わる不正取引、非人道性が疑われる国への渡航移植等を防止するための法整備等を求める意見書提出の陳情,採択,明風会,芝本 鎮彰,M010,賛成
D11,10,臓器移植に関わる不正取引、非人道性が疑われる国への渡航移植等を防止するための法整備等を求める意見書提出の陳情,採択,未来ネット,鈴木 利信,M012,賛成
D11,10,臓器移植に関わる不正取引、非人道性が疑われる国への渡航移植等を防止するための法整備等を求める意見書提出の陳情,採択,未来ネット,北野 誠一郎,M007,賛成
D11,10,臓器移植に関わる不正取引、非人道性が疑われる国への渡航移植等を防止するための法整備等を求める意見書提出の陳情,採択,民主クラブ,松野 優也,M016,賛成
D11,10,臓器移植に関わる不正取引、非人道性が疑われる国への渡航移植等を防止するための法整備等を求める意見書提出の陳情,採択,民主クラブ,山田 光昭,M018,賛成
D11,10,臓器移植に関わる不正取引、非人道性が疑われる国への渡航移植等を防止するための法整備等を求める意見書提出の陳情,採択,日本維新の会,横田 英樹,M019,賛成
D11,10,臓器移植に関わる不正取引、非人道性が疑われる国への渡航移植等を防止するための法整備等を求める意見書提出の陳情,採択,日本共産党,大西 由紀,M005,反対
D11,10,臓器移植に関わる不正取引、非人道性が疑われる国への渡航移植等を防止するための法整備等を求める意見書提出の陳情,採択,まつかぜ,坂本 まり,M008,賛成
D11,11,高砂市議会個人情報の保護に関する条例の一部を改正する条例を定めることについて,可決,新政会,入江 啓太,M002,賛成
D11,11,高砂市議会個人情報の保護に関する条例の一部を改正する条例を定めることについて,可決,新政会,岩見 明,M004,賛成
D11,11,高砂市議会個人情報の保護に関する条例の一部を改正する条例を定めることについて,可決,新政会,藤森 誠,M015,賛成
D11,11,高砂市議会個人情報の保護に関する条例の一部を改正する条例を定めることについて,可決,新政会,川端 宏明,M006,賛成
D11,11,高砂市議会個人情報の保護に関する条例の一部を改正する条例を定めることについて,可決,新政会,島津 明香,M011,賛成
D11,11,高砂市議会個人情報の保護に関する条例の一部を改正する条例を定めることについて,可決,新政会,今竹 大祐,M003,賛成
D11,11,高砂市議会個人情報の保護に関する条例の一部を改正する条例を定めることについて,可決,迫川 高行 (注),春増 勝利,M014,賛成
D11,11,高砂市議会個人情報の保護に関する条例の一部を改正する条例を定めることについて,可決,迫川 高行 (注),森 秀樹,M017,賛成
D11,11,高砂市議会個人情報の保護に関する条例の一部を改正する条例を定めることについて,可決,明風会,石崎 徹,M001,賛成
D11,11,高砂市議会個人情報の保護に関する条例の一部を改正する条例を定めることについて,可決,明風会,鷹尾 治久,M013,賛成
D11,11,高砂市議会個人情報の保護に関する条例の一部を改正する条例を定めることについて,可決,明風会,芝本 鎮彰,M010,賛成
D11,11,高砂市議会個人情報の保護に関する条例の一部を改正する条例を定めることについて,可決,未来ネット,鈴木 利信,M012,賛成
D11,11,高砂市議会個人情報の保護に関する条例の一部を改正する条例を定めることについて,可決,未来ネット,北野 誠一郎,M007,賛成
D11,11,高砂市議会個人情報の保護に関する条例の一部を改正する条例を定めることについて,可決,民主クラブ,松野 優也,M016,賛成
D11,11,高砂市議会個人情報の保護に関する条例の一部を改正する条例を定めることについて,可決,民主クラブ,山田 光昭,M018,賛成
D11,11,高砂市議会個人情報の保護に関する条例の一部を改正する条例を定めることについて,可決,日本維新の会,横田 英樹,M019,賛成
D11,11,高砂市議会個人情報の保護に関する条例の一部を改正する条例を定めることについて,可決,日本共産党,大西 由紀,M005,反対
D11,11,高砂市議会個人情報の保護に関する条例の一部を改正する条例を定めることについて,可決,まつかぜ,坂本 まり,M008,賛成
D11,12,意見書提出のことについて（臓器移植に関わる不正な臓器取引、移植ツーリズム等を防止するための法整備等を求める意見書）,可決,新政会,入江 啓太,M002,賛成
D11,12,意見書提出のことについて（臓器移植に関わる不正な臓器取引、移植ツーリズム等を防止するための法整備等を求める意見書）,可決,新政会,岩見 明,M004,賛成
D11,12,意見書提出のことについて（臓器移植に関わる不正な臓器取引、移植ツーリズム等を防止するための法整備等を求める意見書）,可決,新政会,藤森 誠,M015,賛成
D11,12,意見書提出のことについて（臓器移植に関わる不正な臓器取引、移植ツーリズム等を防止するための法整備等を求める意見書）,可決,新政会,川端 宏明,M006,賛成
D11,12,意見書提出のことについて（臓器移植に関わる不正な臓器取引、移植ツーリズム等を防止するための法整備等を求める意見書）,可決,新政会,島津 明香,M011,賛成
D11,12,意見書提出のことについて（臓器移植に関わる不正な臓器取引、移植ツーリズム等を防止するための法整備等を求める意見書）,可決,新政会,今竹 大祐,M003,賛成
D11,12,意見書提出のことについて（臓器移植に関わる不正な臓器取引、移植ツーリズム等を防止するための法整備等を求める意見書）,可決,迫川 高行 (注),春増 勝利,M014,賛成
D11,12,意見書提出のことについて（臓器移植に関わる不正な臓器取引、移植ツーリズム等を防止するための法整備等を求める意見書）,可決,迫川 高行 (注),森 秀樹,M017,賛成
D11,12,意見書提出のことについて（臓器移植に関わる不正な臓器取引、移植ツーリズム等を防止するための法整備等を求める意見書）,可決,明風会,石崎 徹,M001,賛成
D11,12,意見書提出のことについて（臓器移植に関わる不正な臓器取引、移植ツーリズム等を防止するための法整備等を求める意見書）,可決,明風会,鷹尾 治久,M013,賛成
D11,12,意見書提出のことについて（臓器移植に関わる不正な臓器取引、移植ツーリズム等を防止するための法整備等を求める意見書）,可決,明風会,芝本 鎮彰,M010,賛成
D11,12,意見書提出のことについて（臓器移植に関わる不正な臓器取引、移植ツーリズム等を防止するための法整備等を求める意見書）,可決,未来ネット,鈴木 利信,M012,賛成
D11,12,意見書提出のことについて（臓器移植に関わる不正な臓器取引、移植ツーリズム等を防止するための法整備等を求める意見書）,可決,未来ネット,北野 誠一郎,M007,賛成
D11,12,意見書提出のことについて（臓器移植に関わる不正な臓器取引、移植ツーリズム等を防止するための法整備等を求める意見書）,可決,民主クラブ,松野 優也,M016,賛成
D11,12,意見書提出のことについて（臓器移植に関わる不正な臓器取引、移植ツーリズム等を防止するための法整備等を求める意見書）,可決,民主クラブ,山田 光昭,M018,賛成
D11,12,意見書提出のことについて（臓器移植に関わる不正な臓器取引、移植ツーリズム等を防止するための法整備等を求める意見書）,可決,日本維新の会,横田 英樹,M019,賛成
D11,12,意見書提出のことについて（臓器移植に関わる不正な臓器取引、移植ツーリズム等を防止するための法整備等を求める意見書）,可決,日本共産党,大西 由紀,M005,反対
D11,12,意見書提出のことについて（臓器移植に関わる不正な臓器取引、移植ツーリズム等を防止するための法整備等を求める意見書）,可決,まつかぜ,坂本 まり,M008,賛成
D12,1,工事請負契約を締結することについて（伊保地域交流センター改修工事）,可決,新政会,入江 啓太,M002,賛成
D12,1,工事請負契約を締結することについて（伊保地域交流センター改修工事）,可決,新政会,岩見 明,M004,賛成
D12,1,工事請負契約を締結することについて（伊保地域交流センター改修工事）,可決,新政会,藤森 誠,M015,賛成
D12,1,工事請負契約を締結することについて（伊保地域交流センター改修工事）,可決,新政会,川端 宏明,M006,賛成
D12,1,工事請負契約を締結することについて（伊保地域交流センター改修工事）,可決,新政会,島津 明香,M011,賛成
D12,1,工事請負契約を締結することについて（伊保地域交流センター改修工事）,可決,新政会,今竹 大祐,M003,賛成
D12,1,工事請負契約を締結することについて（伊保地域交流センター改修工事）,可決,迫川 高行 (注),春増 勝利,M014,賛成
D12,1,工事請負契約を締結することについて（伊保地域交流センター改修工事）,可決,迫川 高行 (注),森 秀樹,M017,賛成
D12,1,工事請負契約を締結することについて（伊保地域交流センター改修工事）,可決,明風会,石崎 徹,M001,賛成
D12,1,工事請負契約を締結することについて（伊保地域交流センター改修工事）,可決,明風会,鷹尾 治久,M013,賛成
D12,1,工事請負契約を締結することについて（伊保地域交流センター改修工事）,可決,明風会,芝本 鎮彰,M010,賛成
D12,1,工事請負契約を締結することについて（伊保地域交流センター改修工事）,可決,未来ネット,鈴木 利信,M012,賛成
D12,1,工事請負契約を締結することについて（伊保地域交流センター改修工事）,可決,未来ネット,北野 誠一郎,M007,賛成
D12,1,工事請負契約を締結することについて（伊保地域交流センター改修工事）,可決,民主クラブ,松野 優也,M016,賛成
D12,1,工事請負契約を締結することについて（伊保地域交流センター改修工事）,可決,民主クラブ,山田 光昭,M018,賛成
D12,1,工事請負契約を締結することについて（伊保地域交流センター改修工事）,可決,日本維新の会,横田 英樹,M019,賛成
D12,1,工事請負契約を締結することについて（伊保地域交流センター改修工事）,可決,日本共産党,大西 由紀,M005,賛成
D12,1,工事請負契約を締結することについて（伊保地域交流センター改修工事）,可決,まつかぜ,坂本 まり,M008,賛成
D12,2,工事請負契約を締結することについて（野球場改修工事）,可決,新政会,入江 啓太,M002,賛成
D12,2,工事請負契約を締結することについて（野球場改修工事）,可決,新政会,岩見 明,M004,賛成
D12,2,工事請負契約を締結することについて（野球場改修工事）,可決,新政会,藤森 誠,M015,賛成
D12,2,工事請負契約を締結することについて（野球場改修工事）,可決,新政会,川端 宏明,M006,賛成
D12,2,工事請負契約を締結することについて（野球場改修工事）,可決,新政会,島津 明香,M011,賛成
D12,2,工事請負契約を締結することについて（野球場改修工事）,可決,新政会,今竹 大祐,M003,賛成
D12,2,工事請負契約を締結することについて（野球場改修工事）,可決,迫川 高行 (注),春増 勝利,M014,賛成
D12,2,工事請負契約を締結することについて（野球場改修工事）,可決,迫川 高行 (注),森 秀樹,M017,賛成
D12,2,工事請負契約を締結することについて（野球場改修工事）,可決,明風会,石崎 徹,M001,賛成
D12,2,工事請負契約を締結することについて（野球場改修工事）,可決,明風会,鷹尾 治久,M013,賛成
D12,2,工事請負契約を締結することについて（野球場改修工事）,可決,明風会,芝本 鎮彰,M010,賛成
D12,2,工事請負契約を締結することについて（野球場改修工事）,可決,未来ネット,鈴木 利信,M012,賛成
D12,2,工事請負契約を締結することについて（野球場改修工事）,可決,未来ネット,北野 誠一郎,M007,賛成
D12,2,工事請負契約を締結することについて（野球場改修工事）,可決,民主クラブ,松野 優也,M016,賛成
D12,2,工事請負契約を締結することについて（野球場改修工事）,可決,民主クラブ,山田 光昭,M018,賛成
D12,2,工事請負契約を締結することについて（野球場改修工事）,可決,日本維新の会,横田 英樹,M019,賛成
D12,2,工事請負契約を締結することについて（野球場改修工事）,可決,日本共産党,大西 由紀,M005,賛成
D12,2,工事請負契約を締結することについて（野球場改修工事）,可決,まつかぜ,坂本 まり,M008,賛成
D12,3,工事請負契約を締結することについて（旧入江家住宅主屋等保存修理工事）,可決,新政会,入江 啓太,M002,賛成
D12,3,工事請負契約を締結することについて（旧入江家住宅主屋等保存修理工事）,可決,新政会,岩見 明,M004,賛成
D12,3,工事請負契約を締結することについて（旧入江家住宅主屋等保存修理工事）,可決,新政会,藤森 誠,M015,賛成
D12,3,工事請負契約を締結することについて（旧入江家住宅主屋等保存修理工事）,可決,新政会,川端 宏明,M006,賛成
D12,3,工事請負契約を締結することについて（旧入江家住宅主屋等保存修理工事）,可決,新政会,島津 明香,M011,賛成
D12,3,工事請負契約を締結することについて（旧入江家住宅主屋等保存修理工事）,可決,新政会,今竹 大祐,M003,賛成
D12,3,工事請負契約を締結することについて（旧入江家住宅主屋等保存修理工事）,可決,迫川 高行 (注),春増 勝利,M014,賛成
D12,3,工事請負契約を締結することについて（旧入江家住宅主屋等保存修理工事）,可決,迫川 高行 (注),森 秀樹,M017,賛成
D12,3,工事請負契約を締結することについて（旧入江家住宅主屋等保存修理工事）,可決,明風会,石崎 徹,M001,賛成
D12,3,工事請負契約を締結することについて（旧入江家住宅主屋等保存修理工事）,可決,明風会,鷹尾 治久,M013,賛成
D12,3,工事請負契約を締結することについて（旧入江家住宅主屋等保存修理工事）,可決,明風会,芝本 鎮彰,M010,賛成
D12,3,工事請負契約を締結することについて（旧入江家住宅主屋等保存修理工事）,可決,未来ネット,鈴木 利信,M012,賛成
D12,3,工事請負契約を締結することについて（旧入江家住宅主屋等保存修理工事）,可決,未来ネット,北野 誠一郎,M007,賛成
D12,3,工事請負契約を締結することについて（旧入江家住宅主屋等保存修理工事）,可決,民主クラブ,松野 優也,M016,賛成
D12,3,工事請負契約を締結することについて（旧入江家住宅主屋等保存修理工事）,可決,民主クラブ,山田 光昭,M018,賛成
D12,3,工事請負契約を締結することについて（旧入江家住宅主屋等保存修理工事）,可決,日本維新の会,横田 英樹,M019,賛成
D12,3,工事請負契約を締結することについて（旧入江家住宅主屋等保存修理工事）,可決,日本共産党,大西 由紀,M005,賛成
D12,3,工事請負契約を締結することについて（旧入江家住宅主屋等保存修理工事）,可決,まつかぜ,坂本 まり,M008,賛成
D12,4,工事請負契約を締結することについて（鹿島排水機場等解体工事）,可決,新政会,入江 啓太,M002,賛成
D12,4,工事請負契約を締結することについて（鹿島排水機場等解体工事）,可決,新政会,岩見 明,M004,賛成
D12,4,工事請負契約を締結することについて（鹿島排水機場等解体工事）,可決,新政会,藤森 誠,M015,賛成
D12,4,工事請負契約を締結することについて（鹿島排水機場等解体工事）,可決,新政会,川端 宏明,M006,賛成
D12,4,工事請負契約を締結することについて（鹿島排水機場等解体工事）,可決,新政会,島津 明香,M011,賛成
D12,4,工事請負契約を締結することについて（鹿島排水機場等解体工事）,可決,新政会,今竹 大祐,M003,賛成
D12,4,工事請負契約を締結することについて（鹿島排水機場等解体工事）,可決,迫川 高行 (注),春増 勝利,M014,賛成
D12,4,工事請負契約を締結することについて（鹿島排水機場等解体工事）,可決,迫川 高行 (注),森 秀樹,M017,賛成
D12,4,工事請負契約を締結することについて（鹿島排水機場等解体工事）,可決,明風会,石崎 徹,M001,賛成
D12,4,工事請負契約を締結することについて（鹿島排水機場等解体工事）,可決,明風会,鷹尾 治久,M013,賛成
D12,4,工事請負契約を締結することについて（鹿島排水機場等解体工事）,可決,明風会,芝本 鎮彰,M010,賛成
D12,4,工事請負契約を締結することについて（鹿島排水機場等解体工事）,可決,未来ネット,鈴木 利信,M012,賛成
D12,4,工事請負契約を締結することについて（鹿島排水機場等解体工事）,可決,未来ネット,北野 誠一郎,M007,賛成
D12,4,工事請負契約を締結することについて（鹿島排水機場等解体工事）,可決,民主クラブ,松野 優也,M016,賛成
D12,4,工事請負契約を締結することについて（鹿島排水機場等解体工事）,可決,民主クラブ,山田 光昭,M018,賛成
D12,4,工事請負契約を締結することについて（鹿島排水機場等解体工事）,可決,日本維新の会,横田 英樹,M019,賛成
D12,4,工事請負契約を締結することについて（鹿島排水機場等解体工事）,可決,日本共産党,大西 由紀,M005,賛成
D12,4,工事請負契約を締結することについて（鹿島排水機場等解体工事）,可決,まつかぜ,坂本 まり,M008,賛成
D12,5,市有土地の売却について,可決,新政会,入江 啓太,M002,賛成
D12,5,市有土地の売却について,可決,新政会,岩見 明,M004,賛成
D12,5,市有土地の売却について,可決,新政会,藤森 誠,M015,賛成
D12,5,市有土地の売却について,可決,新政会,川端 宏明,M006,賛成
D12,5,市有土地の売却について,可決,新政会,島津 明香,M011,賛成
D12,5,市有土地の売却について,可決,新政会,今竹 大祐,M003,賛成
D12,5,市有土地の売却について,可決,迫川 高行 (注),春増 勝利,M014,賛成
D12,5,市有土地の売却について,可決,迫川 高行 (注),森 秀樹,M017,賛成
D12,5,市有土地の売却について,可決,明風会,石崎 徹,M001,賛成
D12,5,市有土地の売却について,可決,明風会,鷹尾 治久,M013,賛成
D12,5,市有土地の売却について,可決,明風会,芝本 鎮彰,M010,賛成
D12,5,市有土地の売却について,可決,未来ネット,鈴木 利信,M012,賛成
D12,5,市有土地の売却について,可決,未来ネット,北野 誠一郎,M007,賛成
D12,5,市有土地の売却について,可決,民主クラブ,松野 優也,M016,賛成
D12,5,市有土地の売却について,可決,民主クラブ,山田 光昭,M018,賛成
D12,5,市有土地の売却について,可決,日本維新の会,横田 英樹,M019,賛成
D12,5,市有土地の売却について,可決,日本共産党,大西 由紀,M005,賛成
D12,5,市有土地の売却について,可決,まつかぜ,坂本 まり,M008,賛成
D12,6,高砂市市税条例の一部を改正する条例を定めることについて,可決,新政会,入江 啓太,M002,賛成
D12,6,高砂市市税条例の一部を改正する条例を定めることについて,可決,新政会,岩見 明,M004,賛成
D12,6,高砂市市税条例の一部を改正する条例を定めることについて,可決,新政会,藤森 誠,M015,賛成
D12,6,高砂市市税条例の一部を改正する条例を定めることについて,可決,新政会,川端 宏明,M006,賛成
D12,6,高砂市市税条例の一部を改正する条例を定めることについて,可決,新政会,島津 明香,M011,賛成
D12,6,高砂市市税条例の一部を改正する条例を定めることについて,可決,新政会,今竹 大祐,M003,賛成
D12,6,高砂市市税条例の一部を改正する条例を定めることについて,可決,迫川 高行 (注),春増 勝利,M014,賛成
D12,6,高砂市市税条例の一部を改正する条例を定めることについて,可決,迫川 高行 (注),森 秀樹,M017,賛成
D12,6,高砂市市税条例の一部を改正する条例を定めることについて,可決,明風会,石崎 徹,M001,賛成
D12,6,高砂市市税条例の一部を改正する条例を定めることについて,可決,明風会,鷹尾 治久,M013,賛成
D12,6,高砂市市税条例の一部を改正する条例を定めることについて,可決,明風会,芝本 鎮彰,M010,賛成
D12,6,高砂市市税条例の一部を改正する条例を定めることについて,可決,未来ネット,鈴木 利信,M012,賛成
D12,6,高砂市市税条例の一部を改正する条例を定めることについて,可決,未来ネット,北野 誠一郎,M007,賛成
D12,6,高砂市市税条例の一部を改正する条例を定めることについて,可決,民主クラブ,松野 優也,M016,賛成
D12,6,高砂市市税条例の一部を改正する条例を定めることについて,可決,民主クラブ,山田 光昭,M018,賛成
D12,6,高砂市市税条例の一部を改正する条例を定めることについて,可決,日本維新の会,横田 英樹,M019,賛成
D12,6,高砂市市税条例の一部を改正する条例を定めることについて,可決,日本共産党,大西 由紀,M005,賛成
D12,6,高砂市市税条例の一部を改正する条例を定めることについて,可決,まつかぜ,坂本 まり,M008,賛成
D12,7,高砂市医療費助成条例の一部を改正する条例を定めることについて,可決,新政会,入江 啓太,M002,賛成
D12,7,高砂市医療費助成条例の一部を改正する条例を定めることについて,可決,新政会,岩見 明,M004,賛成
D12,7,高砂市医療費助成条例の一部を改正する条例を定めることについて,可決,新政会,藤森 誠,M015,賛成
D12,7,高砂市医療費助成条例の一部を改正する条例を定めることについて,可決,新政会,川端 宏明,M006,賛成
D12,7,高砂市医療費助成条例の一部を改正する条例を定めることについて,可決,新政会,島津 明香,M011,賛成
D12,7,高砂市医療費助成条例の一部を改正する条例を定めることについて,可決,新政会,今竹 大祐,M003,賛成
D12,7,高砂市医療費助成条例の一部を改正する条例を定めることについて,可決,迫川 高行 (注),春増 勝利,M014,賛成
D12,7,高砂市医療費助成条例の一部を改正する条例を定めることについて,可決,迫川 高行 (注),森 秀樹,M017,賛成
D12,7,高砂市医療費助成条例の一部を改正する条例を定めることについて,可決,明風会,石崎 徹,M001,賛成
D12,7,高砂市医療費助成条例の一部を改正する条例を定めることについて,可決,明風会,鷹尾 治久,M013,賛成
D12,7,高砂市医療費助成条例の一部を改正する条例を定めることについて,可決,明風会,芝本 鎮彰,M010,賛成
D12,7,高砂市医療費助成条例の一部を改正する条例を定めることについて,可決,未来ネット,鈴木 利信,M012,賛成
D12,7,高砂市医療費助成条例の一部を改正する条例を定めることについて,可決,未来ネット,北野 誠一郎,M007,賛成
D12,7,高砂市医療費助成条例の一部を改正する条例を定めることについて,可決,民主クラブ,松野 優也,M016,賛成
D12,7,高砂市医療費助成条例の一部を改正する条例を定めることについて,可決,民主クラブ,山田 光昭,M018,賛成
D12,7,高砂市医療費助成条例の一部を改正する条例を定めることについて,可決,日本維新の会,横田 英樹,M019,賛成
D12,7,高砂市医療費助成条例の一部を改正する条例を定めることについて,可決,日本共産党,大西 由紀,M005,賛成
D12,7,高砂市医療費助成条例の一部を改正する条例を定めることについて,可決,まつかぜ,坂本 まり,M008,賛成
D12,8,第1回令和7年度高砂市一般会計補正予算,可決,新政会,入江 啓太,M002,賛成
D12,8,第1回令和7年度高砂市一般会計補正予算,可決,新政会,岩見 明,M004,賛成
D12,8,第1回令和7年度高砂市一般会計補正予算,可決,新政会,藤森 誠,M015,賛成
D12,8,第1回令和7年度高砂市一般会計補正予算,可決,新政会,川端 宏明,M006,賛成
D12,8,第1回令和7年度高砂市一般会計補正予算,可決,新政会,島津 明香,M011,賛成
D12,8,第1回令和7年度高砂市一般会計補正予算,可決,新政会,今竹 大祐,M003,賛成
D12,8,第1回令和7年度高砂市一般会計補正予算,可決,迫川 高行 (注),春増 勝利,M014,賛成
D12,8,第1回令和7年度高砂市一般会計補正予算,可決,迫川 高行 (注),森 秀樹,M017,賛成
D12,8,第1回令和7年度高砂市一般会計補正予算,可決,明風会,石崎 徹,M001,賛成
D12,8,第1回令和7年度高砂市一般会計補正予算,可決,明風会,鷹尾 治久,M013,賛成
D12,8,第1回令和7年度高砂市一般会計補正予算,可決,明風会,芝本 鎮彰,M010,賛成
D12,8,第1回令和7年度高砂市一般会計補正予算,可決,未来ネット,鈴木 利信,M012,賛成
D12,8,第1回令和7年度高砂市一般会計補正予算,可決,未来ネット,北野 誠一郎,M007,賛成
D12,8,第1回令和7年度高砂市一般会計補正予算,可決,民主クラブ,松野 優也,M016,賛成
D12,8,第1回令和7年度高砂市一般会計補正予算,可決,民主クラブ,山田 光昭,M018,賛成
D12,8,第1回令和7年度高砂市一般会計補正予算,可決,日本維新の会,横田 英樹,M019,賛成
D12,8,第1回令和7年度高砂市一般会計補正予算,可決,日本共産党,大西 由紀,M005,賛成
D12,8,第1回令和7年度高砂市一般会計補正予算,可決,まつかぜ,坂本 まり,M008,賛成
D12,9,第2回令和7年度高砂市一般会計補正予算,可決,新政会,入江 啓太,M002,賛成
D12,9,第2回令和7年度高砂市一般会計補正予算,可決,新政会,岩見 明,M004,賛成
D12,9,第2回令和7年度高砂市一般会計補正予算,可決,新政会,藤森 誠,M015,賛成
D12,9,第2回令和7年度高砂市一般会計補正予算,可決,新政会,川端 宏明,M006,賛成
D12,9,第2回令和7年度高砂市一般会計補正予算,可決,新政会,島津 明香,M011,賛成
D12,9,第2回令和7年度高砂市一般会計補正予算,可決,新政会,今竹 大祐,M003,賛成
D12,9,第2回令和7年度高砂市一般会計補正予算,可決,迫川 高行 (注),春増 勝利,M014,賛成
D12,9,第2回令和7年度高砂市一般会計補正予算,可決,迫川 高行 (注),森 秀樹,M017,賛成
D12,9,第2回令和7年度高砂市一般会計補正予算,可決,明風会,石崎 徹,M001,賛成
D12,9,第2回令和7年度高砂市一般会計補正予算,可決,明風会,鷹尾 治久,M013,賛成
D12,9,第2回令和7年度高砂市一般会計補正予算,可決,明風会,芝本 鎮彰,M010,賛成
D12,9,第2回令和7年度高砂市一般会計補正予算,可決,未来ネット,鈴木 利信,M012,賛成
D12,9,第2回令和7年度高砂市一般会計補正予算,可決,未来ネット,北野 誠一郎,M007,賛成
D12,9,第2回令和7年度高砂市一般会計補正予算,可決,民主クラブ,松野 優也,M016,賛成
D12,9,第2回令和7年度高砂市一般会計補正予算,可決,民主クラブ,山田 光昭,M018,賛成
D12,9,第2回令和7年度高砂市一般会計補正予算,可決,日本維新の会,横田 英樹,M019,賛成
D12,9,第2回令和7年度高砂市一般会計補正予算,可決,日本共産党,大西 由紀,M005,賛成
D12,9,第2回令和7年度高砂市一般会計補正予算,可決,まつかぜ,坂本 まり,M008,賛成
D12,10,第1回令和7年度高砂市国民健康保険事業特別会計補正予算,可決,新政会,入江 啓太,M002,賛成
D12,10,第1回令和7年度高砂市国民健康保険事業特別会計補正予算,可決,新政会,岩見 明,M004,賛成
D12,10,第1回令和7年度高砂市国民健康保険事業特別会計補正予算,可決,新政会,藤森 誠,M015,賛成
D12,10,第1回令和7年度高砂市国民健康保険事業特別会計補正予算,可決,新政会,川端 宏明,M006,賛成
D12,10,第1回令和7年度高砂市国民健康保険事業特別会計補正予算,可決,新政会,島津 明香,M011,賛成
D12,10,第1回令和7年度高砂市国民健康保険事業特別会計補正予算,可決,新政会,今竹 大祐,M003,賛成
D12,10,第1回令和7年度高砂市国民健康保険事業特別会計補正予算,可決,迫川 高行 (注),春増 勝利,M014,賛成
D12,10,第1回令和7年度高砂市国民健康保険事業特別会計補正予算,可決,迫川 高行 (注),森 秀樹,M017,賛成
D12,10,第1回令和7年度高砂市国民健康保険事業特別会計補正予算,可決,明風会,石崎 徹,M001,賛成
D12,10,第1回令和7年度高砂市国民健康保険事業特別会計補正予算,可決,明風会,鷹尾 治久,M013,賛成
D12,10,第1回令和7年度高砂市国民健康保険事業特別会計補正予算,可決,明風会,芝本 鎮彰,M010,賛成
D12,10,第1回令和7年度高砂市国民健康保険事業特別会計補正予算,可決,未来ネット,鈴木 利信,M012,賛成
D12,10,第1回令和7年度高砂市国民健康保険事業特別会計補正予算,可決,未来ネット,北野 誠一郎,M007,賛成
D12,10,第1回令和7年度高砂市国民健康保険事業特別会計補正予算,可決,民主クラブ,松野 優也,M016,賛成
D12,10,第1回令和7年度高砂市国民健康保険事業特別会計補正予算,可決,民主クラブ,山田 光昭,M018,賛成
D12,10,第1回令和7年度高砂市国民健康保険事業特別会計補正予算,可決,日本維新の会,横田 英樹,M019,賛成
D12,10,第1回令和7年度高砂市国民健康保険事業特別会計補正予算,可決,日本共産党,大西 由紀,M005,賛成
D12,10,第1回令和7年度高砂市国民健康保険事業特別会計補正予算,可決,まつかぜ,坂本 まり,M008,賛成
D12,11,第1回令和7年度高砂市介護保険事業特別会計補正予算,可決,新政会,入江 啓太,M002,賛成
D12,11,第1回令和7年度高砂市介護保険事業特別会計補正予算,可決,新政会,岩見 明,M004,賛成
D12,11,第1回令和7年度高砂市介護保険事業特別会計補正予算,可決,新政会,藤森 誠,M015,賛成
D12,11,第1回令和7年度高砂市介護保険事業特別会計補正予算,可決,新政会,川端 宏明,M006,賛成
D12,11,第1回令和7年度高砂市介護保険事業特別会計補正予算,可決,新政会,島津 明香,M011,賛成
D12,11,第1回令和7年度高砂市介護保険事業特別会計補正予算,可決,新政会,今竹 大祐,M003,賛成
D12,11,第1回令和7年度高砂市介護保険事業特別会計補正予算,可決,迫川 高行 (注),春増 勝利,M014,賛成
D12,11,第1回令和7年度高砂市介護保険事業特別会計補正予算,可決,迫川 高行 (注),森 秀樹,M017,賛成
D12,11,第1回令和7年度高砂市介護保険事業特別会計補正予算,可決,明風会,石崎 徹,M001,賛成
D12,11,第1回令和7年度高砂市介護保険事業特別会計補正予算,可決,明風会,鷹尾 治久,M013,賛成
D12,11,第1回令和7年度高砂市介護保険事業特別会計補正予算,可決,明風会,芝本 鎮彰,M010,賛成
D12,11,第1回令和7年度高砂市介護保険事業特別会計補正予算,可決,未来ネット,鈴木 利信,M012,賛成
D12,11,第1回令和7年度高砂市介護保険事業特別会計補正予算,可決,未来ネット,北野 誠一郎,M007,賛成
D12,11,第1回令和7年度高砂市介護保険事業特別会計補正予算,可決,民主クラブ,松野 優也,M016,賛成
D12,11,第1回令和7年度高砂市介護保険事業特別会計補正予算,可決,民主クラブ,山田 光昭,M018,賛成
D12,11,第1回令和7年度高砂市介護保険事業特別会計補正予算,可決,日本維新の会,横田 英樹,M019,賛成
D12,11,第1回令和7年度高砂市介護保険事業特別会計補正予算,可決,日本共産党,大西 由紀,M005,賛成
D12,11,第1回令和7年度高砂市介護保険事業特別会計補正予算,可決,まつかぜ,坂本 まり,M008,賛成
D12,12,少人数学級・教職員定数の改善及び義務教育費国庫負担制度2分の1復元に関する件,採択,新政会,入江 啓太,M002,賛成
D12,12,少人数学級・教職員定数の改善及び義務教育費国庫負担制度2分の1復元に関する件,採択,新政会,岩見 明,M004,賛成
D12,12,少人数学級・教職員定数の改善及び義務教育費国庫負担制度2分の1復元に関する件,採択,新政会,藤森 誠,M015,賛成
D12,12,少人数学級・教職員定数の改善及び義務教育費国庫負担制度2分の1復元に関する件,採択,新政会,川端 宏明,M006,賛成
D12,12,少人数学級・教職員定数の改善及び義務教育費国庫負担制度2分の1復元に関する件,採択,新政会,島津 明香,M011,賛成
D12,12,少人数学級・教職員定数の改善及び義務教育費国庫負担制度2分の1復元に関する件,採択,新政会,今竹 大祐,M003,賛成
D12,12,少人数学級・教職員定数の改善及び義務教育費国庫負担制度2分の1復元に関する件,採択,迫川 高行 (注),春増 勝利,M014,賛成
D12,12,少人数学級・教職員定数の改善及び義務教育費国庫負担制度2分の1復元に関する件,採択,迫川 高行 (注),森 秀樹,M017,賛成
D12,12,少人数学級・教職員定数の改善及び義務教育費国庫負担制度2分の1復元に関する件,採択,明風会,石崎 徹,M001,賛成
D12,12,少人数学級・教職員定数の改善及び義務教育費国庫負担制度2分の1復元に関する件,採択,明風会,鷹尾 治久,M013,賛成
D12,12,少人数学級・教職員定数の改善及び義務教育費国庫負担制度2分の1復元に関する件,採択,明風会,芝本 鎮彰,M010,賛成
D12,12,少人数学級・教職員定数の改善及び義務教育費国庫負担制度2分の1復元に関する件,採択,未来ネット,鈴木 利信,M012,賛成
D12,12,少人数学級・教職員定数の改善及び義務教育費国庫負担制度2分の1復元に関する件,採択,未来ネット,北野 誠一郎,M007,賛成
D12,12,少人数学級・教職員定数の改善及び義務教育費国庫負担制度2分の1復元に関する件,採択,民主クラブ,松野 優也,M016,賛成
D12,12,少人数学級・教職員定数の改善及び義務教育費国庫負担制度2分の1復元に関する件,採択,民主クラブ,山田 光昭,M018,賛成
D12,12,少人数学級・教職員定数の改善及び義務教育費国庫負担制度2分の1復元に関する件,採択,日本維新の会,横田 英樹,M019,賛成
D12,12,少人数学級・教職員定数の改善及び義務教育費国庫負担制度2分の1復元に関する件,採択,日本共産党,大西 由紀,M005,賛成
D12,12,少人数学級・教職員定数の改善及び義務教育費国庫負担制度2分の1復元に関する件,採択,まつかぜ,坂本 まり,M008,賛成
D12,13,動産の買入れについて,可決,新政会,入江 啓太,M002,賛成
D12,13,動産の買入れについて,可決,新政会,岩見 明,M004,賛成
D12,13,動産の買入れについて,可決,新政会,藤森 誠,M015,賛成
D12,13,動産の買入れについて,可決,新政会,川端 宏明,M006,賛成
D12,13,動産の買入れについて,可決,新政会,島津 明香,M011,賛成
D12,13,動産の買入れについて,可決,新政会,今竹 大祐,M003,賛成
D12,13,動産の買入れについて,可決,迫川 高行 (注),春増 勝利,M014,賛成
D12,13,動産の買入れについて,可決,迫川 高行 (注),森 秀樹,M017,賛成
D12,13,動産の買入れについて,可決,明風会,石崎 徹,M001,賛成
D12,13,動産の買入れについて,可決,明風会,鷹尾 治久,M013,賛成
D12,13,動産の買入れについて,可決,明風会,芝本 鎮彰,M010,賛成
D12,13,動産の買入れについて,可決,未来ネット,鈴木 利信,M012,賛成
D12,13,動産の買入れについて,可決,未来ネット,北野 誠一郎,M007,賛成
D12,13,動産の買入れについて,可決,民主クラブ,松野 優也,M016,賛成
D12,13,動産の買入れについて,可決,民主クラブ,山田 光昭,M018,賛成
D12,13,動産の買入れについて,可決,日本維新の会,横田 英樹,M019,賛成
D12,13,動産の買入れについて,可決,日本共産党,大西 由紀,M005,賛成
D12,13,動産の買入れについて,可決,まつかぜ,坂本 まり,M008,賛成
D12,14,第3回令和7年度高砂市一般会計補正予算,可決,新政会,入江 啓太,M002,賛成
D12,14,第3回令和7年度高砂市一般会計補正予算,可決,新政会,岩見 明,M004,賛成
D12,14,第3回令和7年度高砂市一般会計補正予算,可決,新政会,藤森 誠,M015,賛成
D12,14,第3回令和7年度高砂市一般会計補正予算,可決,新政会,川端 宏明,M006,賛成
D12,14,第3回令和7年度高砂市一般会計補正予算,可決,新政会,島津 明香,M011,賛成
D12,14,第3回令和7年度高砂市一般会計補正予算,可決,新政会,今竹 大祐,M003,賛成
D12,14,第3回令和7年度高砂市一般会計補正予算,可決,迫川 高行 (注),春増 勝利,M014,賛成
D12,14,第3回令和7年度高砂市一般会計補正予算,可決,迫川 高行 (注),森 秀樹,M017,賛成
D12,14,第3回令和7年度高砂市一般会計補正予算,可決,明風会,石崎 徹,M001,賛成
D12,14,第3回令和7年度高砂市一般会計補正予算,可決,明風会,鷹尾 治久,M013,賛成
D12,14,第3回令和7年度高砂市一般会計補正予算,可決,明風会,芝本 鎮彰,M010,賛成
D12,14,第3回令和7年度高砂市一般会計補正予算,可決,未来ネット,鈴木 利信,M012,賛成
D12,14,第3回令和7年度高砂市一般会計補正予算,可決,未来ネット,北野 誠一郎,M007,賛成
D12,14,第3回令和7年度高砂市一般会計補正予算,可決,民主クラブ,松野 優也,M016,賛成
D12,14,第3回令和7年度高砂市一般会計補正予算,可決,民主クラブ,山田 光昭,M018,賛成
D12,14,第3回令和7年度高砂市一般会計補正予算,可決,日本維新の会,横田 英樹,M019,賛成
D12,14,第3回令和7年度高砂市一般会計補正予算,可決,日本共産党,大西 由紀,M005,賛成
D12,14,第3回令和7年度高砂市一般会計補正予算,可決,まつかぜ,坂本 まり,M008,賛成
D13,1,第5回令和7年度高砂市一般会計補正予算,可決,新政会,入江 啓太,M002,賛成
D13,1,第5回令和7年度高砂市一般会計補正予算,可決,新政会,岩見 明,M004,賛成
D13,1,第5回令和7年度高砂市一般会計補正予算,可決,新政会,藤森 誠,M015,賛成
D13,1,第5回令和7年度高砂市一般会計補正予算,可決,川端 宏明 （注）,島津 明香,M011,賛成
D13,1,第5回令和7年度高砂市一般会計補正予算,可決,川端 宏明 （注）,今竹 大祐,M003,賛成
D13,1,第5回令和7年度高砂市一般会計補正予算,可決,公明党,迫川 高行,M009,賛成
D13,1,第5回令和7年度高砂市一般会計補正予算,可決,公明党,春増 勝利,M014,賛成
D13,1,第5回令和7年度高砂市一般会計補正予算,可決,公明党,森 秀樹,M017,賛成
D13,1,第5回令和7年度高砂市一般会計補正予算,可決,明風会,石崎 徹,M001,賛成
D13,1,第5回令和7年度高砂市一般会計補正予算,可決,明風会,鷹尾 治久,M013,賛成
D13,1,第5回令和7年度高砂市一般会計補正予算,可決,明風会,芝本 鎮彰,M010,賛成
D13,1,第5回令和7年度高砂市一般会計補正予算,可決,未来ネット,鈴木 利信,M012,賛成
D13,1,第5回令和7年度高砂市一般会計補正予算,可決,未来ネット,北野 誠一郎,M007,賛成
D13,1,第5回令和7年度高砂市一般会計補正予算,可決,民主クラブ,松野 優也,M016,賛成
D13,1,第5回令和7年度高砂市一般会計補正予算,可決,民主クラブ,山田 光昭,M018,賛成
D13,1,第5回令和7年度高砂市一般会計補正予算,可決,日本維新の会,横田 英樹,M019,賛成
D13,1,第5回令和7年度高砂市一般会計補正予算,可決,日本共産党,大西 由紀,M005,反対
D13,1,第5回令和7年度高砂市一般会計補正予算,可決,まつかぜ,坂本 まり,M008,賛成
D13,2,第2回令和7年度高砂市国民健康保険事業特別会計補正予算,可決,新政会,入江 啓太,M002,賛成
D13,2,第2回令和7年度高砂市国民健康保険事業特別会計補正予算,可決,新政会,岩見 明,M004,賛成
D13,2,第2回令和7年度高砂市国民健康保険事業特別会計補正予算,可決,新政会,藤森 誠,M015,賛成
D13,2,第2回令和7年度高砂市国民健康保険事業特別会計補正予算,可決,川端 宏明 （注）,島津 明香,M011,賛成
D13,2,第2回令和7年度高砂市国民健康保険事業特別会計補正予算,可決,川端 宏明 （注）,今竹 大祐,M003,賛成
D13,2,第2回令和7年度高砂市国民健康保険事業特別会計補正予算,可決,公明党,迫川 高行,M009,賛成
D13,2,第2回令和7年度高砂市国民健康保険事業特別会計補正予算,可決,公明党,春増 勝利,M014,賛成
D13,2,第2回令和7年度高砂市国民健康保険事業特別会計補正予算,可決,公明党,森 秀樹,M017,賛成
D13,2,第2回令和7年度高砂市国民健康保険事業特別会計補正予算,可決,明風会,石崎 徹,M001,賛成
D13,2,第2回令和7年度高砂市国民健康保険事業特別会計補正予算,可決,明風会,鷹尾 治久,M013,賛成
D13,2,第2回令和7年度高砂市国民健康保険事業特別会計補正予算,可決,明風会,芝本 鎮彰,M010,賛成
D13,2,第2回令和7年度高砂市国民健康保険事業特別会計補正予算,可決,未来ネット,鈴木 利信,M012,賛成
D13,2,第2回令和7年度高砂市国民健康保険事業特別会計補正予算,可決,未来ネット,北野 誠一郎,M007,賛成
D13,2,第2回令和7年度高砂市国民健康保険事業特別会計補正予算,可決,民主クラブ,松野 優也,M016,賛成
D13,2,第2回令和7年度高砂市国民健康保険事業特別会計補正予算,可決,民主クラブ,山田 光昭,M018,賛成
D13,2,第2回令和7年度高砂市国民健康保険事業特別会計補正予算,可決,日本維新の会,横田 英樹,M019,賛成
D13,2,第2回令和7年度高砂市国民健康保険事業特別会計補正予算,可決,日本共産党,大西 由紀,M005,反対
D13,2,第2回令和7年度高砂市国民健康保険事業特別会計補正予算,可決,まつかぜ,坂本 まり,M008,賛成
D13,3,第1回令和7年度高砂市後期高齢者医療事業特別会計補正予算,可決,新政会,入江 啓太,M002,賛成
D13,3,第1回令和7年度高砂市後期高齢者医療事業特別会計補正予算,可決,新政会,岩見 明,M004,賛成
D13,3,第1回令和7年度高砂市後期高齢者医療事業特別会計補正予算,可決,新政会,藤森 誠,M015,賛成
D13,3,第1回令和7年度高砂市後期高齢者医療事業特別会計補正予算,可決,川端 宏明 （注）,島津 明香,M011,賛成
D13,3,第1回令和7年度高砂市後期高齢者医療事業特別会計補正予算,可決,川端 宏明 （注）,今竹 大祐,M003,賛成
D13,3,第1回令和7年度高砂市後期高齢者医療事業特別会計補正予算,可決,公明党,迫川 高行,M009,賛成
D13,3,第1回令和7年度高砂市後期高齢者医療事業特別会計補正予算,可決,公明党,春増 勝利,M014,賛成
D13,3,第1回令和7年度高砂市後期高齢者医療事業特別会計補正予算,可決,公明党,森 秀樹,M017,賛成
D13,3,第1回令和7年度高砂市後期高齢者医療事業特別会計補正予算,可決,明風会,石崎 徹,M001,賛成
D13,3,第1回令和7年度高砂市後期高齢者医療事業特別会計補正予算,可決,明風会,鷹尾 治久,M013,賛成
D13,3,第1回令和7年度高砂市後期高齢者医療事業特別会計補正予算,可決,明風会,芝本 鎮彰,M010,賛成
D13,3,第1回令和7年度高砂市後期高齢者医療事業特別会計補正予算,可決,未来ネット,鈴木 利信,M012,賛成
D13,3,第1回令和7年度高砂市後期高齢者医療事業特別会計補正予算,可決,未来ネット,北野 誠一郎,M007,賛成
D13,3,第1回令和7年度高砂市後期高齢者医療事業特別会計補正予算,可決,民主クラブ,松野 優也,M016,賛成
D13,3,第1回令和7年度高砂市後期高齢者医療事業特別会計補正予算,可決,民主クラブ,山田 光昭,M018,賛成
D13,3,第1回令和7年度高砂市後期高齢者医療事業特別会計補正予算,可決,日本維新の会,横田 英樹,M019,賛成
D13,3,第1回令和7年度高砂市後期高齢者医療事業特別会計補正予算,可決,日本共産党,大西 由紀,M005,反対
D13,3,第1回令和7年度高砂市後期高齢者医療事業特別会計補正予算,可決,まつかぜ,坂本 まり,M008,賛成
D13,4,第2回令和7年度高砂市介護保険事業特別会計,可決,新政会,入江 啓太,M002,賛成
D13,4,第2回令和7年度高砂市介護保険事業特別会計,可決,新政会,岩見 明,M004,賛成
D13,4,第2回令和7年度高砂市介護保険事業特別会計,可決,新政会,藤森 誠,M015,賛成
D13,4,第2回令和7年度高砂市介護保険事業特別会計,可決,川端 宏明 （注）,島津 明香,M011,賛成
D13,4,第2回令和7年度高砂市介護保険事業特別会計,可決,川端 宏明 （注）,今竹 大祐,M003,賛成
D13,4,第2回令和7年度高砂市介護保険事業特別会計,可決,公明党,迫川 高行,M009,賛成
D13,4,第2回令和7年度高砂市介護保険事業特別会計,可決,公明党,春増 勝利,M014,賛成
D13,4,第2回令和7年度高砂市介護保険事業特別会計,可決,公明党,森 秀樹,M017,賛成
D13,4,第2回令和7年度高砂市介護保険事業特別会計,可決,明風会,石崎 徹,M001,賛成
D13,4,第2回令和7年度高砂市介護保険事業特別会計,可決,明風会,鷹尾 治久,M013,賛成
D13,4,第2回令和7年度高砂市介護保険事業特別会計,可決,明風会,芝本 鎮彰,M010,賛成
D13,4,第2回令和7年度高砂市介護保険事業特別会計,可決,未来ネット,鈴木 利信,M012,賛成
D13,4,第2回令和7年度高砂市介護保険事業特別会計,可決,未来ネット,北野 誠一郎,M007,賛成
D13,4,第2回令和7年度高砂市介護保険事業特別会計,可決,民主クラブ,松野 優也,M016,賛成
D13,4,第2回令和7年度高砂市介護保険事業特別会計,可決,民主クラブ,山田 光昭,M018,賛成
D13,4,第2回令和7年度高砂市介護保険事業特別会計,可決,日本維新の会,横田 英樹,M019,賛成
D13,4,第2回令和7年度高砂市介護保険事業特別会計,可決,日本共産党,大西 由紀,M005,反対
D13,4,第2回令和7年度高砂市介護保険事業特別会計,可決,まつかぜ,坂本 まり,M008,賛成
D13,4,第2回令和7年度高砂市介護保険事業特別会計,可決,新政会,入江 啓太,M002,賛成
D13,4,第2回令和7年度高砂市介護保険事業特別会計,可決,新政会,岩見 明,M004,賛成
D13,4,第2回令和7年度高砂市介護保険事業特別会計,可決,新政会,藤森 誠,M015,賛成
D13,4,第2回令和7年度高砂市介護保険事業特別会計,可決,川端 宏明 （注）,島津 明香,M011,賛成
D13,4,第2回令和7年度高砂市介護保険事業特別会計,可決,川端 宏明 （注）,今竹 大祐,M003,賛成
D13,4,第2回令和7年度高砂市介護保険事業特別会計,可決,公明党,迫川 高行,M009,賛成
D13,4,第2回令和7年度高砂市介護保険事業特別会計,可決,公明党,春増 勝利,M014,賛成
D13,4,第2回令和7年度高砂市介護保険事業特別会計,可決,公明党,森 秀樹,M017,賛成
D13,4,第2回令和7年度高砂市介護保険事業特別会計,可決,明風会,石崎 徹,M001,賛成
D13,4,第2回令和7年度高砂市介護保険事業特別会計,可決,明風会,鷹尾 治久,M013,賛成
D13,4,第2回令和7年度高砂市介護保険事業特別会計,可決,明風会,芝本 鎮彰,M010,賛成
D13,4,第2回令和7年度高砂市介護保険事業特別会計,可決,未来ネット,鈴木 利信,M012,賛成
D13,4,第2回令和7年度高砂市介護保険事業特別会計,可決,未来ネット,北野 誠一郎,M007,賛成
D13,4,第2回令和7年度高砂市介護保険事業特別会計,可決,民主クラブ,松野 優也,M016,賛成
D13,4,第2回令和7年度高砂市介護保険事業特別会計,可決,民主クラブ,山田 光昭,M018,賛成
D13,4,第2回令和7年度高砂市介護保険事業特別会計,可決,日本維新の会,横田 英樹,M019,賛成
D13,4,第2回令和7年度高砂市介護保険事業特別会計,可決,日本共産党,大西 由紀,M005,反対
D13,4,第2回令和7年度高砂市介護保険事業特別会計,可決,まつかぜ,坂本 まり,M008,賛成
D13,5,「消費税減税を求める意見書」の国への送付を求める陳情書,不採択,新政会,入江 啓太,M002,反対
D13,5,「消費税減税を求める意見書」の国への送付を求める陳情書,不採択,新政会,岩見 明,M004,反対
D13,5,「消費税減税を求める意見書」の国への送付を求める陳情書,不採択,新政会,藤森 誠,M015,反対
D13,5,「消費税減税を求める意見書」の国への送付を求める陳情書,不採択,川端 宏明 （注）,島津 明香,M011,反対
D13,5,「消費税減税を求める意見書」の国への送付を求める陳情書,不採択,川端 宏明 （注）,今竹 大祐,M003,反対
D13,5,「消費税減税を求める意見書」の国への送付を求める陳情書,不採択,公明党,迫川 高行,M009,反対
D13,5,「消費税減税を求める意見書」の国への送付を求める陳情書,不採択,公明党,春増 勝利,M014,反対
D13,5,「消費税減税を求める意見書」の国への送付を求める陳情書,不採択,公明党,森 秀樹,M017,反対
D13,5,「消費税減税を求める意見書」の国への送付を求める陳情書,不採択,明風会,石崎 徹,M001,反対
D13,5,「消費税減税を求める意見書」の国への送付を求める陳情書,不採択,明風会,鷹尾 治久,M013,反対
D13,5,「消費税減税を求める意見書」の国への送付を求める陳情書,不採択,明風会,芝本 鎮彰,M010,反対
D13,5,「消費税減税を求める意見書」の国への送付を求める陳情書,不採択,未来ネット,鈴木 利信,M012,反対
D13,5,「消費税減税を求める意見書」の国への送付を求める陳情書,不採択,未来ネット,北野 誠一郎,M007,反対
D13,5,「消費税減税を求める意見書」の国への送付を求める陳情書,不採択,民主クラブ,松野 優也,M016,反対
D13,5,「消費税減税を求める意見書」の国への送付を求める陳情書,不採択,民主クラブ,山田 光昭,M018,反対
D13,5,「消費税減税を求める意見書」の国への送付を求める陳情書,不採択,日本維新の会,横田 英樹,M019,賛成
D13,5,「消費税減税を求める意見書」の国への送付を求める陳情書,不採択,日本共産党,大西 由紀,M005,賛成
D13,5,「消費税減税を求める意見書」の国への送付を求める陳情書,不採択,まつかぜ,坂本 まり,M008,反対
D13,6,インボイス制度の廃止をめざし、事業者の負担を軽減する経過措置を継続するよう求める意見書を国に送付することを求める陳情書,不採択,新政会,入江 啓太,M002,反対
D13,6,インボイス制度の廃止をめざし、事業者の負担を軽減する経過措置を継続するよう求める意見書を国に送付することを求める陳情書,不採択,新政会,岩見 明,M004,反対
D13,6,インボイス制度の廃止をめざし、事業者の負担を軽減する経過措置を継続するよう求める意見書を国に送付することを求める陳情書,不採択,新政会,藤森 誠,M015,反対
D13,6,インボイス制度の廃止をめざし、事業者の負担を軽減する経過措置を継続するよう求める意見書を国に送付することを求める陳情書,不採択,川端 宏明 （注）,島津 明香,M011,反対
D13,6,インボイス制度の廃止をめざし、事業者の負担を軽減する経過措置を継続するよう求める意見書を国に送付することを求める陳情書,不採択,川端 宏明 （注）,今竹 大祐,M003,反対
D13,6,インボイス制度の廃止をめざし、事業者の負担を軽減する経過措置を継続するよう求める意見書を国に送付することを求める陳情書,不採択,公明党,迫川 高行,M009,反対
D13,6,インボイス制度の廃止をめざし、事業者の負担を軽減する経過措置を継続するよう求める意見書を国に送付することを求める陳情書,不採択,公明党,春増 勝利,M014,反対
D13,6,インボイス制度の廃止をめざし、事業者の負担を軽減する経過措置を継続するよう求める意見書を国に送付することを求める陳情書,不採択,公明党,森 秀樹,M017,反対
D13,6,インボイス制度の廃止をめざし、事業者の負担を軽減する経過措置を継続するよう求める意見書を国に送付することを求める陳情書,不採択,明風会,石崎 徹,M001,反対
D13,6,インボイス制度の廃止をめざし、事業者の負担を軽減する経過措置を継続するよう求める意見書を国に送付することを求める陳情書,不採択,明風会,鷹尾 治久,M013,反対
D13,6,インボイス制度の廃止をめざし、事業者の負担を軽減する経過措置を継続するよう求める意見書を国に送付することを求める陳情書,不採択,明風会,芝本 鎮彰,M010,反対
D13,6,インボイス制度の廃止をめざし、事業者の負担を軽減する経過措置を継続するよう求める意見書を国に送付することを求める陳情書,不採択,未来ネット,鈴木 利信,M012,反対
D13,6,インボイス制度の廃止をめざし、事業者の負担を軽減する経過措置を継続するよう求める意見書を国に送付することを求める陳情書,不採択,未来ネット,北野 誠一郎,M007,反対
D13,6,インボイス制度の廃止をめざし、事業者の負担を軽減する経過措置を継続するよう求める意見書を国に送付することを求める陳情書,不採択,民主クラブ,松野 優也,M016,反対
D13,6,インボイス制度の廃止をめざし、事業者の負担を軽減する経過措置を継続するよう求める意見書を国に送付することを求める陳情書,不採択,民主クラブ,山田 光昭,M018,反対
D13,6,インボイス制度の廃止をめざし、事業者の負担を軽減する経過措置を継続するよう求める意見書を国に送付することを求める陳情書,不採択,日本維新の会,横田 英樹,M019,反対
D13,6,インボイス制度の廃止をめざし、事業者の負担を軽減する経過措置を継続するよう求める意見書を国に送付することを求める陳情書,不採択,日本共産党,大西 由紀,M005,賛成
D13,6,インボイス制度の廃止をめざし、事業者の負担を軽減する経過措置を継続するよう求める意見書を国に送付することを求める陳情書,不採択,まつかぜ,坂本 まり,M008,反対
D13,7,高砂市民病院を市直営の公立病院として存続を求める陳情書,不採択,新政会,入江 啓太,M002,反対
D13,7,高砂市民病院を市直営の公立病院として存続を求める陳情書,不採択,新政会,岩見 明,M004,反対
D13,7,高砂市民病院を市直営の公立病院として存続を求める陳情書,不採択,新政会,藤森 誠,M015,反対
D13,7,高砂市民病院を市直営の公立病院として存続を求める陳情書,不採択,川端 宏明 （注）,島津 明香,M011,反対
D13,7,高砂市民病院を市直営の公立病院として存続を求める陳情書,不採択,川端 宏明 （注）,今竹 大祐,M003,反対
D13,7,高砂市民病院を市直営の公立病院として存続を求める陳情書,不採択,公明党,迫川 高行,M009,反対
D13,7,高砂市民病院を市直営の公立病院として存続を求める陳情書,不採択,公明党,春増 勝利,M014,反対
D13,7,高砂市民病院を市直営の公立病院として存続を求める陳情書,不採択,公明党,森 秀樹,M017,反対
D13,7,高砂市民病院を市直営の公立病院として存続を求める陳情書,不採択,明風会,石崎 徹,M001,反対
D13,7,高砂市民病院を市直営の公立病院として存続を求める陳情書,不採択,明風会,鷹尾 治久,M013,反対
D13,7,高砂市民病院を市直営の公立病院として存続を求める陳情書,不採択,明風会,芝本 鎮彰,M010,反対
D13,7,高砂市民病院を市直営の公立病院として存続を求める陳情書,不採択,未来ネット,鈴木 利信,M012,反対
D13,7,高砂市民病院を市直営の公立病院として存続を求める陳情書,不採択,未来ネット,北野 誠一郎,M007,反対
D13,7,高砂市民病院を市直営の公立病院として存続を求める陳情書,不採択,民主クラブ,松野 優也,M016,反対
D13,7,高砂市民病院を市直営の公立病院として存続を求める陳情書,不採択,民主クラブ,山田 光昭,M018,反対
D13,7,高砂市民病院を市直営の公立病院として存続を求める陳情書,不採択,日本維新の会,横田 英樹,M019,反対
D13,7,高砂市民病院を市直営の公立病院として存続を求める陳情書,不採択,日本共産党,大西 由紀,M005,賛成
D13,7,高砂市民病院を市直営の公立病院として存続を求める陳情書,不採択,まつかぜ,坂本 まり,M008,反対
D14,1,高砂市市民税減免基準等の廃止について,可決,新政会,入江 啓太,M002,賛成
D14,1,高砂市市民税減免基準等の廃止について,可決,新政会,岩見 明,M004,賛成
D14,1,高砂市市民税減免基準等の廃止について,可決,新政会,藤森 誠,M015,賛成
D14,1,高砂市市民税減免基準等の廃止について,可決,川端 宏明 （注1）,島津 明香,M011,賛成
D14,1,高砂市市民税減免基準等の廃止について,可決,川端 宏明 （注1）,今竹 大祐,M003,賛成
D14,1,高砂市市民税減免基準等の廃止について,可決,公明党,迫川 高行,M009,賛成
D14,1,高砂市市民税減免基準等の廃止について,可決,公明党,春増 勝利,M014,賛成
D14,1,高砂市市民税減免基準等の廃止について,可決,公明党,森 秀樹,M017,賛成
D14,1,高砂市市民税減免基準等の廃止について,可決,明風会,石崎 徹,M001,賛成
D14,1,高砂市市民税減免基準等の廃止について,可決,明風会,鷹尾 治久,M013,賛成
D14,1,高砂市市民税減免基準等の廃止について,可決,明風会,芝本 鎮彰,M010,賛成
D14,1,高砂市市民税減免基準等の廃止について,可決,未来ネット,鈴木 利信,M012,賛成
D14,1,高砂市市民税減免基準等の廃止について,可決,未来ネット,北野 誠一郎,M007,賛成
D14,1,高砂市市民税減免基準等の廃止について,可決,民主クラブ,松野 優也,M016,賛成
D14,1,高砂市市民税減免基準等の廃止について,可決,民主クラブ,山田 光昭,M018,賛成
D14,1,高砂市市民税減免基準等の廃止について,可決,日本維新の会,横田 英樹,M019,賛成
D14,1,高砂市市民税減免基準等の廃止について,可決,日本共産党,大西 由紀,M005,反対
D14,1,高砂市市民税減免基準等の廃止について,可決,まつかぜ,坂本 まり,M008,賛成
D14,2,高砂市職員の給与に関する条例の一部を改正する条例を定めることについて,可決,新政会,入江 啓太,M002,賛成
D14,2,高砂市職員の給与に関する条例の一部を改正する条例を定めることについて,可決,新政会,岩見 明,M004,賛成
D14,2,高砂市職員の給与に関する条例の一部を改正する条例を定めることについて,可決,新政会,藤森 誠,M015,賛成
D14,2,高砂市職員の給与に関する条例の一部を改正する条例を定めることについて,可決,川端 宏明 （注1）,島津 明香,M011,賛成
D14,2,高砂市職員の給与に関する条例の一部を改正する条例を定めることについて,可決,川端 宏明 （注1）,今竹 大祐,M003,賛成
D14,2,高砂市職員の給与に関する条例の一部を改正する条例を定めることについて,可決,公明党,迫川 高行,M009,賛成
D14,2,高砂市職員の給与に関する条例の一部を改正する条例を定めることについて,可決,公明党,春増 勝利,M014,賛成
D14,2,高砂市職員の給与に関する条例の一部を改正する条例を定めることについて,可決,公明党,森 秀樹,M017,賛成
D14,2,高砂市職員の給与に関する条例の一部を改正する条例を定めることについて,可決,明風会,石崎 徹,M001,賛成
D14,2,高砂市職員の給与に関する条例の一部を改正する条例を定めることについて,可決,明風会,鷹尾 治久,M013,賛成
D14,2,高砂市職員の給与に関する条例の一部を改正する条例を定めることについて,可決,明風会,芝本 鎮彰,M010,賛成
D14,2,高砂市職員の給与に関する条例の一部を改正する条例を定めることについて,可決,未来ネット,鈴木 利信,M012,賛成
D14,2,高砂市職員の給与に関する条例の一部を改正する条例を定めることについて,可決,未来ネット,北野 誠一郎,M007,賛成
D14,2,高砂市職員の給与に関する条例の一部を改正する条例を定めることについて,可決,民主クラブ,松野 優也,M016,賛成
D14,2,高砂市職員の給与に関する条例の一部を改正する条例を定めることについて,可決,民主クラブ,山田 光昭,M018,賛成
D14,2,高砂市職員の給与に関する条例の一部を改正する条例を定めることについて,可決,日本維新の会,横田 英樹,M019,賛成
D14,2,高砂市職員の給与に関する条例の一部を改正する条例を定めることについて,可決,日本共産党,大西 由紀,M005,反対
D14,2,高砂市職員の給与に関する条例の一部を改正する条例を定めることについて,可決,まつかぜ,坂本 まり,M008,賛成
D14,3,特別職の職員で常勤のものの給与に関する条例の一部を改正する条例を定めることについて（注2）,可決,新政会,入江 啓太,M002,賛成
D14,3,特別職の職員で常勤のものの給与に関する条例の一部を改正する条例を定めることについて（注2）,可決,新政会,岩見 明,M004,賛成
D14,3,特別職の職員で常勤のものの給与に関する条例の一部を改正する条例を定めることについて（注2）,可決,新政会,藤森 誠,M015,賛成
D14,3,特別職の職員で常勤のものの給与に関する条例の一部を改正する条例を定めることについて（注2）,可決,川端 宏明 （注1）,島津 明香,M011,賛成
D14,3,特別職の職員で常勤のものの給与に関する条例の一部を改正する条例を定めることについて（注2）,可決,川端 宏明 （注1）,今竹 大祐,M003,賛成
D14,3,特別職の職員で常勤のものの給与に関する条例の一部を改正する条例を定めることについて（注2）,可決,公明党,迫川 高行,M009,賛成
D14,3,特別職の職員で常勤のものの給与に関する条例の一部を改正する条例を定めることについて（注2）,可決,公明党,春増 勝利,M014,賛成
D14,3,特別職の職員で常勤のものの給与に関する条例の一部を改正する条例を定めることについて（注2）,可決,公明党,森 秀樹,M017,賛成
D14,3,特別職の職員で常勤のものの給与に関する条例の一部を改正する条例を定めることについて（注2）,可決,明風会,石崎 徹,M001,反対
D14,3,特別職の職員で常勤のものの給与に関する条例の一部を改正する条例を定めることについて（注2）,可決,明風会,鷹尾 治久,M013,反対
D14,3,特別職の職員で常勤のものの給与に関する条例の一部を改正する条例を定めることについて（注2）,可決,明風会,芝本 鎮彰,M010,反対
D14,3,特別職の職員で常勤のものの給与に関する条例の一部を改正する条例を定めることについて（注2）,可決,未来ネット,鈴木 利信,M012,反対
D14,3,特別職の職員で常勤のものの給与に関する条例の一部を改正する条例を定めることについて（注2）,可決,未来ネット,北野 誠一郎,M007,反対
D14,3,特別職の職員で常勤のものの給与に関する条例の一部を改正する条例を定めることについて（注2）,可決,民主クラブ,松野 優也,M016,賛成
D14,3,特別職の職員で常勤のものの給与に関する条例の一部を改正する条例を定めることについて（注2）,可決,民主クラブ,山田 光昭,M018,賛成
D14,3,特別職の職員で常勤のものの給与に関する条例の一部を改正する条例を定めることについて（注2）,可決,日本維新の会,横田 英樹,M019,反対
D14,3,特別職の職員で常勤のものの給与に関する条例の一部を改正する条例を定めることについて（注2）,可決,日本共産党,大西 由紀,M005,反対
D14,3,特別職の職員で常勤のものの給与に関する条例の一部を改正する条例を定めることについて（注2）,可決,まつかぜ,坂本 まり,M008,反対
D14,4,議会議員の議員報酬及び費用弁償に関する条例の一部を改正する条例を定めることについて（注2）,可決,新政会,入江 啓太,M002,賛成
D14,4,議会議員の議員報酬及び費用弁償に関する条例の一部を改正する条例を定めることについて（注2）,可決,新政会,岩見 明,M004,賛成
D14,4,議会議員の議員報酬及び費用弁償に関する条例の一部を改正する条例を定めることについて（注2）,可決,新政会,藤森 誠,M015,賛成
D14,4,議会議員の議員報酬及び費用弁償に関する条例の一部を改正する条例を定めることについて（注2）,可決,川端 宏明 （注1）,島津 明香,M011,賛成
D14,4,議会議員の議員報酬及び費用弁償に関する条例の一部を改正する条例を定めることについて（注2）,可決,川端 宏明 （注1）,今竹 大祐,M003,賛成
D14,4,議会議員の議員報酬及び費用弁償に関する条例の一部を改正する条例を定めることについて（注2）,可決,公明党,迫川 高行,M009,賛成
D14,4,議会議員の議員報酬及び費用弁償に関する条例の一部を改正する条例を定めることについて（注2）,可決,公明党,春増 勝利,M014,賛成
D14,4,議会議員の議員報酬及び費用弁償に関する条例の一部を改正する条例を定めることについて（注2）,可決,公明党,森 秀樹,M017,賛成
D14,4,議会議員の議員報酬及び費用弁償に関する条例の一部を改正する条例を定めることについて（注2）,可決,明風会,石崎 徹,M001,反対
D14,4,議会議員の議員報酬及び費用弁償に関する条例の一部を改正する条例を定めることについて（注2）,可決,明風会,鷹尾 治久,M013,反対
D14,4,議会議員の議員報酬及び費用弁償に関する条例の一部を改正する条例を定めることについて（注2）,可決,明風会,芝本 鎮彰,M010,反対
D14,4,議会議員の議員報酬及び費用弁償に関する条例の一部を改正する条例を定めることについて（注2）,可決,未来ネット,鈴木 利信,M012,反対
D14,4,議会議員の議員報酬及び費用弁償に関する条例の一部を改正する条例を定めることについて（注2）,可決,未来ネット,北野 誠一郎,M007,反対
D14,4,議会議員の議員報酬及び費用弁償に関する条例の一部を改正する条例を定めることについて（注2）,可決,民主クラブ,松野 優也,M016,賛成
D14,4,議会議員の議員報酬及び費用弁償に関する条例の一部を改正する条例を定めることについて（注2）,可決,民主クラブ,山田 光昭,M018,賛成
D14,4,議会議員の議員報酬及び費用弁償に関する条例の一部を改正する条例を定めることについて（注2）,可決,日本維新の会,横田 英樹,M019,反対
D14,4,議会議員の議員報酬及び費用弁償に関する条例の一部を改正する条例を定めることについて（注2）,可決,日本共産党,大西 由紀,M005,反対
D14,4,議会議員の議員報酬及び費用弁償に関する条例の一部を改正する条例を定めることについて（注2）,可決,まつかぜ,坂本 まり,M008,反対
D14,5,高砂市市税条例の一部を改正する条例を定めることについて,可決,新政会,入江 啓太,M002,賛成
D14,5,高砂市市税条例の一部を改正する条例を定めることについて,可決,新政会,岩見 明,M004,賛成
D14,5,高砂市市税条例の一部を改正する条例を定めることについて,可決,新政会,藤森 誠,M015,賛成
D14,5,高砂市市税条例の一部を改正する条例を定めることについて,可決,川端 宏明 （注1）,島津 明香,M011,賛成
D14,5,高砂市市税条例の一部を改正する条例を定めることについて,可決,川端 宏明 （注1）,今竹 大祐,M003,賛成
D14,5,高砂市市税条例の一部を改正する条例を定めることについて,可決,公明党,迫川 高行,M009,賛成
D14,5,高砂市市税条例の一部を改正する条例を定めることについて,可決,公明党,春増 勝利,M014,賛成
D14,5,高砂市市税条例の一部を改正する条例を定めることについて,可決,公明党,森 秀樹,M017,賛成
D14,5,高砂市市税条例の一部を改正する条例を定めることについて,可決,明風会,石崎 徹,M001,賛成
D14,5,高砂市市税条例の一部を改正する条例を定めることについて,可決,明風会,鷹尾 治久,M013,賛成
D14,5,高砂市市税条例の一部を改正する条例を定めることについて,可決,明風会,芝本 鎮彰,M010,賛成
D14,5,高砂市市税条例の一部を改正する条例を定めることについて,可決,未来ネット,鈴木 利信,M012,賛成
D14,5,高砂市市税条例の一部を改正する条例を定めることについて,可決,未来ネット,北野 誠一郎,M007,賛成
D14,5,高砂市市税条例の一部を改正する条例を定めることについて,可決,民主クラブ,松野 優也,M016,賛成
D14,5,高砂市市税条例の一部を改正する条例を定めることについて,可決,民主クラブ,山田 光昭,M018,賛成
D14,5,高砂市市税条例の一部を改正する条例を定めることについて,可決,日本維新の会,横田 英樹,M019,賛成
D14,5,高砂市市税条例の一部を改正する条例を定めることについて,可決,日本共産党,大西 由紀,M005,反対
D14,5,高砂市市税条例の一部を改正する条例を定めることについて,可決,まつかぜ,坂本 まり,M008,賛成
D14,6,高砂市民プール条例を廃止する条例を定めることについて,可決,新政会,入江 啓太,M002,賛成
D14,6,高砂市民プール条例を廃止する条例を定めることについて,可決,新政会,岩見 明,M004,賛成
D14,6,高砂市民プール条例を廃止する条例を定めることについて,可決,新政会,藤森 誠,M015,賛成
D14,6,高砂市民プール条例を廃止する条例を定めることについて,可決,川端 宏明 （注1）,島津 明香,M011,賛成
D14,6,高砂市民プール条例を廃止する条例を定めることについて,可決,川端 宏明 （注1）,今竹 大祐,M003,賛成
D14,6,高砂市民プール条例を廃止する条例を定めることについて,可決,公明党,迫川 高行,M009,賛成
D14,6,高砂市民プール条例を廃止する条例を定めることについて,可決,公明党,春増 勝利,M014,賛成
D14,6,高砂市民プール条例を廃止する条例を定めることについて,可決,公明党,森 秀樹,M017,賛成
D14,6,高砂市民プール条例を廃止する条例を定めることについて,可決,明風会,石崎 徹,M001,賛成
D14,6,高砂市民プール条例を廃止する条例を定めることについて,可決,明風会,鷹尾 治久,M013,賛成
D14,6,高砂市民プール条例を廃止する条例を定めることについて,可決,明風会,芝本 鎮彰,M010,賛成
D14,6,高砂市民プール条例を廃止する条例を定めることについて,可決,未来ネット,鈴木 利信,M012,賛成
D14,6,高砂市民プール条例を廃止する条例を定めることについて,可決,未来ネット,北野 誠一郎,M007,賛成
D14,6,高砂市民プール条例を廃止する条例を定めることについて,可決,民主クラブ,松野 優也,M016,賛成
D14,6,高砂市民プール条例を廃止する条例を定めることについて,可決,民主クラブ,山田 光昭,M018,賛成
D14,6,高砂市民プール条例を廃止する条例を定めることについて,可決,日本維新の会,横田 英樹,M019,賛成
D14,6,高砂市民プール条例を廃止する条例を定めることについて,可決,日本共産党,大西 由紀,M005,反対
D14,6,高砂市民プール条例を廃止する条例を定めることについて,可決,まつかぜ,坂本 まり,M008,賛成
D14,7,高砂市乳児等通園支援事業の設備及び運営に関する基準を定める条例を定めることについて,可決,新政会,入江 啓太,M002,賛成
D14,7,高砂市乳児等通園支援事業の設備及び運営に関する基準を定める条例を定めることについて,可決,新政会,岩見 明,M004,賛成
D14,7,高砂市乳児等通園支援事業の設備及び運営に関する基準を定める条例を定めることについて,可決,新政会,藤森 誠,M015,賛成
D14,7,高砂市乳児等通園支援事業の設備及び運営に関する基準を定める条例を定めることについて,可決,川端 宏明 （注1）,島津 明香,M011,賛成
D14,7,高砂市乳児等通園支援事業の設備及び運営に関する基準を定める条例を定めることについて,可決,川端 宏明 （注1）,今竹 大祐,M003,賛成
D14,7,高砂市乳児等通園支援事業の設備及び運営に関する基準を定める条例を定めることについて,可決,公明党,迫川 高行,M009,賛成
D14,7,高砂市乳児等通園支援事業の設備及び運営に関する基準を定める条例を定めることについて,可決,公明党,春増 勝利,M014,賛成
D14,7,高砂市乳児等通園支援事業の設備及び運営に関する基準を定める条例を定めることについて,可決,公明党,森 秀樹,M017,賛成
D14,7,高砂市乳児等通園支援事業の設備及び運営に関する基準を定める条例を定めることについて,可決,明風会,石崎 徹,M001,賛成
D14,7,高砂市乳児等通園支援事業の設備及び運営に関する基準を定める条例を定めることについて,可決,明風会,鷹尾 治久,M013,賛成
D14,7,高砂市乳児等通園支援事業の設備及び運営に関する基準を定める条例を定めることについて,可決,明風会,芝本 鎮彰,M010,賛成
D14,7,高砂市乳児等通園支援事業の設備及び運営に関する基準を定める条例を定めることについて,可決,未来ネット,鈴木 利信,M012,賛成
D14,7,高砂市乳児等通園支援事業の設備及び運営に関する基準を定める条例を定めることについて,可決,未来ネット,北野 誠一郎,M007,賛成
D14,7,高砂市乳児等通園支援事業の設備及び運営に関する基準を定める条例を定めることについて,可決,民主クラブ,松野 優也,M016,賛成
D14,7,高砂市乳児等通園支援事業の設備及び運営に関する基準を定める条例を定めることについて,可決,民主クラブ,山田 光昭,M018,賛成
D14,7,高砂市乳児等通園支援事業の設備及び運営に関する基準を定める条例を定めることについて,可決,日本維新の会,横田 英樹,M019,賛成
D14,7,高砂市乳児等通園支援事業の設備及び運営に関する基準を定める条例を定めることについて,可決,日本共産党,大西 由紀,M005,反対
D14,7,高砂市乳児等通園支援事業の設備及び運営に関する基準を定める条例を定めることについて,可決,まつかぜ,坂本 まり,M008,賛成
D14,8,高砂市病院事業の設置等に関する条例の一部を改正する等の条例を定めることについて,可決,新政会,入江 啓太,M002,賛成
D14,8,高砂市病院事業の設置等に関する条例の一部を改正する等の条例を定めることについて,可決,新政会,岩見 明,M004,賛成
D14,8,高砂市病院事業の設置等に関する条例の一部を改正する等の条例を定めることについて,可決,新政会,藤森 誠,M015,賛成
D14,8,高砂市病院事業の設置等に関する条例の一部を改正する等の条例を定めることについて,可決,川端 宏明 （注1）,島津 明香,M011,賛成
D14,8,高砂市病院事業の設置等に関する条例の一部を改正する等の条例を定めることについて,可決,川端 宏明 （注1）,今竹 大祐,M003,賛成
D14,8,高砂市病院事業の設置等に関する条例の一部を改正する等の条例を定めることについて,可決,公明党,迫川 高行,M009,賛成
D14,8,高砂市病院事業の設置等に関する条例の一部を改正する等の条例を定めることについて,可決,公明党,春増 勝利,M014,賛成
D14,8,高砂市病院事業の設置等に関する条例の一部を改正する等の条例を定めることについて,可決,公明党,森 秀樹,M017,賛成
D14,8,高砂市病院事業の設置等に関する条例の一部を改正する等の条例を定めることについて,可決,明風会,石崎 徹,M001,賛成
D14,8,高砂市病院事業の設置等に関する条例の一部を改正する等の条例を定めることについて,可決,明風会,鷹尾 治久,M013,賛成
D14,8,高砂市病院事業の設置等に関する条例の一部を改正する等の条例を定めることについて,可決,明風会,芝本 鎮彰,M010,賛成
D14,8,高砂市病院事業の設置等に関する条例の一部を改正する等の条例を定めることについて,可決,未来ネット,鈴木 利信,M012,賛成
D14,8,高砂市病院事業の設置等に関する条例の一部を改正する等の条例を定めることについて,可決,未来ネット,北野 誠一郎,M007,賛成
D14,8,高砂市病院事業の設置等に関する条例の一部を改正する等の条例を定めることについて,可決,民主クラブ,松野 優也,M016,賛成
D14,8,高砂市病院事業の設置等に関する条例の一部を改正する等の条例を定めることについて,可決,民主クラブ,山田 光昭,M018,賛成
D14,8,高砂市病院事業の設置等に関する条例の一部を改正する等の条例を定めることについて,可決,日本維新の会,横田 英樹,M019,賛成
D14,8,高砂市病院事業の設置等に関する条例の一部を改正する等の条例を定めることについて,可決,日本共産党,大西 由紀,M005,反対
D14,8,高砂市病院事業の設置等に関する条例の一部を改正する等の条例を定めることについて,可決,まつかぜ,坂本 まり,M008,賛成
D14,9,第6回令和7年度高砂市一般会計補正予算,可決,新政会,入江 啓太,M002,賛成
D14,9,第6回令和7年度高砂市一般会計補正予算,可決,新政会,岩見 明,M004,賛成
D14,9,第6回令和7年度高砂市一般会計補正予算,可決,新政会,藤森 誠,M015,賛成
D14,9,第6回令和7年度高砂市一般会計補正予算,可決,川端 宏明 （注1）,島津 明香,M011,賛成
D14,9,第6回令和7年度高砂市一般会計補正予算,可決,川端 宏明 （注1）,今竹 大祐,M003,賛成
D14,9,第6回令和7年度高砂市一般会計補正予算,可決,公明党,迫川 高行,M009,賛成
D14,9,第6回令和7年度高砂市一般会計補正予算,可決,公明党,春増 勝利,M014,賛成
D14,9,第6回令和7年度高砂市一般会計補正予算,可決,公明党,森 秀樹,M017,賛成
D14,9,第6回令和7年度高砂市一般会計補正予算,可決,明風会,石崎 徹,M001,賛成
D14,9,第6回令和7年度高砂市一般会計補正予算,可決,明風会,鷹尾 治久,M013,賛成
D14,9,第6回令和7年度高砂市一般会計補正予算,可決,明風会,芝本 鎮彰,M010,賛成
D14,9,第6回令和7年度高砂市一般会計補正予算,可決,未来ネット,鈴木 利信,M012,賛成
D14,9,第6回令和7年度高砂市一般会計補正予算,可決,未来ネット,北野 誠一郎,M007,賛成
D14,9,第6回令和7年度高砂市一般会計補正予算,可決,民主クラブ,松野 優也,M016,賛成
D14,9,第6回令和7年度高砂市一般会計補正予算,可決,民主クラブ,山田 光昭,M018,賛成
D14,9,第6回令和7年度高砂市一般会計補正予算,可決,日本維新の会,横田 英樹,M019,賛成
D14,9,第6回令和7年度高砂市一般会計補正予算,可決,日本共産党,大西 由紀,M005,反対
D14,9,第6回令和7年度高砂市一般会計補正予算,可決,まつかぜ,坂本 まり,M008,賛成
D14,10,臓器移植に関わる不正な臓器取引や移植目的の渡航等を防止し、国民が知らずに犯罪に巻き込まれることを防ぐための環境整備等を求める意見書提出の陳情,採択,新政会,入江 啓太,M002,賛成
D14,10,臓器移植に関わる不正な臓器取引や移植目的の渡航等を防止し、国民が知らずに犯罪に巻き込まれることを防ぐための環境整備等を求める意見書提出の陳情,採択,新政会,岩見 明,M004,賛成
D14,10,臓器移植に関わる不正な臓器取引や移植目的の渡航等を防止し、国民が知らずに犯罪に巻き込まれることを防ぐための環境整備等を求める意見書提出の陳情,採択,新政会,藤森 誠,M015,賛成
D14,10,臓器移植に関わる不正な臓器取引や移植目的の渡航等を防止し、国民が知らずに犯罪に巻き込まれることを防ぐための環境整備等を求める意見書提出の陳情,採択,川端 宏明 （注1）,島津 明香,M011,賛成
D14,10,臓器移植に関わる不正な臓器取引や移植目的の渡航等を防止し、国民が知らずに犯罪に巻き込まれることを防ぐための環境整備等を求める意見書提出の陳情,採択,川端 宏明 （注1）,今竹 大祐,M003,賛成
D14,10,臓器移植に関わる不正な臓器取引や移植目的の渡航等を防止し、国民が知らずに犯罪に巻き込まれることを防ぐための環境整備等を求める意見書提出の陳情,採択,公明党,迫川 高行,M009,賛成
D14,10,臓器移植に関わる不正な臓器取引や移植目的の渡航等を防止し、国民が知らずに犯罪に巻き込まれることを防ぐための環境整備等を求める意見書提出の陳情,採択,公明党,春増 勝利,M014,賛成
D14,10,臓器移植に関わる不正な臓器取引や移植目的の渡航等を防止し、国民が知らずに犯罪に巻き込まれることを防ぐための環境整備等を求める意見書提出の陳情,採択,公明党,森 秀樹,M017,賛成
D14,10,臓器移植に関わる不正な臓器取引や移植目的の渡航等を防止し、国民が知らずに犯罪に巻き込まれることを防ぐための環境整備等を求める意見書提出の陳情,採択,明風会,石崎 徹,M001,賛成
D14,10,臓器移植に関わる不正な臓器取引や移植目的の渡航等を防止し、国民が知らずに犯罪に巻き込まれることを防ぐための環境整備等を求める意見書提出の陳情,採択,明風会,鷹尾 治久,M013,賛成
D14,10,臓器移植に関わる不正な臓器取引や移植目的の渡航等を防止し、国民が知らずに犯罪に巻き込まれることを防ぐための環境整備等を求める意見書提出の陳情,採択,明風会,芝本 鎮彰,M010,賛成
D14,10,臓器移植に関わる不正な臓器取引や移植目的の渡航等を防止し、国民が知らずに犯罪に巻き込まれることを防ぐための環境整備等を求める意見書提出の陳情,採択,未来ネット,鈴木 利信,M012,賛成
D14,10,臓器移植に関わる不正な臓器取引や移植目的の渡航等を防止し、国民が知らずに犯罪に巻き込まれることを防ぐための環境整備等を求める意見書提出の陳情,採択,未来ネット,北野 誠一郎,M007,賛成
D14,10,臓器移植に関わる不正な臓器取引や移植目的の渡航等を防止し、国民が知らずに犯罪に巻き込まれることを防ぐための環境整備等を求める意見書提出の陳情,採択,民主クラブ,松野 優也,M016,賛成
D14,10,臓器移植に関わる不正な臓器取引や移植目的の渡航等を防止し、国民が知らずに犯罪に巻き込まれることを防ぐための環境整備等を求める意見書提出の陳情,採択,民主クラブ,山田 光昭,M018,賛成
D14,10,臓器移植に関わる不正な臓器取引や移植目的の渡航等を防止し、国民が知らずに犯罪に巻き込まれることを防ぐための環境整備等を求める意見書提出の陳情,採択,日本維新の会,横田 英樹,M019,賛成
D14,10,臓器移植に関わる不正な臓器取引や移植目的の渡航等を防止し、国民が知らずに犯罪に巻き込まれることを防ぐための環境整備等を求める意見書提出の陳情,採択,日本共産党,大西 由紀,M005,反対
D14,10,臓器移植に関わる不正な臓器取引や移植目的の渡航等を防止し、国民が知らずに犯罪に巻き込まれることを防ぐための環境整備等を求める意見書提出の陳情,採択,まつかぜ,坂本 まり,M008,賛成
D14,11,令和6年度高砂市一般会計歳入歳出決算認定について,認定,新政会,入江 啓太,M002,賛成
D14,11,令和6年度高砂市一般会計歳入歳出決算認定について,認定,新政会,岩見 明,M004,賛成
D14,11,令和6年度高砂市一般会計歳入歳出決算認定について,認定,新政会,藤森 誠,M015,賛成
D14,11,令和6年度高砂市一般会計歳入歳出決算認定について,認定,川端 宏明 （注1）,島津 明香,M011,賛成
D14,11,令和6年度高砂市一般会計歳入歳出決算認定について,認定,川端 宏明 （注1）,今竹 大祐,M003,賛成
D14,11,令和6年度高砂市一般会計歳入歳出決算認定について,認定,公明党,迫川 高行,M009,賛成
D14,11,令和6年度高砂市一般会計歳入歳出決算認定について,認定,公明党,春増 勝利,M014,賛成
D14,11,令和6年度高砂市一般会計歳入歳出決算認定について,認定,公明党,森 秀樹,M017,賛成
D14,11,令和6年度高砂市一般会計歳入歳出決算認定について,認定,明風会,石崎 徹,M001,賛成
D14,11,令和6年度高砂市一般会計歳入歳出決算認定について,認定,明風会,鷹尾 治久,M013,賛成
D14,11,令和6年度高砂市一般会計歳入歳出決算認定について,認定,明風会,芝本 鎮彰,M010,賛成
D14,11,令和6年度高砂市一般会計歳入歳出決算認定について,認定,未来ネット,鈴木 利信,M012,賛成
D14,11,令和6年度高砂市一般会計歳入歳出決算認定について,認定,未来ネット,北野 誠一郎,M007,賛成
D14,11,令和6年度高砂市一般会計歳入歳出決算認定について,認定,民主クラブ,松野 優也,M016,賛成
D14,11,令和6年度高砂市一般会計歳入歳出決算認定について,認定,民主クラブ,山田 光昭,M018,賛成
D14,11,令和6年度高砂市一般会計歳入歳出決算認定について,認定,日本維新の会,横田 英樹,M019,賛成
D14,11,令和6年度高砂市一般会計歳入歳出決算認定について,認定,日本共産党,大西 由紀,M005,反対
D14,11,令和6年度高砂市一般会計歳入歳出決算認定について,認定,まつかぜ,坂本 まり,M008,賛成
D14,12,令和6年度高砂市国民健康保険事業特別会計歳入歳出決算認定について,認定,新政会,入江 啓太,M002,賛成
D14,12,令和6年度高砂市国民健康保険事業特別会計歳入歳出決算認定について,認定,新政会,岩見 明,M004,賛成
D14,12,令和6年度高砂市国民健康保険事業特別会計歳入歳出決算認定について,認定,新政会,藤森 誠,M015,賛成
D14,12,令和6年度高砂市国民健康保険事業特別会計歳入歳出決算認定について,認定,川端 宏明 （注1）,島津 明香,M011,賛成
D14,12,令和6年度高砂市国民健康保険事業特別会計歳入歳出決算認定について,認定,川端 宏明 （注1）,今竹 大祐,M003,賛成
D14,12,令和6年度高砂市国民健康保険事業特別会計歳入歳出決算認定について,認定,公明党,迫川 高行,M009,賛成
D14,12,令和6年度高砂市国民健康保険事業特別会計歳入歳出決算認定について,認定,公明党,春増 勝利,M014,賛成
D14,12,令和6年度高砂市国民健康保険事業特別会計歳入歳出決算認定について,認定,公明党,森 秀樹,M017,賛成
D14,12,令和6年度高砂市国民健康保険事業特別会計歳入歳出決算認定について,認定,明風会,石崎 徹,M001,賛成
D14,12,令和6年度高砂市国民健康保険事業特別会計歳入歳出決算認定について,認定,明風会,鷹尾 治久,M013,賛成
D14,12,令和6年度高砂市国民健康保険事業特別会計歳入歳出決算認定について,認定,明風会,芝本 鎮彰,M010,賛成
D14,12,令和6年度高砂市国民健康保険事業特別会計歳入歳出決算認定について,認定,未来ネット,鈴木 利信,M012,賛成
D14,12,令和6年度高砂市国民健康保険事業特別会計歳入歳出決算認定について,認定,未来ネット,北野 誠一郎,M007,賛成
D14,12,令和6年度高砂市国民健康保険事業特別会計歳入歳出決算認定について,認定,民主クラブ,松野 優也,M016,賛成
D14,12,令和6年度高砂市国民健康保険事業特別会計歳入歳出決算認定について,認定,民主クラブ,山田 光昭,M018,賛成
D14,12,令和6年度高砂市国民健康保険事業特別会計歳入歳出決算認定について,認定,日本維新の会,横田 英樹,M019,賛成
D14,12,令和6年度高砂市国民健康保険事業特別会計歳入歳出決算認定について,認定,日本共産党,大西 由紀,M005,反対
D14,12,令和6年度高砂市国民健康保険事業特別会計歳入歳出決算認定について,認定,まつかぜ,坂本 まり,M008,賛成
D14,13,令和6年度高砂市後期高齢者医療事業特別会計歳入歳出決算認定について,認定,新政会,入江 啓太,M002,賛成
D14,13,令和6年度高砂市後期高齢者医療事業特別会計歳入歳出決算認定について,認定,新政会,岩見 明,M004,賛成
D14,13,令和6年度高砂市後期高齢者医療事業特別会計歳入歳出決算認定について,認定,新政会,藤森 誠,M015,賛成
D14,13,令和6年度高砂市後期高齢者医療事業特別会計歳入歳出決算認定について,認定,川端 宏明 （注1）,島津 明香,M011,賛成
D14,13,令和6年度高砂市後期高齢者医療事業特別会計歳入歳出決算認定について,認定,川端 宏明 （注1）,今竹 大祐,M003,賛成
D14,13,令和6年度高砂市後期高齢者医療事業特別会計歳入歳出決算認定について,認定,公明党,迫川 高行,M009,賛成
D14,13,令和6年度高砂市後期高齢者医療事業特別会計歳入歳出決算認定について,認定,公明党,春増 勝利,M014,賛成
D14,13,令和6年度高砂市後期高齢者医療事業特別会計歳入歳出決算認定について,認定,公明党,森 秀樹,M017,賛成
D14,13,令和6年度高砂市後期高齢者医療事業特別会計歳入歳出決算認定について,認定,明風会,石崎 徹,M001,賛成
D14,13,令和6年度高砂市後期高齢者医療事業特別会計歳入歳出決算認定について,認定,明風会,鷹尾 治久,M013,賛成
D14,13,令和6年度高砂市後期高齢者医療事業特別会計歳入歳出決算認定について,認定,明風会,芝本 鎮彰,M010,賛成
D14,13,令和6年度高砂市後期高齢者医療事業特別会計歳入歳出決算認定について,認定,未来ネット,鈴木 利信,M012,賛成
D14,13,令和6年度高砂市後期高齢者医療事業特別会計歳入歳出決算認定について,認定,未来ネット,北野 誠一郎,M007,賛成
D14,13,令和6年度高砂市後期高齢者医療事業特別会計歳入歳出決算認定について,認定,民主クラブ,松野 優也,M016,賛成
D14,13,令和6年度高砂市後期高齢者医療事業特別会計歳入歳出決算認定について,認定,民主クラブ,山田 光昭,M018,賛成
D14,13,令和6年度高砂市後期高齢者医療事業特別会計歳入歳出決算認定について,認定,日本維新の会,横田 英樹,M019,賛成
D14,13,令和6年度高砂市後期高齢者医療事業特別会計歳入歳出決算認定について,認定,日本共産党,大西 由紀,M005,反対
D14,13,令和6年度高砂市後期高齢者医療事業特別会計歳入歳出決算認定について,認定,まつかぜ,坂本 まり,M008,賛成
D14,14,令和6年度高砂市介護保険事業特別会計歳入歳出決算認定について,認定,新政会,入江 啓太,M002,賛成
D14,14,令和6年度高砂市介護保険事業特別会計歳入歳出決算認定について,認定,新政会,岩見 明,M004,賛成
D14,14,令和6年度高砂市介護保険事業特別会計歳入歳出決算認定について,認定,新政会,藤森 誠,M015,賛成
D14,14,令和6年度高砂市介護保険事業特別会計歳入歳出決算認定について,認定,川端 宏明 （注1）,島津 明香,M011,賛成
D14,14,令和6年度高砂市介護保険事業特別会計歳入歳出決算認定について,認定,川端 宏明 （注1）,今竹 大祐,M003,賛成
D14,14,令和6年度高砂市介護保険事業特別会計歳入歳出決算認定について,認定,公明党,迫川 高行,M009,賛成
D14,14,令和6年度高砂市介護保険事業特別会計歳入歳出決算認定について,認定,公明党,春増 勝利,M014,賛成
D14,14,令和6年度高砂市介護保険事業特別会計歳入歳出決算認定について,認定,公明党,森 秀樹,M017,賛成
D14,14,令和6年度高砂市介護保険事業特別会計歳入歳出決算認定について,認定,明風会,石崎 徹,M001,賛成
D14,14,令和6年度高砂市介護保険事業特別会計歳入歳出決算認定について,認定,明風会,鷹尾 治久,M013,賛成
D14,14,令和6年度高砂市介護保険事業特別会計歳入歳出決算認定について,認定,明風会,芝本 鎮彰,M010,賛成
D14,14,令和6年度高砂市介護保険事業特別会計歳入歳出決算認定について,認定,未来ネット,鈴木 利信,M012,賛成
D14,14,令和6年度高砂市介護保険事業特別会計歳入歳出決算認定について,認定,未来ネット,北野 誠一郎,M007,賛成
D14,14,令和6年度高砂市介護保険事業特別会計歳入歳出決算認定について,認定,民主クラブ,松野 優也,M016,賛成
D14,14,令和6年度高砂市介護保険事業特別会計歳入歳出決算認定について,認定,民主クラブ,山田 光昭,M018,賛成
D14,14,令和6年度高砂市介護保険事業特別会計歳入歳出決算認定について,認定,日本維新の会,横田 英樹,M019,賛成
D14,14,令和6年度高砂市介護保険事業特別会計歳入歳出決算認定について,認定,日本共産党,大西 由紀,M005,反対
D14,14,令和6年度高砂市介護保険事業特別会計歳入歳出決算認定について,認定,まつかぜ,坂本 まり,M008,賛成
D15,1,高予第1号第8回令和7年度高砂市一般会計補正予算,議決結果 可決,新政会,入江 啓太,M002,賛成
D15,1,高予第1号第8回令和7年度高砂市一般会計補正予算,議決結果 可決,新政会,岩見 明,M004,賛成
D15,1,高予第1号第8回令和7年度高砂市一般会計補正予算,議決結果 可決,新政会,藤森 誠,M015,賛成
D15,1,高予第1号第8回令和7年度高砂市一般会計補正予算,議決結果 可決,川端 宏明（注）,島津 明香,M011,賛成
D15,1,高予第1号第8回令和7年度高砂市一般会計補正予算,議決結果 可決,川端 宏明（注）,今竹 大祐,M003,賛成
D15,1,高予第1号第8回令和7年度高砂市一般会計補正予算,議決結果 可決,公明党,迫川 高行,M009,賛成
D15,1,高予第1号第8回令和7年度高砂市一般会計補正予算,議決結果 可決,公明党,春増 勝利,M014,賛成
D15,1,高予第1号第8回令和7年度高砂市一般会計補正予算,議決結果 可決,公明党,森 秀樹,M017,賛成
D15,1,高予第1号第8回令和7年度高砂市一般会計補正予算,議決結果 可決,明風会,石埼 徹,,賛成
D15,1,高予第1号第8回令和7年度高砂市一般会計補正予算,議決結果 可決,明風会,鷹尾 治久,M013,賛成
D15,1,高予第1号第8回令和7年度高砂市一般会計補正予算,議決結果 可決,明風会,芝本 鎮彰,M010,賛成
D15,1,高予第1号第8回令和7年度高砂市一般会計補正予算,議決結果 可決,未来ネット,鈴木 利信,M012,賛成
D15,1,高予第1号第8回令和7年度高砂市一般会計補正予算,議決結果 可決,未来ネット,北野誠一郎,M007,賛成
D15,1,高予第1号第8回令和7年度高砂市一般会計補正予算,議決結果 可決,民主クラブ,松野 優也,M016,賛成
D15,1,高予第1号第8回令和7年度高砂市一般会計補正予算,議決結果 可決,民主クラブ,山田 光昭,M018,賛成
D15,1,高予第1号第8回令和7年度高砂市一般会計補正予算,議決結果 可決,日本維新の会,横田 英樹,M019,賛成
D15,1,高予第1号第8回令和7年度高砂市一般会計補正予算,議決結果 可決,日本共産党,大西 由紀,M005,反対
D15,1,高予第1号第8回令和7年度高砂市一般会計補正予算,議決結果 可決,まつかぜ,坂本 まり,M008,賛成
D15,2,高予第2号第3回令和7年度高砂市水道事業会計補正予算,議決結果 可決,新政会,入江 啓太,M002,賛成
D15,2,高予第2号第3回令和7年度高砂市水道事業会計補正予算,議決結果 可決,新政会,岩見 明,M004,賛成
D15,2,高予第2号第3回令和7年度高砂市水道事業会計補正予算,議決結果 可決,新政会,藤森 誠,M015,賛成
D15,2,高予第2号第3回令和7年度高砂市水道事業会計補正予算,議決結果 可決,川端 宏明（注）,島津 明香,M011,賛成
D15,2,高予第2号第3回令和7年度高砂市水道事業会計補正予算,議決結果 可決,川端 宏明（注）,今竹 大祐,M003,賛成
D15,2,高予第2号第3回令和7年度高砂市水道事業会計補正予算,議決結果 可決,公明党,迫川 高行,M009,賛成
D15,2,高予第2号第3回令和7年度高砂市水道事業会計補正予算,議決結果 可決,公明党,春増 勝利,M014,賛成
D15,2,高予第2号第3回令和7年度高砂市水道事業会計補正予算,議決結果 可決,公明党,森 秀樹,M017,賛成
D15,2,高予第2号第3回令和7年度高砂市水道事業会計補正予算,議決結果 可決,明風会,石埼 徹,,賛成
D15,2,高予第2号第3回令和7年度高砂市水道事業会計補正予算,議決結果 可決,明風会,鷹尾 治久,M013,賛成
D15,2,高予第2号第3回令和7年度高砂市水道事業会計補正予算,議決結果 可決,明風会,芝本 鎮彰,M010,賛成
D15,2,高予第2号第3回令和7年度高砂市水道事業会計補正予算,議決結果 可決,未来ネット,鈴木 利信,M012,賛成
D15,2,高予第2号第3回令和7年度高砂市水道事業会計補正予算,議決結果 可決,未来ネット,北野誠一郎,M007,賛成
D15,2,高予第2号第3回令和7年度高砂市水道事業会計補正予算,議決結果 可決,民主クラブ,松野 優也,M016,賛成
D15,2,高予第2号第3回令和7年度高砂市水道事業会計補正予算,議決結果 可決,民主クラブ,山田 光昭,M018,賛成
D15,2,高予第2号第3回令和7年度高砂市水道事業会計補正予算,議決結果 可決,日本維新の会,横田 英樹,M019,賛成
D15,2,高予第2号第3回令和7年度高砂市水道事業会計補正予算,議決結果 可決,日本共産党,大西 由紀,M005,賛成
D15,2,高予第2号第3回令和7年度高砂市水道事業会計補正予算,議決結果 可決,まつかぜ,坂本 まり,M008,賛成
D15,3,高議第1号～同第4号、同第6.7号、同第10.11号、同第13号～同第19号、高予第6号～同第9号、同第15号～同第18号,議決結果 可決,新政会,入江 啓太,M002,賛成
D15,3,高議第1号～同第4号、同第6.7号、同第10.11号、同第13号～同第19号、高予第6号～同第9号、同第15号～同第18号,議決結果 可決,新政会,岩見 明,M004,賛成
D15,3,高議第1号～同第4号、同第6.7号、同第10.11号、同第13号～同第19号、高予第6号～同第9号、同第15号～同第18号,議決結果 可決,新政会,藤森 誠,M015,賛成
D15,3,高議第1号～同第4号、同第6.7号、同第10.11号、同第13号～同第19号、高予第6号～同第9号、同第15号～同第18号,議決結果 可決,川端 宏明（注）,島津 明香,M011,賛成
D15,3,高議第1号～同第4号、同第6.7号、同第10.11号、同第13号～同第19号、高予第6号～同第9号、同第15号～同第18号,議決結果 可決,川端 宏明（注）,今竹 大祐,M003,賛成
D15,3,高議第1号～同第4号、同第6.7号、同第10.11号、同第13号～同第19号、高予第6号～同第9号、同第15号～同第18号,議決結果 可決,公明党,迫川 高行,M009,賛成
D15,3,高議第1号～同第4号、同第6.7号、同第10.11号、同第13号～同第19号、高予第6号～同第9号、同第15号～同第18号,議決結果 可決,公明党,春増 勝利,M014,賛成
D15,3,高議第1号～同第4号、同第6.7号、同第10.11号、同第13号～同第19号、高予第6号～同第9号、同第15号～同第18号,議決結果 可決,公明党,森 秀樹,M017,賛成
D15,3,高議第1号～同第4号、同第6.7号、同第10.11号、同第13号～同第19号、高予第6号～同第9号、同第15号～同第18号,議決結果 可決,明風会,石埼 徹,,賛成
D15,3,高議第1号～同第4号、同第6.7号、同第10.11号、同第13号～同第19号、高予第6号～同第9号、同第15号～同第18号,議決結果 可決,明風会,鷹尾 治久,M013,賛成
D15,3,高議第1号～同第4号、同第6.7号、同第10.11号、同第13号～同第19号、高予第6号～同第9号、同第15号～同第18号,議決結果 可決,明風会,芝本 鎮彰,M010,賛成
D15,3,高議第1号～同第4号、同第6.7号、同第10.11号、同第13号～同第19号、高予第6号～同第9号、同第15号～同第18号,議決結果 可決,未来ネット,鈴木 利信,M012,賛成
D15,3,高議第1号～同第4号、同第6.7号、同第10.11号、同第13号～同第19号、高予第6号～同第9号、同第15号～同第18号,議決結果 可決,未来ネット,北野誠一郎,M007,賛成
D15,3,高議第1号～同第4号、同第6.7号、同第10.11号、同第13号～同第19号、高予第6号～同第9号、同第15号～同第18号,議決結果 可決,民主クラブ,松野 優也,M016,賛成
D15,3,高議第1号～同第4号、同第6.7号、同第10.11号、同第13号～同第19号、高予第6号～同第9号、同第15号～同第18号,議決結果 可決,民主クラブ,山田 光昭,M018,賛成
D15,3,高議第1号～同第4号、同第6.7号、同第10.11号、同第13号～同第19号、高予第6号～同第9号、同第15号～同第18号,議決結果 可決,日本維新の会,横田 英樹,M019,賛成
D15,3,高議第1号～同第4号、同第6.7号、同第10.11号、同第13号～同第19号、高予第6号～同第9号、同第15号～同第18号,議決結果 可決,日本共産党,大西 由紀,M005,賛成
D15,3,高議第1号～同第4号、同第6.7号、同第10.11号、同第13号～同第19号、高予第6号～同第9号、同第15号～同第18号,議決結果 可決,まつかぜ,坂本 まり,M008,賛成
D15,4,高議第5号、同第8.9号、同第12号、高予第3号～同第5号、同第10号～同第14号,議決結果 可決,新政会,入江 啓太,M002,賛成
D15,4,高議第5号、同第8.9号、同第12号、高予第3号～同第5号、同第10号～同第14号,議決結果 可決,新政会,岩見 明,M004,賛成
D15,4,高議第5号、同第8.9号、同第12号、高予第3号～同第5号、同第10号～同第14号,議決結果 可決,新政会,藤森 誠,M015,賛成
D15,4,高議第5号、同第8.9号、同第12号、高予第3号～同第5号、同第10号～同第14号,議決結果 可決,川端 宏明（注）,島津 明香,M011,賛成
D15,4,高議第5号、同第8.9号、同第12号、高予第3号～同第5号、同第10号～同第14号,議決結果 可決,川端 宏明（注）,今竹 大祐,M003,賛成
D15,4,高議第5号、同第8.9号、同第12号、高予第3号～同第5号、同第10号～同第14号,議決結果 可決,公明党,迫川 高行,M009,賛成
D15,4,高議第5号、同第8.9号、同第12号、高予第3号～同第5号、同第10号～同第14号,議決結果 可決,公明党,春増 勝利,M014,賛成
D15,4,高議第5号、同第8.9号、同第12号、高予第3号～同第5号、同第10号～同第14号,議決結果 可決,公明党,森 秀樹,M017,賛成
D15,4,高議第5号、同第8.9号、同第12号、高予第3号～同第5号、同第10号～同第14号,議決結果 可決,明風会,石埼 徹,,賛成
D15,4,高議第5号、同第8.9号、同第12号、高予第3号～同第5号、同第10号～同第14号,議決結果 可決,明風会,鷹尾 治久,M013,賛成
D15,4,高議第5号、同第8.9号、同第12号、高予第3号～同第5号、同第10号～同第14号,議決結果 可決,明風会,芝本 鎮彰,M010,賛成
D15,4,高議第5号、同第8.9号、同第12号、高予第3号～同第5号、同第10号～同第14号,議決結果 可決,未来ネット,鈴木 利信,M012,賛成
D15,4,高議第5号、同第8.9号、同第12号、高予第3号～同第5号、同第10号～同第14号,議決結果 可決,未来ネット,北野誠一郎,M007,賛成
D15,4,高議第5号、同第8.9号、同第12号、高予第3号～同第5号、同第10号～同第14号,議決結果 可決,民主クラブ,松野 優也,M016,賛成
D15,4,高議第5号、同第8.9号、同第12号、高予第3号～同第5号、同第10号～同第14号,議決結果 可決,民主クラブ,山田 光昭,M018,賛成
D15,4,高議第5号、同第8.9号、同第12号、高予第3号～同第5号、同第10号～同第14号,議決結果 可決,日本維新の会,横田 英樹,M019,賛成
D15,4,高議第5号、同第8.9号、同第12号、高予第3号～同第5号、同第10号～同第14号,議決結果 可決,日本共産党,大西 由紀,M005,反対
D15,4,高議第5号、同第8.9号、同第12号、高予第3号～同第5号、同第10号～同第14号,議決結果 可決,まつかぜ,坂本 まり,M008,賛成
D15,4,高議第5号、同第8.9号、同第12号、高予第3号～同第5号、同第10号～同第14号,議決結果 可決,新政会,入江 啓太,M002,反対
D15,4,高議第5号、同第8.9号、同第12号、高予第3号～同第5号、同第10号～同第14号,議決結果 可決,新政会,岩見 明,M004,反対
D15,4,高議第5号、同第8.9号、同第12号、高予第3号～同第5号、同第10号～同第14号,議決結果 可決,新政会,藤森 誠,M015,反対
D15,4,高議第5号、同第8.9号、同第12号、高予第3号～同第5号、同第10号～同第14号,議決結果 可決,川端 宏明（注）,島津 明香,M011,反対
D15,4,高議第5号、同第8.9号、同第12号、高予第3号～同第5号、同第10号～同第14号,議決結果 可決,川端 宏明（注）,今竹 大祐,M003,反対
D15,4,高議第5号、同第8.9号、同第12号、高予第3号～同第5号、同第10号～同第14号,議決結果 可決,公明党,迫川 高行,M009,反対
D15,4,高議第5号、同第8.9号、同第12号、高予第3号～同第5号、同第10号～同第14号,議決結果 可決,公明党,春増 勝利,M014,反対
D15,4,高議第5号、同第8.9号、同第12号、高予第3号～同第5号、同第10号～同第14号,議決結果 可決,公明党,森 秀樹,M017,反対
D15,4,高議第5号、同第8.9号、同第12号、高予第3号～同第5号、同第10号～同第14号,議決結果 可決,明風会,石埼 徹,,反対
D15,4,高議第5号、同第8.9号、同第12号、高予第3号～同第5号、同第10号～同第14号,議決結果 可決,明風会,鷹尾 治久,M013,反対
D15,4,高議第5号、同第8.9号、同第12号、高予第3号～同第5号、同第10号～同第14号,議決結果 可決,明風会,芝本 鎮彰,M010,反対
D15,4,高議第5号、同第8.9号、同第12号、高予第3号～同第5号、同第10号～同第14号,議決結果 可決,未来ネット,鈴木 利信,M012,反対
D15,4,高議第5号、同第8.9号、同第12号、高予第3号～同第5号、同第10号～同第14号,議決結果 可決,未来ネット,北野誠一郎,M007,反対
D15,4,高議第5号、同第8.9号、同第12号、高予第3号～同第5号、同第10号～同第14号,議決結果 可決,民主クラブ,松野 優也,M016,反対
D15,4,高議第5号、同第8.9号、同第12号、高予第3号～同第5号、同第10号～同第14号,議決結果 可決,民主クラブ,山田 光昭,M018,反対
D15,4,高議第5号、同第8.9号、同第12号、高予第3号～同第5号、同第10号～同第14号,議決結果 可決,日本維新の会,横田 英樹,M019,反対
D15,4,高議第5号、同第8.9号、同第12号、高予第3号～同第5号、同第10号～同第14号,議決結果 可決,日本共産党,大西 由紀,M005,反対
D15,4,高議第5号、同第8.9号、同第12号、高予第3号～同第5号、同第10号～同第14号,議決結果 可決,まつかぜ,坂本 まり,M008,反対
D16,1,高予第19号、同第20号,可決,新政会,入江 啓太,M002,賛成
D16,1,高予第19号、同第20号,可決,川端 宏明 （注）,島津 明香,M011,賛成
D16,1,高予第19号、同第20号,可決,川端 宏明 （注）,今竹 大祐,M003,賛成
D16,1,高予第19号、同第20号,可決,公明党,迫川 高行,M009,賛成
D16,1,高予第19号、同第20号,可決,公明党,春増 勝利,M014,賛成
D16,1,高予第19号、同第20号,可決,石埼  徹 賛成,鷹尾 治久,M013,賛成
D16,1,高予第19号、同第20号,可決,石埼  徹 賛成,芝本 鎮彰,M010,賛成
D16,1,高予第19号、同第20号,可決,未来ネット,鈴木 利信,M012,賛成
D16,1,高予第19号、同第20号,可決,未来ネット,北野 誠一郎,M007,賛成
D16,1,高予第19号、同第20号,可決,民主クラブ,松野 優也,M016,賛成
D16,1,高予第19号、同第20号,可決,民主クラブ,山田 光昭,M018,賛成
D16,1,高予第19号、同第20号,可決,日本維新の会,横田 英樹,M019,賛成
D16,1,高予第19号、同第20号,可決,日本共産党,大西 由紀,M005,賛成
D16,1,高予第19号、同第20号,可決,まつかぜ,坂本 まり,M008,賛成
D16,2,高議第22号,可決,新政会,入江 啓太,M002,賛成
D16,2,高議第22号,可決,新政会,岩見 明,M004,賛成
D16,2,高議第22号,可決,新政会,藤森 誠,M015,賛成
D16,2,高議第22号,可決,川端 宏明 （注）,島津 明香,M011,賛成
D16,2,高議第22号,可決,川端 宏明 （注）,今竹 大祐,M003,賛成
D16,2,高議第22号,可決,公明党,迫川 高行,M009,賛成
D16,2,高議第22号,可決,公明党,春増 勝利,M014,賛成
D16,2,高議第22号,可決,公明党,森 秀樹,M017,賛成
D16,2,高議第22号,可決,石崎  徹 賛成,鷹尾 治久,M013,賛成
D16,2,高議第22号,可決,石崎  徹 賛成,芝本 鎮彰,M010,賛成
D16,2,高議第22号,可決,未来ネット,鈴木 利信,M012,賛成
D16,2,高議第22号,可決,未来ネット,北野 誠一郎,M007,賛成
D16,2,高議第22号,可決,民主クラブ,松野 優也,M016,賛成
D16,2,高議第22号,可決,民主クラブ,山田 光昭,M018,賛成
D16,2,高議第22号,可決,日本維新の会,横田 英樹,M019,反対
D16,2,高議第22号,可決,日本共産党,大西 由紀,M005,反対
D16,2,高議第22号,可決,まつかぜ,坂本 まり,M008,賛成
D16,3,高議第23号,可決,新政会,入江 啓太,M002,賛成
D16,3,高議第23号,可決,新政会,岩見 明,M004,賛成
D16,3,高議第23号,可決,新政会,藤森 誠,M015,賛成
D16,3,高議第23号,可決,川端 宏明 （注）,島津 明香,M011,賛成
D16,3,高議第23号,可決,川端 宏明 （注）,今竹 大祐,M003,賛成
D16,3,高議第23号,可決,公明党,迫川 高行,M009,賛成
D16,3,高議第23号,可決,公明党,春増 勝利,M014,賛成
D16,3,高議第23号,可決,公明党,森 秀樹,M017,賛成
D16,3,高議第23号,可決,石崎  徹 賛成,鷹尾 治久,M013,賛成
D16,3,高議第23号,可決,石崎  徹 賛成,芝本 鎮彰,M010,賛成
D16,3,高議第23号,可決,未来ネット,鈴木 利信,M012,賛成
D16,3,高議第23号,可決,未来ネット,北野 誠一郎,M007,賛成
D16,3,高議第23号,可決,民主クラブ,松野 優也,M016,賛成
D16,3,高議第23号,可決,民主クラブ,山田 光昭,M018,賛成
D16,3,高議第23号,可決,日本維新の会,横田 英樹,M019,賛成
D16,3,高議第23号,可決,日本共産党,大西 由紀,M005,反対
D16,3,高議第23号,可決,まつかぜ,坂本 まり,M008,賛成
D16,4,高予第21号,可決,新政会,入江 啓太,M002,賛成
D16,4,高予第21号,可決,新政会,岩見 明,M004,賛成
D16,4,高予第21号,可決,新政会,藤森 誠,M015,賛成
D16,4,高予第21号,可決,川端 宏明 （注）,島津 明香,M011,賛成
D16,4,高予第21号,可決,川端 宏明 （注）,今竹 大祐,M003,賛成
D16,4,高予第21号,可決,公明党,迫川 高行,M009,賛成
D16,4,高予第21号,可決,公明党,春増 勝利,M014,賛成
D16,4,高予第21号,可決,公明党,森 秀樹,M017,賛成
D16,4,高予第21号,可決,明風会,石埼 徹,,賛成
D16,4,高予第21号,可決,明風会,鷹尾 治久,M013,賛成
D16,4,高予第21号,可決,明風会,芝本 鎮彰,M010,賛成
D16,4,高予第21号,可決,未来ネット,鈴木 利信,M012,賛成
D16,4,高予第21号,可決,未来ネット,北野 誠一郎,M007,賛成
D16,4,高予第21号,可決,民主クラブ,松野 優也,M016,賛成
D16,4,高予第21号,可決,民主クラブ,山田 光昭,M018,賛成
D16,4,高予第21号,可決,日本維新の会,横田 英樹,M019,賛成
D16,4,高予第21号,可決,日本共産党,大西 由紀,M005,反対
D16,4,高予第21号,可決,まつかぜ,坂本 まり,M008,賛成
D16,5,高議第24号～同第29号、同第32号、高予第23号～同第25号,可決,新政会,入江 啓太,M002,賛成
D16,5,高議第24号～同第29号、同第32号、高予第23号～同第25号,可決,川端 宏明 （注）,島津 明香,M011,賛成
D16,5,高議第24号～同第29号、同第32号、高予第23号～同第25号,可決,川端 宏明 （注）,今竹 大祐,M003,賛成
D16,5,高議第24号～同第29号、同第32号、高予第23号～同第25号,可決,公明党,迫川 高行,M009,賛成
D16,5,高議第24号～同第29号、同第32号、高予第23号～同第25号,可決,公明党,春増 勝利,M014,賛成
D16,5,高議第24号～同第29号、同第32号、高予第23号～同第25号,可決,明風会,石埼 徹,,賛成
D16,5,高議第24号～同第29号、同第32号、高予第23号～同第25号,可決,明風会,鷹尾 治久,M013,賛成
D16,5,高議第24号～同第29号、同第32号、高予第23号～同第25号,可決,明風会,芝本 鎮彰,M010,賛成
D16,5,高議第24号～同第29号、同第32号、高予第23号～同第25号,可決,未来ネット,鈴木 利信,M012,賛成
D16,5,高議第24号～同第29号、同第32号、高予第23号～同第25号,可決,未来ネット,北野 誠一郎,M007,賛成
D16,5,高議第24号～同第29号、同第32号、高予第23号～同第25号,可決,民主クラブ,松野 優也,M016,賛成
D16,5,高議第24号～同第29号、同第32号、高予第23号～同第25号,可決,民主クラブ,山田 光昭,M018,賛成
D16,5,高議第24号～同第29号、同第32号、高予第23号～同第25号,可決,日本維新の会,横田 英樹,M019,賛成
D16,5,高議第24号～同第29号、同第32号、高予第23号～同第25号,可決,日本共産党,大西 由紀,M005,賛成
D16,5,高議第24号～同第29号、同第32号、高予第23号～同第25号,可決,まつかぜ,坂本 まり,M008,賛成
D16,6,高予第22号,可決,新政会,入江 啓太,M002,賛成
D16,6,高予第22号,可決,川端 宏明 （注）,島津 明香,M011,賛成
D16,6,高予第22号,可決,川端 宏明 （注）,今竹 大祐,M003,賛成
D16,6,高予第22号,可決,公明党,迫川 高行,M009,賛成
D16,6,高予第22号,可決,公明党,春増 勝利,M014,賛成
D16,6,高予第22号,可決,明風会,石埼 徹,,賛成
D16,6,高予第22号,可決,明風会,鷹尾 治久,M013,賛成
D16,6,高予第22号,可決,明風会,芝本 鎮彰,M010,賛成
D16,6,高予第22号,可決,未来ネット,鈴木 利信,M012,賛成
D16,6,高予第22号,可決,未来ネット,北野 誠一郎,M007,賛成
D16,6,高予第22号,可決,民主クラブ,松野 優也,M016,賛成
D16,6,高予第22号,可決,民主クラブ,山田 光昭,M018,賛成
D16,6,高予第22号,可決,日本維新の会,横田 英樹,M019,賛成
D16,6,高予第22号,可決,日本共産党,大西 由紀,M005,反対
D16,6,高予第22号,可決,まつかぜ,坂本 まり,M008,賛成
D16,7,mRNAワクチン（レプリコンワクチンを含む）接種事業中止の意見書提出を求める陳情書,不採択,新政会,入江 啓太,M002,反対
D16,7,mRNAワクチン（レプリコンワクチンを含む）接種事業中止の意見書提出を求める陳情書,不採択,川端 宏明 （注）,島津 明香,M011,反対
D16,7,mRNAワクチン（レプリコンワクチンを含む）接種事業中止の意見書提出を求める陳情書,不採択,川端 宏明 （注）,今竹 大祐,M003,反対
D16,7,mRNAワクチン（レプリコンワクチンを含む）接種事業中止の意見書提出を求める陳情書,不採択,公明党,迫川 高行,M009,反対
D16,7,mRNAワクチン（レプリコンワクチンを含む）接種事業中止の意見書提出を求める陳情書,不採択,公明党,春増 勝利,M014,反対
D16,7,mRNAワクチン（レプリコンワクチンを含む）接種事業中止の意見書提出を求める陳情書,不採択,石埼  徹 反対,鷹尾 治久,M013,反対
D16,7,mRNAワクチン（レプリコンワクチンを含む）接種事業中止の意見書提出を求める陳情書,不採択,石埼  徹 反対,芝本 鎮彰,M010,反対
D16,7,mRNAワクチン（レプリコンワクチンを含む）接種事業中止の意見書提出を求める陳情書,不採択,未来ネット,鈴木 利信,M012,反対
D16,7,mRNAワクチン（レプリコンワクチンを含む）接種事業中止の意見書提出を求める陳情書,不採択,未来ネット,北野 誠一郎,M007,反対
D16,7,mRNAワクチン（レプリコンワクチンを含む）接種事業中止の意見書提出を求める陳情書,不採択,民主クラブ,松野 優也,M016,反対
D16,7,mRNAワクチン（レプリコンワクチンを含む）接種事業中止の意見書提出を求める陳情書,不採択,民主クラブ,山田 光昭,M018,反対
D16,7,mRNAワクチン（レプリコンワクチンを含む）接種事業中止の意見書提出を求める陳情書,不採択,日本維新の会,横田 英樹,M019,反対
D16,7,mRNAワクチン（レプリコンワクチンを含む）接種事業中止の意見書提出を求める陳情書,不採択,日本共産党,大西 由紀,M005,反対
D16,7,mRNAワクチン（レプリコンワクチンを含む）接種事業中止の意見書提出を求める陳情書,不採択,まつかぜ,坂本 まり,M008,反対
D16,8,子どものゆたかな学びと育ちを保障するための2027年度政府予算に係る件,採択,新政会,入江 啓太,M002,賛成
D16,8,子どものゆたかな学びと育ちを保障するための2027年度政府予算に係る件,採択,川端 宏明 （注）,島津 明香,M011,賛成
D16,8,子どものゆたかな学びと育ちを保障するための2027年度政府予算に係る件,採択,川端 宏明 （注）,今竹 大祐,M003,賛成
D16,8,子どものゆたかな学びと育ちを保障するための2027年度政府予算に係る件,採択,公明党,迫川 高行,M009,賛成
D16,8,子どものゆたかな学びと育ちを保障するための2027年度政府予算に係る件,採択,公明党,春増 勝利,M014,賛成
D16,8,子どものゆたかな学びと育ちを保障するための2027年度政府予算に係る件,採択,石埼  徹 賛成,鷹尾 治久,M013,賛成
D16,8,子どものゆたかな学びと育ちを保障するための2027年度政府予算に係る件,採択,石埼  徹 賛成,芝本 鎮彰,M010,賛成
D16,8,子どものゆたかな学びと育ちを保障するための2027年度政府予算に係る件,採択,未来ネット,鈴木 利信,M012,賛成
D16,8,子どものゆたかな学びと育ちを保障するための2027年度政府予算に係る件,採択,未来ネット,北野 誠一郎,M007,賛成
D16,8,子どものゆたかな学びと育ちを保障するための2027年度政府予算に係る件,採択,民主クラブ,松野 優也,M016,賛成
D16,8,子どものゆたかな学びと育ちを保障するための2027年度政府予算に係る件,採択,民主クラブ,山田 光昭,M018,賛成
D16,8,子どものゆたかな学びと育ちを保障するための2027年度政府予算に係る件,採択,日本維新の会,横田 英樹,M019,賛成
D16,8,子どものゆたかな学びと育ちを保障するための2027年度政府予算に係る件,採択,日本共産党,大西 由紀,M005,賛成
D16,8,子どものゆたかな学びと育ちを保障するための2027年度政府予算に係る件,採択,まつかぜ,坂本 まり,M008,賛成
D16,9,高すぎる国民健康保険料の引き下げ、抜本的改善を求める陳情,不採択,新政会,入江 啓太,M002,反対
D16,9,高すぎる国民健康保険料の引き下げ、抜本的改善を求める陳情,不採択,川端 宏明 （注）,島津 明香,M011,反対
D16,9,高すぎる国民健康保険料の引き下げ、抜本的改善を求める陳情,不採択,川端 宏明 （注）,今竹 大祐,M003,反対
D16,9,高すぎる国民健康保険料の引き下げ、抜本的改善を求める陳情,不採択,公明党,迫川 高行,M009,反対
D16,9,高すぎる国民健康保険料の引き下げ、抜本的改善を求める陳情,不採択,公明党,春増 勝利,M014,反対
D16,9,高すぎる国民健康保険料の引き下げ、抜本的改善を求める陳情,不採択,明風会,石埼 徹,,反対
D16,9,高すぎる国民健康保険料の引き下げ、抜本的改善を求める陳情,不採択,明風会,鷹尾 治久,M013,反対
D16,9,高すぎる国民健康保険料の引き下げ、抜本的改善を求める陳情,不採択,明風会,芝本 鎮彰,M010,反対
D16,9,高すぎる国民健康保険料の引き下げ、抜本的改善を求める陳情,不採択,未来ネット,鈴木 利信,M012,反対
D16,9,高すぎる国民健康保険料の引き下げ、抜本的改善を求める陳情,不採択,未来ネット,北野 誠一郎,M007,反対
D16,9,高すぎる国民健康保険料の引き下げ、抜本的改善を求める陳情,不採択,民主クラブ,松野 優也,M016,反対
D16,9,高すぎる国民健康保険料の引き下げ、抜本的改善を求める陳情,不採択,民主クラブ,山田 光昭,M018,反対
D16,9,高すぎる国民健康保険料の引き下げ、抜本的改善を求める陳情,不採択,日本維新の会,横田 英樹,M019,反対
D16,9,高すぎる国民健康保険料の引き下げ、抜本的改善を求める陳情,不採択,日本共産党,大西 由紀,M005,賛成
D16,9,高すぎる国民健康保険料の引き下げ、抜本的改善を求める陳情,不採択,まつかぜ,坂本 まり,M008,反対
